Date,TA,M,RB,FG,MA,HC,V,SA,RM,AG
2019-12-06,202001,202005,202001,202001,202001,202001,202001,202005,202001,202002
2019-12-09,202001,202005,202001,202001,202001,202001,202001,202005,202001,202002
2019-12-10,202001,202005,202001,202001,202001,202001,202001,202005,202001,202002
2019-12-11,202001,202005,202001,202001,202001,202001,202001,202005,202001,202002
2019-12-12,202001,202005,202001,202001,202001,202001,202001,202005,202001,202002
2019-12-13,202001,202005,202001,202001,202001,202001,202001,202005,202001,202002
2019-12-16,202001,202005,202001,202001,202001,202001,202001,202005,202001,202002
2019-12-17,202003,202005,202001,202001,202001,202001,202001,202005,202001,202002
2019-12-18,202003,202005,202001,202001,202001,202001,202001,202005,202001,202002
2019-12-19,202003,202005,202001,202001,202001,202001,202001,202005,202001,202002
2019-12-20,202003,202005,202001,202001,202001,202001,202001,202005,202005,202002
2019-12-23,202003,202005,202001,202001,202001,202001,202001,202005,202005,202002
2019-12-24,202003,202005,202001,202005,202001,202001,202001,202005,202005,202002
2019-12-25,202003,202005,202001,202005,202001,202001,202001,202005,202005,202002
2019-12-26,202003,202005,202001,202005,202001,202001,202001,202005,202005,202002
2019-12-27,202003,202005,202001,202005,202001,202001,202001,202005,202005,202002
2019-12-30,202003,202005,202001,202005,202001,202001,202001,202005,202005,202002
2019-12-31,202003,202005,202001,202005,202001,202001,202005,202005,202005,202002
2020-01-02,202003,202005,202005,202005,202005,202005,202005,202005,202005,202002
2020-01-03,202003,202005,202005,202005,202005,202005,202005,202005,202005,202002
2020-01-06,202003,202005,202005,202005,202005,202005,202005,202005,202005,202002
2020-01-07,202003,202005,202005,202005,202005,202005,202005,202005,202005,202002
2020-01-08,202003,202005,202005,202005,202005,202005,202005,202005,202005,202002
2020-01-09,202005,202005,202005,202005,202005,202005,202005,202005,202005,202004
2020-01-10,202005,202005,202005,202005,202005,202005,202005,202005,202005,202004
2020-01-13,202003,202005,202005,202005,202005,202005,202005,202005,202005,202004
2020-01-14,202003,202005,202005,202005,202005,202005,202005,202005,202005,202004
2020-01-15,202003,202005,202005,202005,202005,202005,202005,202005,202005,202004
2020-01-16,202003,202005,202005,202005,202005,202005,202005,202005,202005,202004
2020-01-17,202003,202005,202005,202005,202005,202005,202005,202005,202005,202004
2020-01-20,202003,202005,202005,202005,202005,202005,202005,202005,202005,202004
2020-01-21,202003,202005,202005,202005,202005,202005,202005,202005,202005,202004
2020-01-22,202005,202005,202005,202005,202005,202005,202005,202005,202005,202004
2020-01-23,202005,202005,202005,202005,202005,202005,202005,202005,202005,202004
2020-02-03,202005,202005,202005,202005,202005,202005,202005,202005,202005,202004
2020-02-04,202005,202005,202005,202005,202005,202005,202005,202005,202005,202004
2020-02-05,202005,202005,202005,202005,202005,202005,202005,202005,202005,202004
2020-02-06,202005,202005,202005,202005,202005,202005,202005,202005,202005,202004
2020-02-07,202005,202005,202005,202005,202005,202005,202005,202005,202005,202004
2020-02-10,202005,202005,202005,202005,202005,202005,202005,202005,202005,202004
2020-02-11,202005,202005,202005,202005,202005,202005,202005,202005,202005,202004
2020-02-12,202005,202005,202005,202005,202005,202005,202005,202005,202005,202004
2020-02-13,202005,202005,202005,202005,202005,202005,202005,202005,202005,202004
2020-02-14,202005,202005,202005,202005,202005,202005,202005,202005,202005,202004
2020-02-17,202005,202005,202005,202005,202005,202005,202005,202005,202005,202004
2020-02-18,202005,202005,202005,202005,202005,202005,202005,202005,202005,202004
2020-02-19,202005,202005,202005,202005,202005,202005,202005,202005,202005,202004
2020-02-20,202005,202005,202005,202005,202005,202005,202005,202005,202005,202004
2020-02-21,202005,202005,202005,202005,202005,202005,202005,202005,202005,202004
2020-02-24,202005,202005,202005,202005,202005,202005,202005,202005,202005,202004
2020-02-25,202005,202005,202005,202005,202005,202005,202005,202005,202005,202004
2020-02-26,202005,202005,202005,202005,202005,202005,202005,202005,202005,202004
2020-02-27,202005,202005,202005,202005,202005,202005,202005,202005,202005,202004
2020-02-28,202005,202005,202005,202005,202005,202005,202005,202005,202005,202004
2020-03-02,202005,202005,202005,202005,202005,202005,202005,202005,202005,202006
2020-03-03,202005,202005,202005,202005,202005,202005,202005,202005,202005,202006
2020-03-04,202005,202005,202005,202005,202005,202005,202005,202005,202005,202006
2020-03-05,202005,202005,202005,202005,202005,202005,202005,202005,202005,202006
2020-03-06,202005,202005,202005,202005,202005,202005,202005,202005,202005,202006
2020-03-09,202005,202005,202005,202005,202005,202005,202005,202005,202005,202006
2020-03-10,202005,202005,202005,202005,202005,202005,202005,202005,202005,202006
2020-03-11,202005,202005,202005,202005,202005,202005,202005,202005,202005,202006
2020-03-12,202005,202005,202005,202005,202005,202005,202005,202005,202005,202006
2020-03-13,202005,202005,202005,202005,202005,202005,202005,202005,202005,202006
2020-03-16,202005,202005,202005,202005,202005,202005,202005,202005,202005,202006
2020-03-17,202005,202005,202005,202005,202005,202005,202005,202005,202005,202006
2020-03-18,202005,202005,202005,202005,202005,202005,202005,202005,202005,202006
2020-03-19,202005,202005,202005,202005,202005,202005,202005,202005,202005,202006
2020-03-20,202005,202005,202005,202005,202005,202005,202005,202005,202005,202006
2020-03-23,202005,202005,202005,202005,202005,202005,202005,202005,202005,202006
2020-03-24,202005,202005,202005,202005,202005,202005,202005,202005,202005,202006
2020-03-25,202005,202005,202005,202005,202005,202005,202005,202005,202005,202006
2020-03-26,202005,202005,202005,202005,202005,202005,202005,202005,202005,202006
2020-03-27,202005,202005,202005,202005,202005,202005,202005,202005,202005,202006
2020-03-30,202005,202005,202005,202005,202005,202005,202005,202005,202005,202006
2020-03-31,202005,202005,202005,202005,202005,202005,202005,202005,202005,202006
2020-04-01,202005,202005,202005,202005,202005,202005,202005,202005,202005,202006
2020-04-02,202005,202005,202005,202005,202005,202005,202005,202005,202005,202006
2020-04-03,202005,202005,202005,202005,202005,202005,202005,202005,202005,202006
2020-04-07,202005,202005,202005,202005,202005,202005,202005,202005,202005,202006
2020-04-08,202005,202005,202005,202005,202005,202005,202005,202005,202005,202006
2020-04-09,202005,202005,202005,202005,202005,202005,202005,202005,202005,202006
2020-04-10,202005,202005,202005,202005,202005,202005,202005,202005,202005,202006
2020-04-13,202005,202005,202005,202008,202005,202005,202005,202005,202005,202006
2020-04-14,202005,202005,202005,202008,202005,202005,202005,202005,202005,202006
2020-04-15,202005,202005,202005,202008,202005,202005,202005,202005,202005,202006
2020-04-16,202005,202005,202005,202008,202005,202005,202006,202005,202005,202006
2020-04-17,202005,202005,202005,202008,202005,202005,202009,202005,202005,202006
2020-04-20,202005,202005,202005,202008,202005,202005,202009,202005,202005,202006
2020-04-21,202005,202005,202005,202008,202005,202005,202009,202005,202009,202006
2020-04-22,202009,202009,202010,202008,202005,202005,202009,202005,202009,202006
2020-04-23,202009,202009,202010,202008,202005,202010,202009,202005,202009,202006
2020-04-24,202009,202009,202010,202008,202005,202010,202009,202005,202009,202006
2020-04-27,202009,202009,202010,202008,202005,202010,202009,202005,202009,202006
2020-04-28,202009,202009,202010,202008,202005,202010,202009,202005,202009,202006
2020-04-29,202009,202009,202010,202008,202009,202010,202009,202005,202009,202006
2020-04-30,202009,202009,202010,202008,202009,202010,202009,202005,202009,202006
2020-05-06,202009,202009,202010,202008,202009,202010,202009,202009,202009,202006
2020-05-07,202009,202009,202010,202008,202009,202010,202009,202009,202009,202006
2020-05-08,202009,202009,202010,202008,202009,202010,202009,202009,202009,202006
2020-05-11,202009,202009,202010,202008,202009,202010,202009,202009,202009,202006
2020-05-12,202009,202009,202010,202008,202009,202010,202009,202009,202009,202006
2020-05-13,202009,202009,202010,202008,202009,202010,202009,202009,202009,202006
2020-05-14,202009,202009,202010,202008,202009,202010,202009,202009,202009,202006
2020-05-15,202009,202009,202010,202008,202009,202010,202009,202009,202009,202006
2020-05-18,202009,202009,202010,202008,202009,202010,202009,202009,202009,202006
2020-05-19,202009,202009,202010,202008,202009,202010,202009,202009,202009,202006
2020-05-20,202009,202009,202010,202008,202009,202010,202009,202009,202009,202006
2020-05-21,202009,202009,202010,202008,202009,202010,202009,202009,202009,202006
2020-05-22,202009,202009,202010,202008,202007,202010,202009,202009,202009,202006
2020-05-25,202009,202009,202010,202008,202007,202010,202009,202009,202009,202008
2020-05-26,202009,202009,202010,202008,202007,202010,202009,202009,202009,202008
2020-05-27,202009,202009,202010,202008,202007,202010,202009,202009,202009,202008
2020-05-28,202009,202009,202010,202008,202007,202010,202009,202009,202009,202008
2020-05-29,202009,202009,202010,202008,202007,202010,202009,202009,202009,202009
2020-06-01,202009,202009,202010,202008,202009,202010,202009,202009,202009,202009
2020-06-02,202009,202009,202010,202008,202009,202010,202009,202009,202009,202009
2020-06-03,202009,202009,202010,202008,202009,202010,202009,202009,202009,202009
2020-06-04,202009,202009,202010,202008,202009,202010,202009,202009,202009,202009
2020-06-05,202009,202009,202010,202008,202009,202010,202009,202009,202009,202009
2020-06-08,202009,202009,202010,202008,202009,202010,202009,202009,202009,202009
2020-06-09,202009,202009,202010,202008,202009,202010,202009,202009,202009,202009
2020-06-10,202009,202009,202010,202008,202009,202010,202009,202009,202009,202009
2020-06-11,202009,202009,202010,202008,202009,202010,202009,202009,202009,202009
2020-06-12,202009,202009,202010,202008,202009,202010,202009,202009,202009,202009
2020-06-15,202009,202009,202010,202008,202009,202010,202009,202009,202009,202009
2020-06-16,202009,202009,202010,202008,202009,202010,202009,202009,202009,202009
2020-06-17,202009,202009,202010,202008,202009,202010,202009,202009,202009,202009
2020-06-18,202009,202009,202010,202008,202009,202010,202009,202009,202009,202009
2020-06-19,202009,202009,202010,202008,202009,202010,202009,202009,202009,202009
2020-06-22,202009,202009,202010,202008,202009,202010,202009,202009,202009,202009
2020-06-23,202009,202009,202010,202008,202009,202010,202009,202009,202009,202009
2020-06-24,202009,202009,202010,202008,202009,202010,202009,202009,202009,202009
2020-06-29,202009,202009,202010,202008,202009,202010,202009,202009,202009,202010
2020-06-30,202009,202009,202010,202008,202009,202010,202009,202009,202009,202010
2020-07-01,202009,202009,202010,202008,202009,202010,202009,202009,202009,202010
2020-07-02,202009,202009,202010,202008,202009,202010,202009,202009,202009,202010
2020-07-03,202009,202009,202010,202009,202009,202010,202009,202009,202009,202010
2020-07-06,202009,202009,202010,202009,202009,202010,202009,202009,202009,202010
2020-07-07,202009,202009,202010,202009,202009,202010,202009,202009,202009,202010
2020-07-08,202009,202009,202010,202009,202009,202010,202009,202009,202009,202010
2020-07-09,202009,202009,202010,202009,202009,202010,202009,202009,202009,202010
2020-07-10,202009,202009,202010,202009,202009,202010,202009,202009,202009,202010
2020-07-13,202009,202009,202010,202009,202009,202010,202009,202009,202009,202010
2020-07-14,202009,202009,202010,202009,202009,202010,202009,202009,202009,202010
2020-07-15,202009,202009,202010,202009,202009,202010,202009,202009,202009,202010
2020-07-16,202009,202009,202010,202009,202009,202010,202009,202009,202009,202010
2020-07-17,202009,202009,202010,202009,202009,202010,202009,202009,202009,202010
2020-07-20,202009,202009,202010,202009,202009,202010,202009,202009,202009,202010
2020-07-21,202009,202009,202010,202009,202009,202010,202009,202009,202009,202010
2020-07-22,202009,202009,202010,202009,202009,202010,202009,202009,202009,202010
2020-07-23,202009,202009,202010,202009,202009,202010,202009,202009,202009,202010
2020-07-24,202009,202009,202010,202009,202009,202010,202009,202009,202009,202010
2020-07-27,202009,202009,202010,202009,202009,202010,202009,202009,202009,202010
2020-07-28,202009,202009,202010,202009,202009,202010,202009,202009,202009,202010
2020-07-29,202009,202009,202010,202009,202009,202010,202009,202009,202009,202012
2020-07-30,202009,202009,202010,202009,202009,202010,202009,202009,202009,202012
2020-07-31,202009,202009,202010,202009,202009,202010,202009,202009,202009,202012
2020-08-03,202009,202009,202010,202009,202009,202010,202009,202009,202009,202012
2020-08-04,202009,202009,202010,202009,202009,202010,202009,202009,202009,202012
2020-08-05,202009,202009,202010,202009,202009,202010,202009,202009,202009,202012
2020-08-06,202009,202009,202010,202009,202009,202010,202009,202009,202009,202012
2020-08-07,202009,202009,202010,202009,202009,202010,202009,202009,202009,202012
2020-08-10,202009,202009,202010,202009,202009,202010,202009,202009,202009,202012
2020-08-11,202009,202009,202010,202009,202009,202010,202009,202009,202009,202012
2020-08-12,202009,202009,202010,202009,202009,202010,202009,202009,202009,202012
2020-08-13,202009,202009,202010,202009,202009,202010,202009,202009,202009,202012
2020-08-14,202009,202009,202010,202009,202009,202010,202009,202009,202009,202012
2020-08-17,202009,202009,202010,202009,202009,202010,202009,202009,202009,202012
2020-08-18,202009,202101,202010,202009,202009,202010,202009,202009,202009,202012
2020-08-19,202009,202101,202010,202009,202009,202010,202009,202009,202009,202012
2020-08-20,202011,202101,202010,202009,202009,202010,202009,202009,202009,202012
2020-08-21,202011,202101,202010,202101,202009,202010,202009,202009,202011,202012
2020-08-24,202011,202101,202010,202101,202009,202010,202009,202011,202011,202012
2020-08-25,202011,202101,202010,202101,202009,202010,202011,202012,202011,202012
2020-08-26,202011,202101,202010,202101,202009,202010,202010,202011,202011,202012
2020-08-27,202011,202101,202010,202101,202011,202010,202010,202011,202011,202012
2020-08-28,202011,202101,202010,202101,202011,202010,202010,202011,202011,202012
2020-08-31,202011,202101,202010,202101,202011,202010,202010,202012,202101,202012
2020-09-01,202011,202101,202010,202101,202011,202010,202010,202011,202101,202012
2020-09-02,202011,202101,202010,202101,202011,202010,202010,202011,202101,202012
2020-09-03,202101,202101,202010,202101,202011,202010,202101,202011,202101,202012
2020-09-04,202101,202101,202010,202101,202011,202010,202101,202011,202101,202012
2020-09-07,202101,202101,202010,202101,202011,202010,202101,202011,202101,202012
2020-09-08,202101,202101,202010,202101,202011,202010,202101,202011,202101,202012
2020-09-09,202101,202101,202010,202101,202011,202010,202101,202011,202101,202012
2020-09-10,202101,202101,202010,202101,202011,202010,202101,202011,202101,202012
2020-09-11,202101,202101,202010,202101,202011,202010,202101,202011,202101,202012
2020-09-14,202101,202101,202010,202101,202011,202010,202101,202011,202101,202012
2020-09-15,202101,202101,202010,202101,202011,202010,202101,202011,202101,202012
2020-09-16,202012,202101,202101,202101,202011,202010,202101,202011,202101,202012
2020-09-17,202012,202101,202101,202101,202011,202010,202101,202011,202101,202012
2020-09-18,202012,202101,202101,202101,202011,202010,202101,202011,202101,202012
2020-09-21,202012,202101,202101,202101,202011,202010,202101,202011,202101,202012
2020-09-22,202101,202101,202101,202101,202011,202010,202101,202011,202101,202012
2020-09-23,202101,202101,202101,202101,202011,202101,202101,202011,202101,202012
2020-09-24,202012,202101,202101,202101,202011,202101,202101,202011,202101,202012
2020-09-25,202012,202101,202101,202101,202011,202101,202101,202011,202101,202012
2020-09-28,202101,202101,202101,202101,202011,202101,202101,202011,202101,202012
2020-09-29,202101,202101,202101,202101,202011,202101,202101,202011,202101,202012
2020-09-30,202101,202101,202101,202101,202011,202101,202101,202011,202101,202012
2020-10-09,202101,202101,202101,202101,202101,202101,202101,202011,202101,202012
2020-10-12,202101,202101,202101,202101,202101,202101,202101,202011,202101,202012
2020-10-13,202101,202101,202101,202101,202101,202101,202101,202011,202101,202012
2020-10-14,202101,202101,202101,202101,202101,202101,202101,202011,202101,202012
2020-10-15,202101,202101,202101,202101,202101,202101,202012,202012,202101,202012
2020-10-16,202101,202101,202101,202101,202101,202101,202101,202012,202101,202012
2020-10-19,202101,202101,202101,202101,202101,202101,202101,202012,202101,202012
2020-10-20,202101,202101,202101,202101,202101,202101,202101,202012,202101,202012
2020-10-21,202101,202101,202101,202101,202101,202101,202101,202012,202101,202012
2020-10-22,202101,202101,202101,202101,202101,202101,202101,202012,202101,202012
2020-10-23,202101,202101,202101,202101,202101,202101,202101,202101,202101,202012
2020-10-26,202101,202101,202101,202101,202101,202101,202101,202101,202101,202012
2020-10-27,202101,202101,202101,202101,202101,202101,202101,202101,202101,202012
2020-10-28,202101,202101,202101,202101,202101,202101,202101,202101,202101,202012
2020-10-29,202101,202101,202101,202101,202101,202101,202101,202101,202101,202012
2020-10-30,202101,202101,202101,202101,202101,202101,202101,202101,202101,202012
2020-11-02,202101,202101,202101,202101,202101,202101,202101,202101,202101,202012
2020-11-03,202101,202101,202101,202101,202101,202101,202101,202101,202101,202012
2020-11-04,202101,202101,202101,202101,202101,202101,202101,202101,202101,202012
2020-11-05,202101,202101,202101,202101,202101,202101,202101,202101,202101,202012
2020-11-06,202101,202101,202101,202101,202101,202101,202101,202101,202101,202012
2020-11-09,202101,202101,202101,202101,202101,202101,202101,202101,202101,202012
2020-11-10,202101,202101,202101,202101,202101,202101,202101,202101,202101,202012
2020-11-11,202101,202101,202101,202101,202101,202101,202101,202101,202101,202012
2020-11-12,202101,202101,202101,202101,202101,202101,202101,202101,202101,202012
2020-11-13,202101,202101,202101,202101,202101,202101,202101,202101,202101,202012
2020-11-16,202101,202101,202101,202101,202101,202101,202101,202101,202101,202012
2020-11-17,202101,202101,202101,202101,202101,202101,202101,202101,202101,202012
2020-11-18,202101,202101,202101,202101,202101,202101,202101,202101,202101,202012
2020-11-19,202101,202101,202101,202101,202101,202101,202101,202101,202101,202012
2020-11-20,202101,202101,202101,202101,202101,202101,202101,202101,202101,202012
2020-11-23,202101,202101,202101,202101,202101,202101,202101,202101,202101,202012
2020-11-24,202101,202101,202101,202101,202101,202101,202101,202101,202101,202012
2020-11-25,202101,202101,202101,202101,202101,202101,202101,202101,202101,202012
2020-11-26,202101,202101,202101,202101,202101,202101,202101,202101,202101,202012
2020-11-27,202101,202101,202101,202101,202101,202101,202101,202101,202101,202012
2020-11-30,202101,202101,202101,202101,202101,202101,202101,202101,202101,202012
2020-12-01,202101,202101,202101,202101,202101,202101,202101,202101,202101,202102
2020-12-02,202101,202105,202101,202101,202101,202101,202101,202101,202101,202102
2020-12-03,202101,202105,202101,202101,202101,202101,202101,202101,202101,202102
2020-12-04,202101,202105,202101,202101,202101,202101,202101,202101,202101,202102
2020-12-07,202101,202105,202101,202101,202101,202101,202101,202101,202101,202102
2020-12-08,202101,202105,202101,202101,202101,202101,202101,202101,202101,202102
2020-12-09,202101,202105,202101,202101,202101,202101,202101,202101,202101,202102
2020-12-10,202101,202105,202101,202101,202101,202101,202101,202101,202101,202102
2020-12-11,202101,202101,202101,202101,202101,202101,202101,202101,202101,202102
2020-12-14,202101,202101,202101,202101,202101,202101,202101,202101,202101,202102
2020-12-15,202101,202101,202101,202101,202101,202101,202101,202101,202101,202102
2020-12-16,202101,202105,202101,202101,202101,202101,202101,202101,202101,202102
2020-12-17,202101,202105,202101,202101,202101,202101,202101,202101,202101,202102
2020-12-18,202103,202105,202101,202101,202101,202101,202101,202101,202101,202102
2020-12-21,202105,202105,202101,202101,202101,202101,202102,202101,202101,202102
2020-12-22,202105,202105,202105,202101,202101,202101,202102,202101,202101,202102
2020-12-23,202105,202105,202105,202101,202103,202101,202102,202101,202101,202102
2020-12-24,202105,202105,202105,202101,202103,202103,202102,202101,202101,202102
2020-12-25,202105,202105,202105,202101,202103,202103,202102,202101,202105,202102
2020-12-28,202105,202105,202105,202101,202103,202103,202102,202104,202105,202102
2020-12-29,202105,202105,202105,202105,202103,202103,202102,202104,202105,202102
2020-12-30,202105,202105,202105,202105,202103,202105,202102,202104,202105,202102
2020-12-31,202105,202105,202105,202105,202103,202105,202102,202104,202105,202102
2021-01-04,202105,202105,202105,202105,202103,202105,202102,202104,202105,202102
2021-01-05,202105,202105,202105,202105,202103,202105,202102,202104,202105,202102
2021-01-06,202105,202105,202105,202105,202103,202105,202103,202104,202105,202102
2021-01-07,202105,202105,202105,202105,202103,202105,202103,202104,202105,202102
2021-01-08,202105,202105,202105,202105,202103,202105,202103,202104,202105,202102
2021-01-11,202105,202105,202105,202105,202103,202105,202103,202104,202105,202102
2021-01-12,202105,202105,202105,202105,202103,202105,202103,202104,202105,202102
2021-01-13,202105,202105,202105,202105,202103,202105,202103,202104,202105,202102
2021-01-14,202105,202105,202105,202105,202103,202105,202103,202104,202105,202102
2021-01-15,202105,202105,202105,202105,202103,202105,202103,202104,202105,202102
2021-01-18,202105,202105,202105,202105,202103,202105,202103,202104,202105,202102
2021-01-19,202105,202105,202105,202105,202103,202105,202103,202104,202105,202102
2021-01-20,202105,202105,202105,202105,202103,202105,202103,202104,202105,202102
2021-01-21,202105,202105,202105,202105,202103,202105,202103,202104,202105,202102
2021-01-22,202105,202105,202105,202105,202103,202105,202103,202104,202105,202102
2021-01-25,202105,202105,202105,202105,202103,202105,202103,202104,202105,202102
2021-01-26,202105,202105,202105,202105,202103,202105,202103,202104,202105,202102
2021-01-27,202105,202105,202105,202105,202103,202105,202103,202104,202105,202102
2021-01-28,202105,202105,202105,202105,202103,202105,202103,202104,202105,202102
2021-01-29,202105,202105,202105,202105,202103,202105,202103,202104,202105,202102
2021-02-01,202105,202105,202105,202105,202103,202105,202103,202104,202105,202105
2021-02-02,202105,202105,202105,202105,202103,202105,202105,202104,202105,202105
2021-02-03,202105,202105,202105,202105,202103,202105,202105,202104,202105,202105
2021-02-04,202105,202105,202105,202105,202105,202105,202105,202104,202105,202105
2021-02-05,202105,202105,202105,202105,202105,202105,202105,202104,202105,202105
2021-02-08,202105,202105,202105,202105,202105,202105,202105,202104,202105,202105
2021-02-09,202105,202105,202105,202105,202105,202105,202105,202104,202105,202105
2021-02-10,202105,202105,202105,202105,202105,202105,202105,202104,202105,202105
2021-02-18,202105,202105,202105,202105,202105,202105,202105,202104,202105,202105
2021-02-19,202105,202105,202105,202105,202105,202105,202105,202104,202105,202105
2021-02-22,202105,202105,202105,202105,202105,202105,202105,202104,202105,202105
2021-02-23,202105,202105,202105,202105,202105,202105,202105,202104,202105,202105
2021-02-24,202105,202105,202105,202105,202105,202105,202105,202104,202105,202105
2021-02-25,202105,202105,202105,202105,202105,202105,202105,202105,202105,202105
2021-02-26,202105,202105,202105,202105,202105,202105,202105,202105,202105,202105
2021-03-01,202105,202105,202105,202105,202105,202105,202105,202105,202105,202105
2021-03-02,202105,202105,202105,202105,202105,202105,202105,202105,202105,202106
2021-03-03,202105,202105,202105,202105,202105,202105,202105,202105,202105,202106
2021-03-04,202105,202105,202105,202105,202105,202105,202105,202105,202105,202106
2021-03-05,202105,202105,202105,202105,202105,202105,202105,202105,202105,202106
2021-03-08,202105,202105,202105,202105,202105,202105,202105,202105,202105,202106
2021-03-09,202105,202105,202105,202105,202105,202105,202105,202105,202105,202106
2021-03-10,202105,202105,202105,202105,202105,202105,202105,202105,202105,202106
2021-03-11,202105,202105,202105,202105,202105,202105,202105,202105,202105,202106
2021-03-12,202105,202105,202105,202105,202105,202105,202105,202105,202105,202106
2021-03-15,202105,202105,202105,202105,202105,202105,202105,202105,202105,202106
2021-03-16,202105,202105,202105,202105,202105,202105,202105,202105,202105,202106
2021-03-17,202105,202105,202105,202105,202105,202105,202105,202105,202105,202106
2021-03-18,202105,202105,202105,202105,202105,202105,202105,202105,202105,202106
2021-03-19,202105,202105,202105,202105,202105,202105,202105,202105,202105,202106
2021-03-22,202105,202105,202105,202105,202105,202105,202105,202105,202105,202106
2021-03-23,202105,202105,202105,202105,202105,202105,202105,202105,202105,202106
2021-03-24,202105,202105,202105,202105,202105,202105,202105,202105,202105,202106
2021-03-25,202105,202105,202105,202105,202105,202105,202105,202105,202105,202106
2021-03-26,202105,202105,202105,202105,202105,202105,202105,202105,202105,202106
2021-03-29,202105,202105,202105,202105,202105,202105,202105,202105,202105,202106
2021-03-30,202105,202105,202105,202105,202105,202105,202105,202105,202105,202106
2021-03-31,202105,202105,202105,202105,202105,202105,202105,202105,202105,202106
2021-04-01,202105,202105,202105,202105,202105,202105,202105,202105,202105,202106
2021-04-02,202105,202105,202105,202105,202105,202105,202105,202105,202105,202106
2021-04-06,202105,202105,202105,202105,202105,202105,202105,202105,202105,202106
2021-04-07,202105,202105,202105,202105,202105,202105,202105,202105,202105,202106
2021-04-08,202105,202105,202105,202105,202105,202105,202105,202105,202105,202106
2021-04-09,202105,202105,202105,202105,202105,202105,202105,202105,202105,202106
2021-04-12,202105,202105,202105,202105,202105,202105,202105,202105,202105,202106
2021-04-13,202105,202105,202105,202105,202105,202105,202105,202105,202105,202106
2021-04-14,202105,202105,202105,202105,202105,202105,202105,202105,202105,202106
2021-04-15,202105,202105,202105,202105,202105,202105,202105,202105,202105,202106
2021-04-16,202105,202105,202105,202105,202105,202105,202105,202105,202105,202106
2021-04-19,202106,202105,202105,202105,202105,202105,202105,202105,202105,202106
2021-04-20,202106,202105,202105,202105,202105,202105,202105,202105,202105,202106
2021-04-21,202106,202107,202105,202105,202105,202105,202105,202105,202105,202106
2021-04-22,202106,202107,202105,202105,202105,202105,202105,202105,202105,202106
2021-04-23,202106,202107,202105,202105,202105,202105,202105,202109,202107,202106
2021-04-26,202106,202107,202105,202105,202105,202105,202105,202109,202107,202106
2021-04-27,202109,202107,202105,202105,202106,202105,202105,202109,202107,202106
2021-04-28,202109,202107,202110,202109,202106,202110,202105,202109,202107,202106
2021-04-29,202109,202107,202110,202109,202106,202110,202109,202109,202107,202106
2021-04-30,202107,202107,202110,202109,202107,202110,202109,202109,202107,202106
2021-05-06,202107,202109,202110,202109,202107,202110,202109,202109,202107,202106
2021-05-07,202107,202109,202110,202109,202107,202110,202109,202109,202107,202106
2021-05-10,202107,202109,202110,202109,202107,202110,202109,202109,202107,202106
2021-05-11,202107,202109,202110,202109,202107,202110,202109,202109,202107,202106
2021-05-12,202107,202109,202110,202109,202107,202110,202109,202109,202109,202106
2021-05-13,202107,202109,202110,202109,202107,202110,202109,202109,202109,202106
2021-05-14,202109,202109,202110,202109,202107,202110,202109,202109,202109,202106
2021-05-17,202109,202109,202110,202109,202107,202110,202109,202109,202109,202106
2021-05-18,202107,202109,202110,202109,202107,202110,202109,202109,202109,202106
2021-05-19,202107,202109,202110,202109,202107,202110,202109,202109,202109,202106
2021-05-20,202107,202109,202110,202109,202107,202110,202109,202109,202109,202106
2021-05-21,202107,202109,202110,202109,202107,202110,202109,202109,202109,202106
2021-05-24,202107,202109,202110,202109,202107,202110,202109,202109,202109,202106
2021-05-25,202107,202109,202110,202109,202107,202110,202109,202109,202109,202106
2021-05-26,202107,202109,202110,202109,202107,202110,202109,202109,202109,202106
2021-05-27,202107,202109,202110,202109,202107,202110,202109,202109,202109,202106
2021-05-28,202107,202109,202110,202109,202107,202110,202109,202109,202109,202106
2021-05-31,202107,202109,202110,202109,202107,202110,202109,202109,202109,202108
2021-06-01,202107,202109,202110,202109,202109,202110,202109,202109,202109,202108
2021-06-02,202109,202109,202110,202109,202109,202110,202109,202109,202109,202108
2021-06-03,202109,202109,202110,202109,202109,202110,202109,202109,202109,202109
2021-06-04,202109,202109,202110,202109,202109,202110,202109,202109,202109,202109
2021-06-07,202109,202109,202110,202109,202109,202110,202109,202109,202109,202109
2021-06-08,202109,202109,202110,202109,202109,202110,202109,202109,202109,202109
2021-06-09,202109,202109,202110,202109,202109,202110,202109,202109,202109,202109
2021-06-10,202109,202109,202110,202109,202109,202110,202109,202109,202109,202109
2021-06-11,202109,202109,202110,202109,202109,202110,202109,202109,202109,202109
2021-06-15,202109,202109,202110,202109,202109,202110,202109,202109,202109,202109
2021-06-16,202109,202109,202110,202109,202109,202110,202109,202109,202109,202109
2021-06-17,202109,202109,202110,202109,202109,202110,202109,202109,202109,202109
2021-06-18,202109,202109,202110,202109,202109,202110,202109,202109,202109,202109
2021-06-21,202109,202109,202110,202109,202109,202110,202109,202109,202109,202109
2021-06-22,202109,202109,202110,202109,202109,202110,202109,202109,202109,202109
2021-06-23,202109,202109,202110,202109,202109,202110,202109,202109,202109,202109
2021-06-24,202109,202109,202110,202109,202109,202110,202109,202109,202109,202109
2021-06-25,202109,202109,202110,202109,202109,202110,202109,202109,202109,202109
2021-06-28,202109,202109,202110,202109,202109,202110,202109,202109,202109,202109
2021-06-29,202109,202109,202110,202109,202109,202110,202109,202109,202109,202109
2021-06-30,202109,202109,202110,202109,202109,202110,202109,202109,202109,202109
2021-07-01,202109,202109,202110,202109,202109,202110,202109,202109,202109,202109
2021-07-02,202109,202109,202110,202109,202109,202110,202109,202109,202109,202109
2021-07-05,202109,202109,202110,202109,202109,202110,202109,202109,202109,202109
2021-07-06,202109,202109,202110,202109,202109,202110,202109,202109,202109,202109
2021-07-07,202109,202109,202110,202109,202109,202110,202109,202109,202109,202109
2021-07-08,202109,202109,202110,202109,202109,202110,202109,202109,202109,202109
2021-07-09,202109,202109,202110,202109,202109,202110,202109,202109,202109,202109
2021-07-12,202109,202109,202110,202109,202109,202110,202109,202109,202109,202109
2021-07-13,202109,202109,202110,202109,202109,202110,202109,202109,202109,202109
2021-07-14,202109,202109,202110,202109,202109,202110,202109,202109,202109,202109
2021-07-15,202109,202109,202110,202109,202109,202110,202109,202109,202109,202110
2021-07-16,202109,202109,202110,202109,202109,202110,202109,202109,202109,202110
2021-07-19,202109,202109,202110,202109,202109,202110,202109,202109,202109,202110
2021-07-20,202109,202109,202110,202109,202109,202110,202109,202109,202109,202110
2021-07-21,202109,202109,202110,202109,202109,202110,202109,202109,202109,202110
2021-07-22,202109,202109,202110,202109,202109,202110,202109,202109,202109,202110
2021-07-23,202109,202109,202110,202109,202109,202110,202109,202109,202109,202110
2021-07-26,202109,202109,202110,202109,202109,202110,202109,202109,202109,202110
2021-07-27,202109,202109,202110,202109,202109,202110,202109,202109,202109,202110
2021-07-28,202109,202109,202110,202109,202109,202110,202109,202109,202109,202110
2021-07-29,202109,202109,202110,202109,202109,202110,202109,202109,202109,202110
2021-07-30,202109,202109,202110,202109,202109,202110,202109,202109,202109,202110
2021-08-02,202109,202109,202110,202109,202109,202110,202109,202109,202109,202110
2021-08-03,202109,202109,202110,202109,202109,202110,202109,202109,202109,202112
2021-08-04,202109,202109,202110,202109,202109,202110,202109,202109,202109,202112
2021-08-05,202109,202109,202110,202109,202109,202110,202109,202109,202109,202112
2021-08-06,202109,202109,202110,202109,202109,202110,202109,202109,202109,202112
2021-08-09,202109,202109,202110,202109,202109,202110,202109,202109,202109,202112
2021-08-10,202109,202109,202110,202109,202109,202110,202109,202201,202109,202112
2021-08-11,202109,202109,202110,202109,202109,202110,202109,202201,202109,202112
2021-08-12,202109,202109,202110,202109,202109,202110,202109,202201,202109,202112
2021-08-13,202109,202109,202110,202109,202109,202110,202109,202201,202109,202112
2021-08-16,202109,202109,202110,202109,202109,202110,202109,202201,202109,202112
2021-08-17,202109,202109,202110,202109,202109,202110,202109,202201,202109,202112
2021-08-18,202109,202109,202110,202201,202109,202110,202109,202201,202109,202112
2021-08-19,202110,202109,202110,202201,202109,202110,202109,202201,202109,202112
2021-08-20,202110,202109,202110,202201,202109,202110,202109,202201,202109,202112
2021-08-23,202110,202201,202110,202201,202109,202110,202109,202201,202109,202112
2021-08-24,202110,202201,202110,202201,202109,202110,202109,202201,202111,202112
2021-08-25,202110,202201,202110,202201,202111,202110,202109,202201,202111,202112
2021-08-26,202110,202201,202110,202201,202111,202110,202109,202201,202111,202112
2021-08-27,202110,202201,202110,202201,202111,202110,202109,202201,202111,202112
2021-08-30,202110,202201,202110,202201,202111,202110,202110,202201,202111,202112
2021-08-31,202110,202201,202110,202201,202111,202110,202110,202201,202111,202112
2021-09-01,202110,202201,202110,202201,202111,202110,202201,202201,202111,202112
2021-09-02,202111,202201,202110,202201,202111,202110,202201,202201,202111,202112
2021-09-03,202111,202201,202110,202201,202111,202110,202201,202201,202111,202112
2021-09-06,202111,202201,202201,202201,202111,202110,202201,202201,202111,202112
2021-09-07,202111,202201,202201,202201,202111,202110,202201,202201,202111,202112
2021-09-08,202111,202201,202201,202201,202111,202110,202111,202201,202111,202112
2021-09-09,202111,202201,202110,202201,202111,202110,202111,202201,202201,202112
2021-09-10,202111,202201,202201,202201,202111,202110,202111,202201,202201,202112
2021-09-13,202111,202201,202201,202201,202111,202110,202111,202201,202201,202112
2021-09-14,202111,202201,202201,202201,202111,202110,202201,202201,202201,202112
2021-09-15,202111,202201,202201,202201,202111,202112,202201,202201,202201,202112
2021-09-16,202111,202201,202201,202201,202111,202112,202111,202201,202201,202112
2021-09-17,202111,202201,202201,202201,202111,202112,202111,202201,202201,202112
2021-09-22,202111,202201,202201,202201,202111,202201,202111,202201,202201,202112
2021-09-23,202111,202201,202201,202201,202111,202201,202111,202201,202201,202112
2021-09-24,202111,202201,202201,202201,202111,202201,202111,202201,202201,202112
2021-09-27,202111,202201,202201,202201,202111,202201,202111,202201,202201,202112
2021-09-28,202111,202201,202201,202201,202111,202201,202111,202201,202201,202112
2021-09-29,202111,202201,202201,202201,202111,202201,202111,202201,202201,202112
2021-09-30,202111,202201,202201,202201,202112,202201,202111,202201,202201,202112
2021-10-08,202111,202201,202201,202201,202112,202201,202201,202201,202201,202112
2021-10-11,202112,202201,202201,202201,202112,202201,202201,202201,202201,202112
2021-10-12,202112,202201,202201,202201,202112,202201,202201,202201,202201,202112
2021-10-13,202112,202201,202201,202201,202112,202201,202201,202201,202201,202112
2021-10-14,202112,202201,202201,202201,202112,202201,202201,202201,202201,202112
2021-10-15,202112,202201,202201,202201,202112,202201,202201,202201,202201,202112
2021-10-18,202112,202201,202201,202201,202112,202201,202201,202201,202201,202112
2021-10-19,202112,202201,202201,202201,202112,202201,202201,202201,202201,202112
2021-10-20,202112,202201,202201,202201,202112,202201,202201,202201,202201,202112
2021-10-21,202112,202201,202201,202201,202112,202201,202201,202201,202201,202112
2021-10-22,202112,202201,202201,202201,202112,202201,202201,202201,202201,202112
2021-10-25,202112,202201,202201,202201,202112,202201,202201,202201,202201,202112
2021-10-26,202112,202201,202201,202201,202112,202201,202201,202201,202201,202112
2021-10-27,202112,202201,202201,202201,202201,202201,202201,202201,202201,202112
2021-10-28,202112,202201,202201,202201,202201,202201,202201,202201,202201,202112
2021-10-29,202112,202201,202201,202201,202201,202201,202201,202201,202201,202112
2021-11-01,202112,202201,202201,202201,202201,202201,202201,202201,202201,202112
2021-11-02,202201,202201,202201,202201,202201,202201,202201,202201,202201,202112
2021-11-03,202201,202201,202201,202201,202201,202201,202201,202201,202201,202112
2021-11-04,202201,202201,202201,202201,202201,202201,202201,202201,202201,202112
2021-11-05,202201,202201,202201,202201,202201,202201,202201,202201,202201,202112
2021-11-08,202201,202201,202201,202201,202201,202201,202201,202201,202201,202112
2021-11-09,202201,202201,202201,202201,202201,202201,202201,202201,202201,202112
2021-11-10,202201,202201,202201,202201,202201,202201,202201,202201,202201,202112
2021-11-11,202201,202201,202201,202201,202201,202201,202201,202201,202201,202112
2021-11-12,202201,202201,202201,202201,202201,202201,202201,202201,202201,202112
2021-11-15,202201,202201,202201,202201,202201,202201,202201,202201,202201,202112
2021-11-16,202201,202201,202201,202201,202201,202201,202201,202201,202201,202112
2021-11-17,202201,202201,202201,202201,202201,202201,202201,202201,202201,202112
2021-11-18,202201,202201,202201,202201,202201,202201,202201,202201,202201,202112
2021-11-19,202201,202201,202201,202201,202201,202201,202201,202201,202201,202112
2021-11-22,202201,202201,202201,202201,202201,202201,202201,202201,202201,202112
2021-11-23,202201,202201,202201,202201,202201,202201,202201,202201,202201,202112
2021-11-24,202201,202201,202201,202201,202201,202201,202201,202201,202201,202112
2021-11-25,202201,202201,202201,202201,202201,202201,202201,202201,202201,202112
2021-11-26,202201,202201,202201,202201,202201,202201,202201,202201,202201,202112
2021-11-29,202201,202201,202201,202201,202201,202201,202201,202201,202201,202112
2021-11-30,202201,202201,202201,202201,202201,202201,202201,202201,202201,202112
2021-12-01,202201,202201,202201,202201,202201,202201,202201,202201,202201,202202
2021-12-02,202201,202201,202201,202201,202201,202201,202201,202201,202201,202202
2021-12-03,202201,202201,202201,202201,202201,202201,202201,202201,202201,202202
2021-12-06,202201,202201,202201,202201,202201,202201,202201,202201,202201,202202
2021-12-07,202201,202201,202201,202201,202201,202201,202201,202201,202201,202202
2021-12-08,202201,202201,202201,202201,202201,202201,202201,202201,202201,202202
2021-12-09,202201,202201,202201,202201,202201,202201,202201,202201,202201,202202
2021-12-10,202201,202201,202201,202201,202201,202201,202201,202201,202201,202202
2021-12-13,202201,202201,202201,202201,202201,202201,202201,202201,202201,202202
2021-12-14,202201,202201,202205,202201,202201,202201,202201,202201,202201,202202
2021-12-15,202201,202201,202205,202201,202201,202201,202201,202205,202201,202202
2021-12-16,202201,202201,202205,202201,202201,202201,202201,202205,202201,202202
2021-12-17,202201,202201,202205,202201,202201,202201,202201,202205,202201,202202
2021-12-20,202203,202201,202205,202201,202201,202201,202201,202205,202201,202202
2021-12-21,202203,202201,202205,202201,202201,202201,202202,202205,202201,202202
2021-12-22,202203,202203,202205,202201,202203,202201,202202,202205,202201,202202
2021-12-23,202203,202205,202205,202201,202203,202201,202202,202205,202203,202202
2021-12-24,202203,202205,202205,202205,202203,202201,202202,202205,202203,202202
2021-12-27,202203,202203,202205,202205,202203,202201,202202,202205,202203,202202
2021-12-28,202203,202203,202205,202205,202203,202201,202202,202205,202203,202202
2021-12-29,202203,202203,202205,202205,202203,202205,202202,202205,202203,202203
2021-12-30,202203,202203,202205,202205,202203,202205,202202,202205,202203,202203
2021-12-31,202203,202203,202205,202205,202202,202205,202202,202205,202203,202203
2022-01-04,202203,202203,202205,202205,202203,202205,202203,202205,202203,202203
2022-01-05,202203,202203,202205,202205,202203,202205,202203,202205,202203,202203
2022-01-06,202203,202205,202205,202205,202203,202205,202203,202205,202203,202203
2022-01-07,202203,202205,202205,202205,202203,202205,202203,202205,202203,202203
2022-01-10,202203,202205,202205,202205,202203,202205,202203,202205,202203,202203
2022-01-11,202203,202205,202205,202205,202203,202205,202203,202205,202203,202203
2022-01-12,202203,202205,202205,202205,202203,202205,202203,202205,202203,202203
2022-01-13,202203,202205,202205,202205,202204,202205,202203,202205,202203,202203
2022-01-14,202203,202205,202205,202205,202203,202205,202203,202205,202203,202203
2022-01-17,202203,202205,202205,202205,202203,202205,202203,202205,202203,202203
2022-01-18,202203,202205,202205,202205,202203,202205,202203,202205,202203,202203
2022-01-19,202203,202205,202205,202205,202203,202205,202203,202205,202205,202203
2022-01-20,202203,202205,202205,202205,202203,202205,202203,202205,202205,202203
2022-01-21,202203,202205,202205,202205,202203,202205,202203,202205,202205,202203
2022-01-24,202203,202205,202205,202205,202203,202205,202203,202205,202205,202205
2022-01-25,202203,202205,202205,202205,202203,202205,202203,202205,202205,202205
2022-01-26,202203,202205,202205,202205,202203,202205,202203,202205,202205,202205
2022-01-27,202203,202205,202205,202205,202203,202205,202203,202205,202205,202205
2022-01-28,202203,202205,202205,202205,202203,202205,202203,202205,202205,202205
2022-02-07,202203,202205,202205,202205,202204,202205,202205,202205,202205,202205
2022-02-08,202204,202205,202205,202205,202204,202205,202205,202205,202205,202205
2022-02-09,202204,202205,202205,202205,202205,202205,202205,202205,202205,202205
2022-02-10,202204,202205,202205,202205,202205,202205,202204,202205,202205,202205
2022-02-11,202204,202205,202205,202205,202205,202205,202204,202205,202205,202205
2022-02-14,202204,202205,202205,202205,202205,202205,202204,202205,202205,202205
2022-02-15,202204,202205,202205,202205,202205,202205,202204,202205,202205,202205
2022-02-16,202204,202205,202205,202205,202205,202205,202204,202205,202205,202205
2022-02-17,202204,202205,202205,202205,202205,202205,202204,202205,202205,202205
2022-02-18,202204,202205,202205,202205,202205,202205,202204,202205,202205,202205
2022-02-21,202204,202205,202205,202205,202205,202205,202204,202205,202205,202205
2022-02-22,202204,202205,202205,202205,202205,202205,202204,202205,202205,202205
2022-02-23,202204,202205,202205,202205,202205,202205,202204,202205,202205,202205
2022-02-24,202204,202205,202205,202205,202205,202205,202204,202205,202205,202205
2022-02-25,202204,202205,202205,202205,202205,202205,202204,202205,202205,202205
2022-02-28,202204,202205,202205,202205,202205,202205,202204,202205,202205,202205
2022-03-01,202205,202205,202205,202205,202205,202205,202205,202205,202205,202205
2022-03-02,202205,202205,202205,202205,202205,202205,202205,202205,202205,202206
2022-03-03,202205,202205,202205,202205,202205,202205,202205,202205,202205,202206
2022-03-04,202205,202205,202205,202205,202205,202205,202205,202205,202205,202206
2022-03-07,202205,202205,202205,202205,202205,202205,202205,202205,202205,202206
2022-03-08,202205,202205,202205,202205,202205,202205,202205,202205,202205,202206
2022-03-09,202205,202205,202205,202205,202205,202205,202205,202205,202205,202206
2022-03-10,202205,202205,202205,202205,202205,202205,202205,202205,202205,202206
2022-03-11,202205,202205,202205,202205,202205,202205,202205,202205,202205,202206
2022-03-14,202205,202205,202205,202205,202205,202205,202205,202205,202205,202206
2022-03-15,202205,202205,202205,202205,202205,202205,202205,202205,202205,202206
2022-03-16,202205,202205,202205,202205,202205,202205,202205,202205,202205,202206
2022-03-17,202205,202205,202205,202205,202205,202205,202205,202205,202205,202206
2022-03-18,202205,202205,202205,202205,202205,202205,202205,202205,202205,202206
2022-03-21,202205,202205,202205,202205,202205,202205,202205,202205,202205,202206
2022-03-22,202205,202205,202205,202205,202205,202205,202205,202205,202205,202206
2022-03-23,202205,202205,202205,202205,202205,202205,202205,202205,202205,202206
2022-03-24,202205,202205,202205,202205,202205,202205,202205,202205,202205,202206
2022-03-25,202205,202205,202205,202205,202205,202205,202205,202205,202205,202206
2022-03-28,202205,202205,202205,202205,202205,202205,202205,202205,202205,202206
2022-03-29,202205,202205,202205,202205,202205,202205,202205,202205,202205,202206
2022-03-30,202205,202205,202205,202205,202205,202205,202205,202205,202209,202206
2022-03-31,202205,202205,202205,202205,202205,202205,202205,202205,202209,202206
2022-04-01,202205,202205,202205,202205,202205,202205,202205,202205,202209,202206
2022-04-06,202205,202205,202205,202205,202205,202205,202205,202205,202209,202206
2022-04-07,202205,202205,202205,202205,202205,202205,202205,202205,202209,202206
2022-04-08,202205,202205,202205,202205,202205,202205,202205,202205,202209,202206
2022-04-11,202205,202205,202205,202205,202205,202205,202205,202205,202209,202206
2022-04-12,202205,202205,202205,202205,202205,202205,202205,202205,202209,202206
2022-04-13,202205,202205,202205,202205,202205,202205,202205,202205,202209,202206
2022-04-14,202205,202205,202205,202205,202205,202205,202205,202205,202209,202206
2022-04-15,202205,202205,202205,202205,202205,202205,202205,202205,202209,202206
2022-04-18,202205,202205,202205,202205,202205,202205,202205,202209,202209,202206
2022-04-19,202205,202205,202205,202205,202205,202205,202205,202209,202209,202206
2022-04-20,202205,202205,202205,202209,202206,202205,202205,202209,202209,202206
2022-04-21,202205,202205,202210,202209,202206,202205,202205,202209,202209,202206
2022-04-22,202205,202205,202210,202209,202206,202205,202205,202209,202209,202206
2022-04-25,202206,202209,202205,202209,202206,202205,202205,202209,202209,202206
2022-04-26,202206,202209,202210,202209,202206,202209,202206,202209,202209,202206
2022-04-27,202206,202209,202210,202209,202206,202209,202206,202209,202209,202206
2022-04-28,202206,202209,202210,202209,202206,202210,202206,202209,202209,202206
2022-04-29,202206,202209,202210,202209,202206,202210,202206,202209,202209,202206
2022-05-05,202206,202209,202210,202209,202206,202210,202207,202209,202209,202206
2022-05-06,202207,202209,202210,202209,202208,202209,202207,202209,202209,202206
2022-05-09,202207,202209,202210,202209,202208,202210,202207,202209,202209,202206
2022-05-10,202207,202209,202210,202209,202208,202210,202207,202209,202209,202206
2022-05-11,202207,202209,202210,202209,202208,202210,202207,202209,202209,202206
2022-05-12,202207,202209,202210,202209,202208,202210,202207,202209,202209,202206
2022-05-13,202207,202209,202210,202209,202208,202210,202207,202209,202209,202206
2022-05-16,202207,202209,202210,202209,202208,202210,202207,202209,202209,202206
2022-05-17,202207,202209,202210,202209,202208,202209,202207,202209,202209,202206
2022-05-18,202207,202209,202210,202209,202208,202210,202207,202209,202209,202206
2022-05-19,202207,202209,202210,202209,202208,202210,202207,202209,202209,202206
2022-05-20,202207,202209,202210,202209,202208,202210,202207,202209,202209,202206
2022-05-23,202207,202209,202210,202209,202208,202210,202207,202209,202209,202206
2022-05-24,202207,202209,202210,202209,202208,202210,202207,202209,202209,202206
2022-05-25,202207,202209,202210,202209,202208,202210,202207,202209,202209,202206
2022-05-26,202207,202209,202210,202209,202208,202210,202207,202209,202209,202206
2022-05-27,202207,202209,202210,202209,202208,202210,202207,202209,202209,202206
2022-05-30,202207,202209,202210,202209,202208,202210,202207,202209,202209,202206
2022-05-31,202207,202209,202210,202209,202208,202210,202207,202209,202209,202206
2022-06-01,202207,202209,202210,202209,202208,202210,202208,202209,202209,202208
2022-06-02,202208,202209,202210,202209,202208,202210,202208,202209,202209,202208
2022-06-06,202207,202209,202210,202209,202208,202210,202208,202209,202209,202209
2022-06-07,202208,202209,202210,202209,202208,202210,202208,202209,202209,202209
2022-06-08,202208,202209,202210,202209,202208,202210,202208,202209,202209,202209
2022-06-09,202208,202209,202210,202209,202208,202210,202208,202209,202209,202209
2022-06-10,202209,202209,202210,202209,202208,202210,202208,202209,202209,202209
2022-06-13,202209,202209,202210,202209,202208,202210,202208,202209,202209,202209
2022-06-14,202209,202209,202210,202209,202208,202210,202208,202209,202209,202209
2022-06-15,202209,202209,202210,202209,202208,202210,202208,202209,202209,202209
2022-06-16,202209,202209,202210,202209,202208,202210,202208,202209,202209,202209
2022-06-17,202209,202209,202210,202209,202208,202210,202208,202209,202209,202209
2022-06-20,202209,202209,202210,202209,202208,202210,202208,202209,202209,202209
2022-06-21,202209,202209,202210,202209,202208,202210,202208,202209,202209,202209
2022-06-22,202209,202209,202210,202209,202208,202210,202208,202209,202209,202209
2022-06-23,202209,202209,202210,202209,202208,202210,202208,202209,202209,202209
2022-06-24,202209,202209,202210,202209,202208,202210,202208,202209,202209,202209
2022-06-27,202209,202209,202210,202209,202208,202210,202208,202209,202209,202209
2022-06-28,202209,202209,202210,202209,202208,202210,202208,202209,202209,202209
2022-06-29,202209,202209,202210,202209,202209,202210,202208,202209,202209,202209
2022-06-30,202209,202209,202210,202209,202209,202210,202208,202209,202209,202209
2022-07-01,202209,202209,202210,202209,202209,202210,202208,202209,202209,202209
2022-07-04,202209,202209,202210,202209,202209,202210,202209,202209,202209,202209
2022-07-05,202209,202209,202210,202209,202209,202210,202209,202209,202209,202209
2022-07-06,202209,202209,202210,202209,202209,202210,202209,202209,202209,202209
2022-07-07,202209,202209,202210,202209,202209,202210,202209,202209,202209,202209
2022-07-08,202209,202209,202210,202209,202209,202210,202209,202209,202209,202212
2022-07-11,202209,202209,202210,202209,202209,202210,202209,202209,202209,202212
2022-07-12,202209,202209,202210,202209,202209,202210,202209,202209,202209,202212
2022-07-13,202209,202209,202210,202209,202209,202210,202209,202209,202209,202212
2022-07-14,202209,202209,202210,202209,202209,202210,202209,202209,202209,202212
2022-07-15,202209,202209,202210,202209,202209,202210,202209,202209,202209,202212
2022-07-18,202209,202209,202210,202209,202209,202210,202209,202209,202209,202212
2022-07-19,202209,202209,202210,202209,202209,202210,202209,202209,202209,202212
2022-07-20,202209,202209,202210,202209,202209,202210,202209,202209,202209,202212
2022-07-21,202209,202209,202210,202209,202209,202210,202209,202209,202209,202212
2022-07-22,202209,202209,202210,202209,202209,202210,202209,202209,202209,202212
2022-07-25,202209,202209,202210,202209,202209,202210,202209,202209,202209,202212
2022-07-26,202209,202209,202210,202209,202209,202210,202209,202209,202209,202212
2022-07-27,202209,202209,202210,202209,202209,202210,202209,202209,202301,202210
2022-07-28,202209,202209,202210,202209,202209,202210,202209,202209,202301,202210
2022-07-29,202209,202209,202210,202209,202209,202210,202209,202209,202301,202210
2022-08-01,202209,202209,202210,202209,202209,202210,202209,202209,202301,202210
2022-08-02,202209,202209,202210,202209,202209,202210,202209,202209,202301,202210
2022-08-03,202209,202209,202210,202209,202209,202210,202209,202209,202301,202212
2022-08-04,202209,202209,202210,202209,202209,202210,202209,202209,202301,202212
2022-08-05,202209,202209,202210,202209,202209,202210,202209,202209,202301,202212
2022-08-08,202209,202209,202210,202209,202209,202210,202209,202209,202301,202212
2022-08-09,202209,202209,202210,202209,202209,202210,202209,202209,202301,202212
2022-08-10,202209,202209,202210,202209,202209,202210,202209,202209,202301,202212
2022-08-11,202209,202209,202210,202209,202209,202210,202209,202209,202301,202212
2022-08-12,202209,202209,202210,202209,202209,202210,202209,202209,202301,202212
2022-08-15,202209,202209,202210,202209,202209,202210,202209,202209,202301,202212
2022-08-16,202209,202209,202210,202209,202209,202210,202209,202209,202301,202212
2022-08-17,202209,202209,202210,202209,202209,202210,202209,202301,202301,202212
2022-08-18,202209,202209,202210,202209,202209,202210,202209,202301,202301,202212
2022-08-19,202209,202209,202210,202209,202209,202210,202209,202301,202301,202212
2022-08-22,202210,202209,202210,202209,202211,202210,202209,202301,202301,202212
2022-08-23,202210,202209,202210,202209,202211,202210,202209,202301,202301,202212
2022-08-24,202210,202209,202210,202209,202211,202210,202209,202301,202301,202212
2022-08-25,202210,202209,202210,202209,202211,202210,202209,202301,202301,202212
2022-08-26,202210,202211,202210,202209,202211,202210,202209,202301,202301,202212
2022-08-29,202210,202211,202210,202209,202211,202210,202210,202301,202301,202212
2022-08-30,202210,202211,202210,202209,202211,202210,202210,202301,202301,202212
2022-08-31,202210,202211,202210,202209,202211,202210,202210,202301,202301,202212
2022-09-01,202210,202211,202210,202301,202211,202210,202210,202210,202301,202212
2022-09-02,202210,202211,202210,202301,202211,202210,202210,202301,202301,202212
2022-09-05,202210,202211,202210,202301,202211,202210,202210,202301,202301,202212
2022-09-06,202210,202211,202210,202301,202211,202210,202210,202301,202301,202212
2022-09-07,202211,202211,202210,202301,202211,202210,202211,202301,202301,202212
2022-09-08,202211,202211,202210,202301,202211,202210,202211,202301,202301,202212
2022-09-09,202211,202211,202210,202301,202211,202210,202211,202301,202301,202212
2022-09-13,202211,202301,202210,202301,202211,202210,202211,202301,202301,202212
2022-09-14,202211,202301,202210,202301,202211,202210,202211,202301,202301,202212
2022-09-15,202211,202301,202210,202301,202211,202210,202211,202301,202301,202212
2022-09-16,202211,202301,202210,202301,202211,202210,202211,202301,202301,202212
2022-09-19,202211,202301,202210,202301,202211,202210,202211,202301,202301,202212
2022-09-20,202211,202301,202210,202301,202211,202210,202211,202301,202301,202212
2022-09-21,202211,202211,202210,202301,202211,202210,202211,202301,202301,202212
2022-09-22,202211,202211,202210,202301,202211,202210,202211,202301,202301,202212
2022-09-23,202211,202211,202210,202301,202211,202210,202211,202301,202301,202212
2022-09-26,202211,202301,202210,202301,202211,202210,202211,202301,202301,202212
2022-09-27,202211,202301,202210,202301,202211,202210,202211,202301,202301,202212
2022-09-28,202211,202301,202301,202301,202211,202210,202211,202301,202301,202212
2022-09-29,202211,202301,202301,202301,202211,202301,202211,202301,202301,202212
2022-09-30,202211,202301,202301,202301,202211,202301,202211,202301,202301,202212
2022-10-10,202211,202301,202301,202301,202211,202301,202211,202301,202301,202212
2022-10-11,202211,202301,202301,202301,202211,202301,202211,202301,202301,202212
2022-10-12,202211,202301,202301,202301,202211,202301,202212,202301,202301,202212
2022-10-13,202301,202301,202301,202301,202212,202301,202212,202301,202301,202212
2022-10-14,202301,202301,202301,202301,202212,202301,202212,202301,202301,202212
2022-10-17,202301,202301,202301,202301,202212,202301,202301,202301,202301,202212
2022-10-18,202301,202301,202301,202301,202212,202301,202301,202301,202301,202212
2022-10-19,202301,202301,202301,202301,202301,202301,202301,202301,202301,202212
2022-10-20,202301,202301,202301,202301,202301,202301,202301,202301,202301,202212
2022-10-21,202301,202301,202301,202301,202301,202301,202301,202301,202301,202212
2022-10-24,202301,202301,202301,202301,202212,202301,202301,202301,202301,202212
2022-10-25,202212,202301,202301,202301,202212,202301,202301,202301,202301,202212
2022-10-26,202212,202301,202301,202301,202212,202301,202301,202301,202301,202212
2022-10-27,202212,202301,202301,202301,202212,202301,202301,202301,202301,202212
2022-10-28,202212,202301,202301,202301,202212,202301,202301,202301,202301,202212
2022-10-31,202301,202301,202301,202301,202212,202301,202301,202301,202301,202212
2022-11-01,202301,202301,202301,202301,202212,202301,202301,202301,202301,202212
2022-11-02,202301,202301,202301,202301,202301,202301,202301,202301,202301,202212
2022-11-03,202301,202301,202301,202301,202301,202301,202301,202301,202301,202212
2022-11-04,202301,202301,202301,202301,202301,202301,202301,202301,202301,202212
2022-11-07,202301,202301,202301,202301,202301,202301,202301,202301,202301,202212
2022-11-08,202301,202301,202301,202301,202301,202301,202301,202301,202301,202212
2022-11-09,202301,202301,202301,202301,202301,202301,202301,202301,202301,202212
2022-11-10,202301,202301,202301,202301,202301,202301,202301,202301,202301,202212
2022-11-11,202301,202301,202301,202301,202301,202301,202301,202301,202301,202212
2022-11-14,202301,202301,202301,202301,202301,202301,202301,202301,202301,202212
2022-11-15,202301,202301,202301,202301,202301,202301,202301,202301,202301,202212
2022-11-16,202301,202301,202301,202301,202301,202301,202301,202301,202301,202212
2022-11-17,202301,202301,202301,202301,202301,202301,202301,202301,202301,202212
2022-11-18,202301,202301,202301,202301,202301,202301,202301,202301,202301,202212
2022-11-21,202301,202301,202301,202301,202301,202301,202301,202301,202301,202212
2022-11-22,202301,202301,202301,202301,202301,202301,202301,202301,202301,202212
2022-11-23,202301,202301,202301,202301,202301,202301,202301,202301,202301,202212
2022-11-24,202301,202301,202301,202301,202301,202301,202301,202301,202301,202212
2022-11-25,202301,202301,202301,202301,202301,202301,202301,202301,202301,202212
2022-11-28,202301,202301,202301,202301,202301,202301,202301,202301,202301,202212
2022-11-29,202301,202301,202301,202301,202301,202301,202301,202301,202301,202212
2022-11-30,202301,202301,202301,202301,202301,202301,202301,202301,202301,202302
2022-12-01,202301,202301,202301,202301,202301,202301,202301,202301,202301,202302
2022-12-02,202301,202301,202301,202301,202301,202301,202301,202301,202301,202302
2022-12-05,202301,202301,202301,202301,202301,202301,202301,202301,202301,202302
2022-12-06,202301,202301,202303,202301,202301,202301,202301,202301,202301,202302
2022-12-07,202301,202301,202303,202301,202301,202301,202301,202301,202301,202302
2022-12-08,202301,202301,202304,202301,202301,202301,202301,202301,202301,202302
2022-12-09,202301,202301,202303,202301,202301,202301,202301,202305,202301,202302
2022-12-12,202301,202301,202303,202301,202301,202301,202301,202305,202301,202302
2022-12-13,202301,202301,202303,202301,202301,202301,202301,202305,202301,202302
2022-12-14,202301,202301,202303,202301,202301,202301,202301,202305,202301,202302
2022-12-15,202301,202301,202303,202301,202301,202301,202301,202305,202301,202302
2022-12-16,202302,202301,202303,202301,202301,202301,202301,202305,202301,202302
2022-12-19,202302,202301,202303,202301,202301,202301,202301,202305,202301,202302
2022-12-20,202302,202301,202303,202301,202301,202301,202301,202305,202301,202302
2022-12-21,202302,202301,202303,202301,202302,202301,202301,202305,202301,202302
2022-12-22,202302,202301,202303,202301,202302,202301,202301,202305,202301,202302
2022-12-23,202302,202301,202303,202301,202302,202301,202302,202305,202303,202302
2022-12-26,202302,202301,202303,202301,202302,202301,202302,202305,202303,202302
2022-12-27,202302,202301,202305,202301,202302,202301,202302,202305,202303,202302
2022-12-28,202302,202301,202305,202305,202302,202305,202302,202305,202303,202302
2022-12-29,202302,202303,202305,202305,202302,202305,202302,202305,202303,202302
2022-12-30,202302,202303,202305,202305,202302,202305,202302,202305,202303,202302
2023-01-03,202303,202303,202305,202305,202303,202305,202302,202305,202303,202302
2023-01-04,202303,202303,202305,202305,202303,202305,202303,202305,202303,202302
2023-01-05,202303,202303,202305,202305,202303,202305,202303,202305,202303,202302
2023-01-06,202303,202303,202305,202305,202303,202305,202303,202305,202303,202302
2023-01-09,202303,202303,202305,202305,202303,202305,202303,202305,202303,202302
2023-01-10,202303,202303,202305,202305,202303,202305,202303,202305,202303,202302
2023-01-11,202303,202303,202305,202305,202303,202305,202303,202305,202303,202302
2023-01-12,202303,202303,202305,202305,202303,202305,202303,202305,202303,202302
2023-01-13,202303,202303,202305,202305,202303,202305,202303,202305,202303,202302
2023-01-16,202303,202303,202305,202305,202303,202305,202303,202305,202303,202302
2023-01-17,202303,202303,202305,202305,202303,202305,202303,202305,202303,202302
2023-01-18,202303,202303,202305,202305,202303,202305,202303,202305,202303,202304
2023-01-19,202303,202303,202305,202305,202303,202305,202303,202305,202303,202304
2023-01-20,202303,202303,202305,202305,202303,202305,202303,202305,202303,202304
2023-01-30,202303,202303,202305,202305,202303,202305,202303,202305,202303,202303
2023-01-31,202303,202303,202305,202305,202303,202305,202303,202305,202303,202305
2023-02-01,202304,202303,202305,202305,202303,202305,202305,202305,202303,202305
2023-02-02,202304,202305,202305,202305,202303,202305,202305,202305,202305,202305
2023-02-03,202304,202305,202305,202305,202303,202305,202305,202305,202305,202305
2023-02-06,202304,202303,202305,202305,202304,202305,202305,202305,202305,202305
2023-02-07,202304,202303,202305,202305,202304,202305,202305,202305,202305,202305
2023-02-08,202304,202305,202305,202305,202304,202305,202305,202305,202305,202305
2023-02-09,202304,202305,202305,202305,202304,202305,202305,202305,202305,202305
2023-02-10,202304,202305,202305,202305,202304,202305,202305,202305,202305,202305
2023-02-13,202304,202305,202305,202305,202304,202305,202305,202305,202305,202305
2023-02-14,202304,202305,202305,202305,202304,202305,202305,202305,202305,202305
2023-02-15,202304,202305,202305,202305,202304,202305,202305,202305,202305,202305
2023-02-16,202304,202305,202305,202305,202304,202305,202305,202305,202305,202305
2023-02-17,202304,202305,202305,202305,202304,202305,202305,202305,202305,202305
2023-02-20,202304,202305,202305,202305,202304,202305,202305,202305,202305,202305
2023-02-21,202304,202305,202305,202305,202304,202305,202305,202305,202305,202305
2023-02-22,202304,202305,202305,202305,202304,202305,202305,202305,202305,202305
2023-02-23,202304,202305,202305,202305,202304,202305,202305,202305,202305,202305
2023-02-24,202304,202305,202305,202305,202304,202305,202305,202305,202305,202305
2023-02-27,202304,202305,202305,202305,202304,202305,202305,202305,202305,202305
2023-02-28,202304,202305,202305,202305,202304,202305,202305,202305,202305,202306
2023-03-01,202305,202305,202305,202305,202304,202305,202305,202305,202305,202306
2023-03-02,202305,202305,202305,202305,202305,202305,202305,202305,202305,202306
2023-03-03,202305,202305,202305,202305,202305,202305,202305,202305,202305,202306
2023-03-06,202305,202305,202305,202305,202305,202305,202305,202305,202305,202306
2023-03-07,202305,202305,202305,202305,202305,202305,202305,202305,202305,202306
2023-03-08,202305,202305,202305,202305,202305,202305,202305,202305,202305,202306
2023-03-09,202305,202305,202305,202305,202305,202305,202305,202305,202305,202306
2023-03-10,202305,202305,202305,202305,202305,202305,202305,202305,202305,202306
2023-03-13,202305,202305,202305,202305,202305,202305,202305,202305,202305,202306
2023-03-14,202305,202305,202305,202305,202305,202305,202305,202305,202305,202306
2023-03-15,202305,202305,202305,202305,202305,202305,202305,202305,202305,202306
2023-03-16,202305,202305,202305,202305,202305,202305,202305,202305,202305,202306
2023-03-17,202305,202305,202305,202305,202305,202305,202305,202305,202305,202306
2023-03-20,202305,202305,202305,202305,202305,202305,202305,202305,202305,202306
2023-03-21,202305,202305,202305,202305,202305,202305,202305,202305,202305,202306
2023-03-22,202305,202305,202305,202305,202305,202305,202305,202305,202305,202306
2023-03-23,202305,202305,202305,202305,202305,202305,202305,202305,202305,202306
2023-03-24,202305,202305,202305,202305,202305,202305,202305,202305,202305,202306
2023-03-27,202305,202305,202305,202305,202305,202305,202305,202305,202305,202306
2023-03-28,202305,202305,202305,202305,202305,202305,202305,202305,202305,202306
2023-03-29,202305,202305,202305,202305,202305,202305,202305,202305,202305,202306
2023-03-30,202305,202305,202305,202305,202305,202305,202305,202305,202305,202306
2023-03-31,202305,202305,202305,202305,202305,202305,202305,202305,202305,202306
2023-04-03,202305,202305,202305,202305,202305,202305,202305,202305,202305,202306
2023-04-04,202305,202305,202305,202305,202305,202305,202305,202305,202305,202306
2023-04-06,202305,202305,202305,202305,202305,202305,202305,202305,202305,202306
2023-04-07,202305,202305,202305,202305,202305,202305,202305,202305,202305,202306
2023-04-10,202305,202305,202305,202305,202305,202305,202305,202305,202305,202306
2023-04-11,202305,202305,202307,202305,202305,202305,202305,202305,202305,202306
2023-04-12,202305,202305,202307,202305,202305,202305,202305,202309,202305,202306
2023-04-13,202305,202305,202307,202305,202305,202305,202305,202309,202305,202306
2023-04-14,202305,202305,202307,202305,202305,202305,202305,202309,202305,202306
2023-04-17,202306,202305,202307,202305,202305,202305,202305,202309,202305,202306
2023-04-18,202306,202305,202307,202305,202305,202305,202305,202309,202305,202306
2023-04-19,202306,202305,202307,202305,202306,202305,202305,202309,202307,202306
2023-04-20,202306,202305,202307,202305,202306,202305,202305,202309,202307,202306
2023-04-21,202306,202305,202308,202305,202306,202305,202305,202309,202307,202306
2023-04-24,202306,202307,202307,202305,202306,202305,202306,202309,202307,202306
2023-04-25,202306,202307,202307,202307,202306,202308,202306,202309,202307,202306
2023-04-26,202306,202307,202305,202307,202306,202308,202306,202309,202307,202306
2023-04-27,202306,202307,202307,202307,202306,202305,202306,202309,202307,202306
2023-04-28,202306,202307,202310,202307,202306,202310,202306,202309,202307,202306
2023-05-04,202306,202307,202310,202307,202306,202310,202306,202309,202307,202306
2023-05-05,202306,202307,202310,202307,202306,202310,202307,202309,202307,202306
2023-05-08,202306,202307,202310,202309,202306,202310,202307,202309,202307,202306
2023-05-09,202307,202307,202310,202309,202307,202310,202307,202309,202307,202306
2023-05-10,202307,202307,202310,202309,202307,202310,202307,202309,202307,202306
2023-05-11,202307,202307,202310,202309,202307,202310,202307,202309,202307,202306
2023-05-12,202307,202307,202310,202309,202307,202310,202307,202309,202307,202306
2023-05-15,202307,202307,202310,202309,202307,202310,202307,202309,202307,202306
2023-05-16,202307,202307,202310,202309,202307,202310,202307,202309,202307,202306
2023-05-17,202307,202307,202310,202309,202307,202310,202307,202309,202307,202306
2023-05-18,202307,202307,202310,202309,202307,202310,202307,202309,202307,202306
2023-05-19,202307,202309,202310,202309,202307,202310,202307,202309,202307,202306
2023-05-22,202307,202309,202310,202309,202307,202310,202307,202309,202307,202306
2023-05-23,202307,202309,202310,202309,202307,202310,202307,202309,202307,202306
2023-05-24,202307,202307,202310,202309,202307,202310,202307,202309,202307,202306
2023-05-25,202307,202307,202310,202309,202307,202310,202307,202309,202307,202306
2023-05-26,202307,202309,202310,202309,202307,202310,202307,202309,202307,202306
2023-05-29,202307,202309,202310,202309,202307,202310,202307,202309,202307,202306
2023-05-30,202307,202309,202310,202309,202307,202310,202307,202309,202307,202308
2023-05-31,202307,202309,202310,202309,202307,202310,202307,202309,202307,202308
2023-06-01,202307,202309,202310,202309,202307,202310,202307,202309,202307,202308
2023-06-02,202308,202309,202310,202309,202307,202310,202307,202309,202307,202308
2023-06-05,202308,202309,202310,202309,202307,202310,202307,202309,202308,202308
2023-06-06,202308,202309,202310,202309,202309,202310,202307,202309,202308,202308
2023-06-07,202308,202309,202310,202309,202309,202310,202309,202309,202308,202308
2023-06-08,202308,202309,202310,202309,202308,202310,202309,202309,202308,202308
2023-06-09,202308,202309,202310,202309,202308,202310,202309,202309,202308,202308
2023-06-12,202308,202309,202310,202309,202308,202310,202309,202308,202308,202308
2023-06-13,202308,202309,202310,202309,202308,202310,202309,202308,202308,202308
2023-06-14,202308,202309,202310,202309,202308,202310,202309,202308,202308,202308
2023-06-15,202308,202309,202310,202309,202308,202310,202309,202308,202308,202308
2023-06-16,202308,202309,202310,202309,202308,202310,202309,202309,202308,202308
2023-06-19,202308,202309,202310,202309,202308,202310,202308,202309,202308,202308
2023-06-20,202308,202309,202310,202309,202308,202310,202308,202309,202308,202308
2023-06-21,202308,202309,202310,202309,202308,202310,202308,202309,202308,202308
2023-06-26,202308,202309,202310,202309,202308,202310,202308,202309,202308,202308
2023-06-27,202308,202309,202310,202309,202308,202310,202308,202309,202308,202308
2023-06-28,202308,202309,202310,202309,202308,202310,202308,202309,202308,202308
2023-06-29,202308,202309,202310,202309,202308,202310,202309,202309,202308,202308
2023-06-30,202308,202309,202310,202309,202308,202310,202309,202309,202308,202308
2023-07-03,202308,202309,202310,202309,202308,202310,202309,202309,202309,202308
2023-07-04,202309,202309,202310,202309,202308,202310,202309,202309,202309,202308
2023-07-05,202309,202309,202310,202309,202309,202310,202309,202309,202309,202308
2023-07-06,202309,202309,202310,202309,202309,202310,202309,202309,202309,202308
2023-07-07,202309,202309,202310,202309,202309,202310,202309,202309,202309,202308
2023-07-10,202309,202309,202310,202309,202309,202310,202309,202309,202309,202308
2023-07-11,202309,202309,202310,202309,202309,202310,202309,202309,202309,202308
2023-07-12,202309,202309,202310,202309,202309,202310,202309,202309,202309,202308
2023-07-13,202309,202309,202310,202309,202309,202310,202309,202309,202309,202308
2023-07-14,202309,202309,202310,202309,202309,202310,202309,202309,202309,202308
2023-07-17,202309,202309,202310,202309,202309,202310,202309,202309,202309,202308
2023-07-18,202309,202309,202310,202309,202309,202310,202309,202309,202309,202308
2023-07-19,202309,202309,202310,202309,202309,202310,202309,202309,202309,202310
2023-07-20,202309,202309,202310,202309,202309,202310,202309,202309,202309,202310
2023-07-21,202309,202309,202310,202309,202309,202310,202309,202309,202309,202310
2023-07-24,202309,202309,202310,202309,202309,202310,202309,202309,202309,202310
2023-07-25,202309,202309,202310,202309,202309,202310,202309,202309,202309,202310
2023-07-26,202309,202309,202310,202309,202309,202310,202309,202309,202309,202310
2023-07-27,202309,202309,202310,202309,202309,202310,202309,202309,202309,202310
2023-07-28,202309,202309,202310,202309,202309,202310,202309,202309,202309,202310
2023-07-31,202309,202309,202310,202309,202309,202310,202309,202309,202309,202310
2023-08-01,202309,202309,202310,202309,202309,202310,202309,202309,202309,202310
2023-08-02,202309,202309,202310,202309,202309,202310,202309,202309,202309,202310
2023-08-03,202309,202309,202310,202309,202309,202310,202309,202309,202309,202310
2023-08-04,202309,202309,202310,202309,202309,202310,202309,202310,202309,202310
2023-08-07,202309,202309,202310,202309,202309,202310,202309,202310,202309,202310
2023-08-08,202309,202309,202310,202309,202309,202310,202309,202310,202309,202310
2023-08-09,202309,202309,202310,202309,202309,202310,202309,202310,202309,202310
2023-08-10,202309,202309,202310,202309,202309,202310,202309,202310,202309,202310
2023-08-11,202309,202309,202310,202309,202309,202310,202309,202310,202309,202310
2023-08-14,202309,202309,202310,202309,202309,202310,202309,202310,202309,202310
2023-08-15,202309,202309,202310,202309,202309,202310,202309,202310,202309,202310
2023-08-16,202310,202309,202310,202310,202309,202310,202309,202310,202309,202310
2023-08-17,202310,202309,202310,202310,202310,202310,202309,202310,202309,202310
2023-08-18,202310,202309,202310,202310,202310,202310,202309,202310,202311,202310
2023-08-21,202310,202309,202310,202310,202310,202310,202309,202310,202311,202310
2023-08-22,202310,202309,202310,202310,202310,202310,202309,202310,202311,202310
2023-08-23,202310,202311,202310,202310,202310,202310,202309,202310,202311,202310
2023-08-24,202310,202311,202310,202310,202310,202310,202309,202310,202311,202310
2023-08-25,202310,202311,202310,202310,202310,202310,202310,202310,202311,202310
2023-08-28,202310,202401,202310,202310,202310,202310,202310,202310,202311,202310
2023-08-29,202310,202401,202310,202310,202310,202310,202310,202310,202311,202310
2023-08-30,202310,202401,202310,202310,202310,202310,202310,202310,202311,202310
2023-08-31,202310,202401,202310,202310,202310,202310,202310,202401,202311,202310
2023-09-01,202310,202401,202310,202311,202311,202310,202310,202401,202311,202310
2023-09-04,202311,202401,202310,202311,202311,202310,202311,202401,202311,202310
2023-09-05,202311,202401,202310,202311,202311,202310,202311,202401,202311,202310
2023-09-06,202311,202401,202310,202311,202311,202310,202311,202401,202311,202310
2023-09-07,202311,202401,202310,202311,202311,202310,202311,202401,202311,202310
2023-09-08,202311,202401,202310,202311,202311,202310,202311,202401,202311,202312
2023-09-11,202311,202401,202310,202311,202311,202310,202311,202401,202311,202312
2023-09-12,202311,202401,202311,202401,202311,202310,202311,202311,202311,202312
2023-09-13,202311,202401,202311,202401,202311,202310,202311,202311,202311,202312
2023-09-14,202311,202401,202311,202401,202311,202310,202311,202311,202311,202312
2023-09-15,202311,202401,202311,202401,202311,202310,202311,202401,202311,202312
2023-09-18,202311,202401,202311,202401,202311,202310,202311,202401,202311,202312
2023-09-19,202311,202401,202311,202401,202311,202310,202311,202401,202311,202312
2023-09-20,202311,202401,202311,202401,202311,202311,202311,202401,202311,202312
2023-09-21,202311,202401,202311,202401,202311,202310,202311,202401,202311,202312
2023-09-22,202311,202401,202311,202401,202311,202311,202311,202401,202311,202312
2023-09-25,202311,202401,202311,202311,202311,202311,202311,202401,202311,202312
2023-09-26,202311,202401,202311,202311,202311,202311,202311,202401,202311,202312
2023-09-27,202311,202401,202311,202311,202311,202401,202311,202401,202311,202312
2023-09-28,202311,202401,202311,202311,202311,202401,202401,202401,202311,202312
2023-10-09,202311,202401,202401,202401,202311,202401,202401,202401,202311,202312
2023-10-10,202312,202401,202401,202401,202311,202401,202312,202401,202311,202312
2023-10-11,202311,202401,202401,202401,202311,202401,202312,202401,202311,202312
2023-10-12,202312,202401,202401,202401,202401,202401,202312,202401,202401,202312
2023-10-13,202312,202401,202401,202401,202401,202401,202312,202401,202401,202312
2023-10-16,202312,202401,202401,202401,202401,202401,202312,202401,202401,202312
2023-10-17,202312,202401,202401,202401,202401,202401,202312,202401,202401,202312
2023-10-18,202312,202401,202401,202401,202312,202401,202312,202401,202401,202312
2023-10-19,202312,202401,202401,202401,202312,202401,202312,202401,202401,202312
2023-10-20,202312,202401,202401,202401,202312,202401,202312,202401,202401,202312
2023-10-23,202312,202401,202401,202401,202312,202401,202312,202401,202401,202312
2023-10-24,202312,202401,202401,202401,202312,202401,202312,202401,202401,202312
2023-10-25,202312,202401,202401,202401,202312,202401,202312,202401,202401,202312
2023-10-26,202312,202401,202401,202401,202312,202401,202312,202401,202401,202312
2023-10-27,202312,202401,202401,202401,202312,202401,202312,202401,202401,202312
2023-10-30,202312,202401,202401,202401,202312,202401,202312,202401,202401,202312
2023-10-31,202312,202401,202401,202401,202312,202401,202312,202401,202401,202312
2023-11-01,202312,202401,202401,202401,202401,202401,202312,202401,202401,202312
2023-11-02,202401,202401,202401,202401,202401,202401,202401,202401,202401,202312
2023-11-03,202401,202401,202401,202401,202401,202401,202401,202401,202401,202312
2023-11-06,202401,202401,202401,202401,202401,202401,202401,202401,202401,202312
2023-11-07,202401,202401,202401,202401,202401,202401,202401,202401,202401,202312
2023-11-08,202401,202401,202401,202401,202401,202401,202401,202401,202401,202312
2023-11-09,202401,202401,202401,202401,202401,202401,202401,202401,202401,202312
2023-11-10,202401,202401,202401,202401,202401,202401,202401,202401,202401,202312
2023-11-13,202401,202401,202401,202401,202401,202401,202401,202401,202401,202312
2023-11-14,202401,202401,202401,202401,202401,202401,202401,202401,202401,202312
2023-11-15,202401,202401,202401,202401,202401,202401,202401,202401,202401,202312
2023-11-16,202401,202401,202401,202401,202401,202401,202401,202401,202401,202312
2023-11-17,202401,202401,202401,202401,202401,202401,202401,202401,202401,202312
2023-11-20,202401,202401,202401,202401,202401,202401,202401,202401,202401,202312
2023-11-21,202401,202401,202401,202401,202401,202401,202401,202401,202401,202312
2023-11-22,202401,202401,202401,202401,202401,202401,202401,202401,202401,202402
2023-11-23,202401,202401,202401,202401,202401,202401,202401,202401,202401,202402
2023-11-24,202401,202401,202401,202401,202401,202401,202401,202401,202401,202402
2023-11-27,202401,202401,202401,202401,202401,202401,202401,202401,202401,202402
2023-11-28,202401,202401,202401,202401,202401,202401,202401,202401,202401,202402
2023-11-29,202401,202401,202401,202401,202401,202401,202401,202401,202401,202402
2023-11-30,202401,202401,202401,202401,202401,202401,202401,202401,202401,202402
2023-12-01,202401,202401,202401,202401,202401,202401,202401,202401,202401,202402
2023-12-04,202401,202401,202401,202401,202401,202401,202401,202401,202401,202402
2023-12-05,202401,202401,202401,202401,202401,202401,202401,202401,202401,202402
2023-12-06,202401,202401,202401,202401,202401,202401,202401,202401,202401,202402
2023-12-07,202401,202401,202401,202401,202401,202401,202401,202401,202401,202402
2023-12-08,202401,202401,202401,202401,202401,202401,202401,202401,202401,202402
2023-12-11,202401,202401,202401,202401,202401,202401,202401,202401,202401,202402
2023-12-12,202401,202401,202401,202401,202401,202401,202401,202405,202401,202402
2023-12-13,202401,202401,202401,202401,202401,202401,202401,202405,202401,202402
2023-12-14,202401,202401,202401,202401,202401,202401,202401,202405,202401,202402
2023-12-15,202401,202401,202401,202401,202401,202401,202401,202405,202401,202402
2023-12-18,202401,202401,202401,202401,202402,202401,202401,202405,202403,202402
2023-12-19,202401,202401,202403,202401,202402,202401,202401,202405,202403,202402
2023-12-20,202402,202401,202403,202401,202402,202401,202401,202405,202403,202402
2023-12-21,202402,202401,202403,202401,202402,202401,202401,202405,202403,202402
2023-12-22,202402,202403,202401,202401,202402,202401,202401,202405,202403,202402
2023-12-25,202402,202403,202401,202401,202402,202401,202401,202405,202403,202402
2023-12-26,202402,202403,202403,202402,202402,202401,202401,202405,202403,202402
2023-12-27,202402,202403,202403,202402,202402,202401,202401,202405,202403,202402
2023-12-28,202402,202403,202403,202402,202402,202401,202401,202405,202403,202402
2023-12-29,202402,202403,202403,202402,202402,202401,202403,202405,202403,202402
2024-01-02,202405,202405,202405,202405,202405,202405,202403,202405,202405,202405
2024-01-03,202405,202405,202405,202405,202405,202405,202403,202405,202405,202405
2024-01-04,202405,202403,202405,202405,202405,202405,202403,202405,202405,202405
2024-01-05,202405,202403,202405,202405,202405,202405,202403,202405,202405,202405
2024-01-08,202405,202403,202405,202405,202405,202405,202403,202405,202405,202405
2024-01-09,202405,202403,202405,202405,202405,202405,202403,202405,202405,202405
2024-01-10,202405,202405,202405,202405,202405,202405,202403,202405,202405,202406
2024-01-11,202405,202405,202405,202405,202405,202405,202403,202405,202405,202406
2024-01-12,202405,202405,202405,202405,202405,202405,202405,202405,202405,202406
2024-01-15,202405,202405,202405,202405,202405,202405,202405,202405,202405,202405
2024-01-16,202405,202405,202405,202405,202405,202405,202405,202405,202405,202405
2024-01-17,202405,202405,202405,202405,202405,202405,202405,202405,202405,202405
2024-01-18,202405,202405,202405,202405,202405,202405,202405,202405,202405,202406
2024-01-19,202405,202405,202405,202405,202405,202405,202405,202405,202405,202406
2024-01-22,202405,202405,202405,202405,202405,202405,202405,202405,202405,202406
2024-01-23,202405,202405,202405,202405,202405,202405,202405,202405,202405,202406
2024-01-24,202405,202405,202405,202405,202405,202405,202405,202405,202405,202406
2024-01-25,202405,202405,202405,202405,202405,202405,202405,202405,202405,202406
2024-01-26,202405,202405,202405,202405,202405,202405,202405,202405,202405,202406
2024-01-29,202405,202405,202405,202405,202405,202405,202405,202405,202405,202406
2024-01-30,202405,202405,202405,202405,202405,202405,202405,202405,202405,202406
2024-01-31,202405,202405,202405,202405,202405,202405,202405,202405,202405,202406
2024-02-01,202405,202405,202405,202405,202405,202405,202405,202405,202405,202406
2024-02-02,202405,202405,202405,202405,202405,202405,202405,202405,202405,202406
2024-02-05,202405,202405,202405,202405,202405,202405,202405,202405,202405,202406
2024-02-06,202405,202405,202405,202405,202405,202405,202405,202405,202405,202406
2024-02-07,202405,202405,202405,202405,202405,202405,202405,202405,202405,202406
2024-02-08,202405,202405,202405,202405,202405,202405,202405,202405,202405,202406
2024-02-19,202405,202405,202405,202405,202405,202405,202405,202405,202405,202406
2024-02-20,202405,202405,202405,202405,202405,202405,202405,202405,202405,202406
2024-02-21,202405,202405,202405,202405,202405,202405,202405,202405,202405,202406
2024-02-22,202405,202405,202405,202405,202405,202405,202405,202405,202405,202406
2024-02-23,202405,202405,202405,202405,202405,202405,202405,202405,202405,202406
2024-02-26,202405,202405,202405,202405,202405,202405,202405,202405,202405,202406
2024-02-27,202405,202405,202405,202405,202405,202405,202405,202405,202405,202406
2024-02-28,202405,202405,202405,202405,202405,202405,202405,202405,202405,202406
2024-02-29,202405,202405,202405,202405,202405,202405,202405,202405,202405,202406
2024-03-01,202405,202405,202405,202405,202405,202405,202405,202405,202405,202406
2024-03-04,202405,202405,202405,202405,202405,202405,202405,202405,202405,202406
2024-03-05,202405,202405,202405,202405,202405,202405,202405,202405,202405,202406
2024-03-06,202405,202405,202405,202405,202405,202405,202405,202405,202405,202406
2024-03-07,202405,202405,202405,202405,202405,202405,202405,202405,202405,202406
2024-03-08,202405,202405,202405,202405,202405,202405,202405,202405,202405,202406
2024-03-11,202405,202405,202405,202405,202405,202405,202405,202405,202405,202406
2024-03-12,202405,202405,202405,202405,202405,202405,202405,202405,202405,202406
2024-03-13,202405,202405,202405,202405,202405,202405,202405,202405,202405,202406
2024-03-14,202405,202405,202405,202405,202405,202405,202405,202405,202405,202406
2024-03-15,202405,202405,202405,202405,202405,202405,202405,202405,202405,202406
2024-03-18,202405,202405,202405,202405,202405,202405,202405,202405,202405,202406
2024-03-19,202405,202405,202405,202405,202405,202405,202405,202405,202405,202406
2024-03-20,202405,202405,202405,202405,202405,202405,202405,202405,202405,202406
2024-03-21,202405,202405,202405,202405,202405,202405,202405,202405,202405,202406
2024-03-22,202405,202405,202405,202405,202405,202405,202405,202405,202405,202406
2024-03-25,202405,202405,202405,202405,202405,202405,202405,202405,202405,202406
2024-03-26,202405,202405,202405,202405,202405,202405,202405,202405,202405,202406
2024-03-27,202405,202405,202405,202405,202405,202405,202405,202405,202405,202406
2024-03-28,202405,202405,202405,202405,202405,202405,202405,202405,202405,202406
2024-03-29,202405,202405,202405,202405,202405,202405,202405,202405,202405,202406
2024-04-01,202405,202405,202405,202405,202405,202405,202405,202405,202405,202406
2024-04-02,202405,202405,202405,202405,202405,202405,202405,202405,202405,202406
2024-04-03,202405,202405,202405,202405,202405,202405,202405,202405,202405,202406
2024-04-08,202405,202405,202405,202405,202405,202405,202405,202405,202405,202406
2024-04-09,202405,202405,202405,202405,202405,202405,202405,202405,202405,202406
2024-04-10,202405,202405,202405,202405,202405,202405,202405,202405,202405,202406
2024-04-11,202405,202405,202405,202405,202405,202405,202405,202405,202405,202406
2024-04-12,202405,202405,202405,202405,202405,202405,202405,202405,202405,202406
2024-04-15,202405,202405,202405,202405,202405,202405,202405,202405,202405,202406
2024-04-16,202405,202405,202405,202405,202405,202405,202405,202405,202407,202406
2024-04-17,202405,202405,202405,202405,202405,202405,202405,202409,202407,202406
2024-04-18,202405,202405,202405,202405,202405,202405,202405,202409,202407,202406
2024-04-19,202405,202405,202405,202405,202405,202405,202405,202409,202407,202406
2024-04-22,202405,202405,202405,202405,202405,202405,202405,202409,202407,202406
