Date,TA,M,RB,FG,MA,HC,V,SA,RM,AG,combined
2019-12-06,0,0,0,0,0,0,0,0,0,0,0
2019-12-09,2400,169,-636,2850,1312,612,750,0,60,12,7529
2019-12-10,2304,2325,2500,3089,5162,3588,3855,0,310,-2,23131
2019-12-11,-1026,-1395,1200,1388,-1278,4364,-2985,0,70,-317,21
2019-12-12,-450,-4644,1099,3110,189,3782,-1185,0,-130,-101,1670
2019-12-13,-2946,-2036,-3287,2616,-995,350,1055,0,-132,-525,-5900
2019-12-16,-2066,-2036,-2871,1376,-6019,2118,-1185,0,-147,-545,-11375
2019-12-17,-1922,-748,-3663,7382,2066,1912,-545,0,-147,-585,3750
2019-12-18,-494,-4428,663,6222,-1054,2566,2055,0,141,-425,5246
2019-12-19,-902,-5348,-459,5385,-3910,604,1730,0,167,-645,-3378
2019-12-20,442,-2870,3013,4133,-5107,6676,-4445,0,-253,-1295,294
2019-12-23,-2482,-2870,-151,7313,-3273,4206,-3440,0,239,-1745,-2203
2019-12-24,-2272,-3745,-3026,4769,-5833,14,-5300,0,-90,-2087,-17570
2019-12-25,-2496,-3921,1990,6364,-5437,4622,-4385,0,638,-2472,-5097
2019-12-26,-4584,-3921,3334,10156,-10057,5490,-4685,0,-160,-2286,-6713
2019-12-27,-5048,3559,3778,11552,-13621,5740,-2585,0,-3198,-2306,-2129
2019-12-30,-2948,4579,6514,10806,-8746,9042,-3485,0,-3935,-2444,9383
2019-12-31,-2372,4871,3962,12322,-10345,6270,-5345,0,-4055,-2375,2933
2020-01-02,-3716,2097,3418,18498,-11927,4810,-5650,0,-3819,-2375,1336
2020-01-03,-5522,-883,5514,19294,-16327,6514,-2600,0,-2599,-2375,1016
2020-01-06,-3682,90,7242,18902,-15043,7402,-4805,0,-4307,-2375,3424
2020-01-07,-4150,-2250,12426,19698,-19343,15448,-1340,0,-3253,-2284,14952
2020-01-08,-2198,-3174,4886,17280,-11363,6480,-3860,0,-2460,-2464,3127
2020-01-09,-2134,-8740,7254,18102,-11462,8700,2030,0,102,-2475,11377
2020-01-10,-2106,-10695,3513,11462,-19085,4794,-3410,0,102,-2475,-17900
2020-01-13,-1466,-9967,7543,12318,-15785,8762,-4860,0,1062,-2394,-4787
2020-01-14,-1330,-7942,4599,15406,-14428,6144,-4585,0,-387,-2429,-4952
2020-01-15,-1738,-8254,7599,17686,-13713,9290,-4885,0,-318,-2451,3216
2020-01-16,-1776,-8594,11804,17106,-12653,15170,-5485,0,382,-2487,13467
2020-01-17,-2256,-8780,12698,16525,-15409,14594,-7035,0,-818,-2479,7040
2020-01-20,-848,-7583,8318,9936,-14161,9154,-6355,0,-2978,-2557,-7074
2020-01-21,-848,-8831,7282,15345,-11473,6706,-7025,0,748,-2305,-401
2020-01-22,-296,-10476,660,225,-10875,2686,-8365,0,2074,-2311,-26678
2020-01-23,7912,-12772,-30500,-31182,-4640,-25952,-22555,0,7115,-2458,-115032
2020-02-03,8412,-10564,-12020,-27542,-6731,-14603,-19855,0,2110,-2401,-83194
2020-02-04,7824,-10850,-11892,-26377,-7207,-14279,-18215,0,2781,-2401,-80616
2020-02-05,7164,-10884,-10461,-19881,-7801,-12935,-17630,0,2937,-2345,-71836
2020-02-06,7068,-10954,-8129,-20317,-8991,-11759,-17430,0,3099,-2397,-69810
2020-02-07,7374,-10778,-7973,-19327,-8651,-12479,-16650,0,1965,-2369,-68888
2020-02-10,6834,-10730,-5009,-18535,-8787,-9599,-14700,0,2295,-2397,-60628
2020-02-11,7014,-10825,-4749,-17353,-8277,-8927,-15090,0,2680,-2087,-57614
2020-02-12,6900,-10705,-4281,-17154,-8557,-8786,-15090,0,425,-2227,-59475
2020-02-13,6444,-10669,-3449,-17353,-8802,-7987,-13335,0,779,-2277,-56649
2020-02-14,6044,-10707,-849,-16759,-9502,-6389,-13530,0,-509,-2472,-54673
2020-02-17,6564,-10597,-2863,-17356,-8452,-7047,-13920,0,-69,-2514,-56254
2020-02-18,6354,-10639,-3552,-16747,-9608,-7517,-14895,0,-546,-3132,-60282
2020-02-19,5518,-10648,-1056,-13947,-9713,-6154,-13725,0,-228,-3222,-53175
2020-02-20,5288,-10600,-1160,-12771,-9611,-5770,-12525,0,-122,-3497,-50768
2020-02-21,6254,-10068,-1732,-12204,-8693,-6113,-13325,0,2263,-3633,-47251
2020-02-24,6638,-10372,-166,-12204,-9803,-5013,-12915,0,1150,-3536,-46221
2020-02-25,8414,-10232,-1678,-12762,-8767,-6186,-14015,0,1786,-3583,-47023
2020-02-26,9998,-10298,-2613,-14662,-8423,-7206,-14935,0,1097,-3583,-50625
2020-02-27,11966,-9386,-6903,-16719,-5343,-11210,-16545,0,3217,-3583,-54506
2020-02-28,10816,-12158,-2503,-13625,-7455,-6722,-14745,0,-2295,-3583,-52270
2020-03-02,9716,-12274,-1723,-14500,-7842,-6477,-14305,0,-3179,-3495,-54079
2020-03-03,9266,-12106,277,-13675,-7674,-5208,-13875,0,-3138,-4005,-50138
2020-03-04,9616,-12232,-673,-13995,-7938,-5396,-13875,0,-3498,-3963,-51954
2020-03-05,11066,-11902,-1723,-15243,-7713,-6430,-15345,0,-2367,-4155,-53812
2020-03-06,16578,-10867,-1923,-18456,-2261,-6718,-20880,0,129,-2755,-47153
2020-03-09,19906,-11542,-852,-17496,-2966,-5806,-16880,0,-897,-3556,-40089
2020-03-10,19642,-10926,-1095,-16424,-1712,-5542,-16115,0,143,-3583,-35612
2020-03-11,23004,-10530,-1625,-16934,396,-6284,-16790,0,659,-2755,-30859
2020-03-12,23268,-11825,71,-21308,396,-5436,-15910,0,-244,-625,-31613
2020-03-13,27500,-11492,-2925,-29524,2244,-8004,-17380,0,229,1625,-37727
2020-03-16,30956,-12269,-372,-32813,3994,-8539,-18405,231,-191,5165,-32243
2020-03-17,35948,-11623,-2856,-35218,7810,-13733,-22585,351,271,7125,-34510
2020-03-18,42514,-10825,-8376,-39916,10844,-16169,-27765,845,1132,7746,-39970
2020-03-19,37906,-14140,-17190,-40056,7924,-27832,-26715,845,-1902,5696,-75464
2020-03-20,44486,-18158,-26535,-43976,9256,-39970,-32235,1377,-6022,5826,-105951
2020-03-23,47066,-18328,-19543,-41976,10516,-32886,-34435,1124,-5342,3918,-89886
2020-03-24,45088,-19588,-17966,-41376,12166,-32760,-34855,1152,-6182,2028,-92293
2020-03-25,46550,-17617,-19742,-42056,12470,-35400,-37015,1555,-4859,2181,-93933
2020-03-26,48700,-18517,-20618,-42200,18456,-34870,-37735,1870,-6459,1713,-89660
2020-03-27,56004,-19023,-27143,-42395,24672,-39654,-39415,3580,-7172,3549,-86997
2020-03-30,52404,-18803,-27809,-42399,21792,-40062,-39745,2656,-6731,2919,-95778
2020-03-31,55242,-17087,-32033,-42215,24102,-43446,-39565,2846,-4546,3175,-93527
2020-04-01,49402,-16779,-28073,-42317,18327,-39891,-39665,2126,-4672,2479,-99063
2020-04-02,47762,-15833,-30513,-40809,17859,-41697,-39835,3072,-3792,1991,-101795
2020-04-03,45818,-15879,-29561,-41436,14889,-40633,-40360,2392,-4320,279,-108811
2020-04-07,46168,-16215,-27471,-41526,15234,-39153,-40180,1613,-4656,895,-105291
2020-04-08,43158,-16243,-23937,-41526,10197,-37405,-40180,1408,-4843,825,-108546
2020-04-09,43734,-16363,-20386,-42018,8633,-35245,-40300,1778,-4795,650,-104312
2020-04-10,46674,-15659,-19686,-39282,10521,-34860,-40450,3722,-4507,818,-92709
2020-04-13,45414,-15791,-19827,-40302,14682,-35540,-40150,2822,-4603,258,-93037
2020-04-14,45764,-15896,-20344,-41622,13802,-35676,-40180,1652,-4858,755,-96603
2020-04-15,47792,-13958,-19780,-40786,16840,-34384,-39970,2520,-3988,244,-85470
2020-04-16,48352,-14398,-19968,-42508,15414,-34350,-40130,2112,-4183,881,-88778
2020-04-17,49952,-12922,-20861,-41848,15234,-34911,-40130,1606,-3721,959,-86642
2020-04-20,53970,-12750,-22036,-41088,18414,-36000,-39455,2024,-3833,833,-79921
2020-04-21,61596,-14145,-20288,-41244,21010,-35142,-38955,2184,-3987,1862,-67109
2020-04-22,52904,-14385,-21990,-40752,16585,-36396,-39655,1918,-4295,826,-85240
2020-04-23,52752,-13821,-21405,-41592,19079,-35788,-39380,1958,-4295,655,-81837
2020-04-24,54352,-14573,-22260,-42138,20510,-36236,-40095,1996,-4667,1033,-82078
2020-04-27,52992,-12505,-23205,-41441,18170,-36732,-40215,2516,-4128,1699,-82849
2020-04-28,50682,-12046,-22869,-42121,18062,-36468,-40545,2668,-3978,1099,-85516
2020-04-29,49720,-12656,-20321,-42457,14441,-34560,-41105,2592,-3938,729,-87555
2020-04-30,47128,-14454,-18697,-43633,14241,-33312,-43555,2432,-4244,1059,-93035
2020-05-06,46912,-14064,-16375,-44166,15726,-31374,-42855,2712,-4260,1335,-86409
2020-05-07,46912,-15954,-16105,-44462,14890,-30516,-44745,2732,-4365,-249,-91862
2020-05-08,47752,-14713,-16159,-45232,15580,-30750,-44115,2675,-4305,-293,-89560
2020-05-11,48610,-15145,-15519,-45397,16880,-30255,-42715,2560,-4311,6,-85286
2020-05-12,49090,-14932,-15123,-46064,15380,-30025,-43485,2344,-4287,-306,-87408
2020-05-13,48130,-12524,-16201,-45868,15380,-29654,-44430,2296,-4311,-426,-87608
2020-05-14,44346,-12696,-14773,-45436,14479,-28373,-46300,2224,-4311,-2514,-93354
2020-05-15,43202,-15756,-9404,-46164,16091,-23273,-47730,1912,-4191,-5430,-90743
2020-05-18,42698,-15036,-7564,-46364,16415,-21803,-46855,1984,-4236,-4734,-85495
2020-05-19,38434,-17220,-9004,-46404,14491,-22959,-49105,1915,-4061,-5846,-99759
2020-05-20,38434,-15560,-6250,-46557,14196,-21426,-50485,1937,-4313,-5041,-95065
2020-05-21,42178,-16340,-12676,-46221,17331,-25666,-49960,2525,-4335,-4721,-97885
2020-05-22,40898,-19112,-14262,-47196,16867,-26994,-50815,1955,-3927,-4789,-107375
2020-05-25,40750,-18962,-15958,-47218,17111,-26918,-50995,1723,-3862,-5273,-109602
2020-05-26,41712,-20204,-15102,-47182,15284,-25943,-50570,1655,-3667,-5021,-109038
2020-05-27,40454,-18724,-14360,-47176,15556,-25163,-50090,1335,-3499,-5219,-106886
2020-05-28,42254,-19494,-6870,-47170,17120,-19317,-49600,895,-3235,-5249,-90666
2020-05-29,39302,-18429,-7200,-47090,15464,-18415,-51355,1067,-4015,-5667,-96338
2020-06-01,39530,-17885,-1544,-46940,15839,-16203,-52590,1302,-3709,-5599,-87799
2020-06-02,37690,-18701,-1437,-47111,11759,-19772,-52480,-831,-3324,-5506,-99713
2020-06-03,41596,-20979,-4598,-47351,12527,-21612,-52300,1559,-2214,-5506,-98878
2020-06-04,39612,-22604,-3926,-47108,9487,-19657,-52460,-520,-1614,-5506,-104296
2020-06-05,35412,-21044,-2150,-47108,10873,-17389,-52775,-297,-1878,-5506,-101862
2020-06-08,36372,-21227,-1686,-47652,11281,-16867,-52655,7127,-1578,-5520,-92405
2020-06-09,37434,-21115,-4780,-47516,11887,-19595,-52605,6609,-2181,-5484,-97346
2020-06-10,39174,-20345,-3637,-46844,15731,-17997,-52445,8100,-4197,-5453,-87913
2020-06-11,39894,-22127,-512,-46529,17231,-14685,-52475,5702,-2393,-5520,-81414
2020-06-12,42018,-20590,-6231,-46603,21711,-17821,-52425,4113,-4825,-5626,-86279
2020-06-15,38596,-22040,-3015,-46562,17883,-14851,-52490,5451,-4363,-5596,-86987
2020-06-16,37416,-21060,-4131,-46838,18395,-15907,-52490,5011,-4507,-5558,-89669
2020-06-17,38112,-20922,-1381,-46887,18523,-11587,-52535,6964,-4291,-5556,-79560
2020-06-18,36720,-20562,3407,-46617,15418,-7901,-52490,5739,-5191,-5530,-77007
2020-06-19,37300,-21160,1871,-46385,16925,-10109,-52700,6465,-3571,-5454,-76818
2020-06-22,38032,-20424,347,-46450,13661,-12340,-52800,8145,-4771,-5495,-82095
2020-06-23,38154,-20800,-209,-44260,14805,-12230,-52700,12081,-4516,-5393,-75068
2020-06-24,42790,-20095,-7854,-45096,15645,-17070,-53075,13796,-6556,-5456,-82971
2020-06-29,41272,-20383,-5457,-44796,14757,-15375,-52565,14504,-5844,-5423,-79310
2020-06-30,41272,-23470,-4689,-43782,13118,-15589,-52740,17360,-1840,-5063,-75423
2020-07-01,40250,-24401,-4409,-43152,8043,-15946,-52050,14831,-1021,-5458,-83313
2020-07-02,39800,-24831,1331,-44580,6118,-12316,-51840,14219,-405,-5363,-77867
2020-07-03,38150,-25689,1472,-42012,2738,-10017,-51385,12056,778,-5348,-79257
2020-07-06,42710,-24573,3227,-35768,6740,-7857,-50185,19496,113,-5303,-51400
2020-07-07,41786,-24144,9755,-34852,3972,-3021,-50545,13754,113,-5057,-48239
2020-07-08,42402,-24361,13157,-32553,3450,-41,-49945,10734,323,-4415,-41249
2020-07-09,47046,-24622,9080,-34079,8378,-3837,-50400,11286,791,-5447,-41804
2020-07-10,44088,-23362,18656,-23005,2114,5525,-47760,8892,-4775,-4017,-23644
2020-07-13,43912,-22894,20636,-20149,1346,6503,-48570,11124,-5791,-4077,-17960
2020-07-14,43912,-22975,20950,-17881,-3129,7263,-49845,11949,-5677,-3645,-19078
2020-07-15,45432,-23255,15544,-19246,-897,3698,-49940,13057,-4642,-3866,-24115
2020-07-16,48702,-23516,17812,-10804,4831,7016,-50795,18263,-3616,-4516,3377
2020-07-17,51342,-23835,14599,-14340,7309,4033,-49395,29721,128,-3746,15816
2020-07-20,48900,-23719,22439,-6420,5494,11337,-49395,25965,-467,-218,33916
2020-07-21,48900,-24038,26934,-6617,3910,14617,-50385,20911,2116,3862,40210
2020-07-22,46640,-24682,28858,-10523,1963,19507,-50615,18490,3164,6632,39434
2020-07-23,46876,-25924,19198,-9165,11179,7537,-52655,19246,7484,6146,29922
2020-07-24,49216,-25974,15403,-9350,9219,4957,-50975,17545,9101,9122,28264
2020-07-27,46290,-24280,15967,-8186,10221,4815,-50400,18271,-51,9662,22309
2020-07-28,46826,-24565,20245,-11186,6046,10401,-51120,20671,1141,9466,27925
2020-07-29,45194,-24187,20529,-3941,8782,14657,-49320,22117,-102,8010,41739
2020-07-30,43550,-24460,23049,728,13654,17241,-49190,20665,1653,9396,56286
2020-07-31,49534,-24746,30381,11024,15524,27760,-47165,7135,3914,9387,82748
2020-08-03,47374,-24217,30239,21374,15357,29531,-46465,-3827,498,9459,79323
2020-08-04,41794,-23320,29929,24655,15019,28879,-43915,-3099,-3693,13909,80158
2020-08-05,40530,-22960,37989,26103,16039,31503,-46795,-5595,-3933,16879,89760
2020-08-06,34830,-22934,37834,25918,14299,30507,-48155,-9315,-5669,17855,75170
2020-08-07,33930,-22644,37834,26863,10251,29338,-50465,-3141,-5792,18175,74349
2020-08-10,35074,-22303,35998,39015,11546,27000,-48980,-1485,-7472,17284,85677
2020-08-11,39682,-22371,38154,37025,10436,30696,-49805,360,-7106,13963,91034
2020-08-12,42962,-23435,36318,38497,12728,32867,-49805,360,-4826,12658,98324
2020-08-13,42008,-23995,37459,35767,12342,32696,-47905,-140,-4466,13354,97120
2020-08-14,41372,-24528,42675,38895,13494,39194,-43615,-890,-3764,14117,116950
2020-08-17,43544,-24856,47435,40176,9231,48144,-39910,-1525,-4121,16053,134171
2020-08-18,46632,-24899,45251,37236,9689,46992,-41520,-3331,-4925,14461,125586
2020-08-19,50106,-24940,38591,35266,12959,48084,-39495,-6275,-5327,13285,122254
2020-08-20,50870,-24788,37875,17410,8359,48084,-42855,-7661,-6790,13110,93614
2020-08-21,48196,-24893,38053,21634,4759,42012,-42385,-13254,-6530,11370,78962
2020-08-24,45784,-25619,33069,12911,3831,41087,-42155,-17266,-608,11742,62776
2020-08-25,43724,-25979,37051,15041,23,39151,-39100,-16258,2101,11617,67371
2020-08-26,47504,-25797,35386,18008,1148,42262,-41260,-15218,1759,12762,76554
2020-08-27,55824,-26188,38582,27608,3764,46654,-43465,-17018,2571,12947,101279
2020-08-28,46210,-26788,47042,29285,-3308,57238,-40770,-22859,4356,13643,104049
2020-08-31,45438,-26533,45962,25523,-16808,63622,-40250,-24395,2744,14597,89900
2020-09-01,36942,-26533,46806,26098,-18502,62770,-37335,-27587,2868,13561,79088
2020-09-02,48462,-26483,49302,22248,-16592,64458,-39455,-26707,3858,12079,91170
2020-09-03,52070,-26093,41562,18328,-21803,57546,-43235,-25207,8898,11815,73881
2020-09-04,51506,-25829,37692,18110,-21613,47610,-45125,-26747,10226,11923,57753
2020-09-07,49532,-25586,34258,17795,-16375,43166,-46910,-25122,11162,12211,54131
2020-09-08,64232,-26234,21021,17795,-9155,24536,-51070,-22882,7781,11626,37650
2020-09-09,62132,-25766,17115,14690,-8984,20456,-43320,-23626,7604,12086,32387
2020-09-10,66560,-21846,21640,16400,-11219,28023,-44320,-25906,17396,11659,58387
2020-09-11,64346,-18412,21440,10800,-15323,29150,-48145,-22978,24416,11483,56777
2020-09-14,61786,-18412,7688,10580,-23873,20862,-47470,-19320,22336,12147,26324
2020-09-15,60250,-21868,4492,10988,-23587,14999,-46180,-20061,16860,11916,7809
2020-09-16,64534,-20708,2028,10655,-24555,14741,-42095,-19786,17760,10992,13566
2020-09-17,61486,-15524,3548,12855,-22800,19169,-42740,-21724,26016,11730,32016
2020-09-18,68290,-16396,-3408,9367,-22684,11543,-39800,-20131,24051,10605,21437
2020-09-21,70274,-20059,-4568,11487,-15802,10499,-43580,-22915,20627,5907,11870
2020-09-22,77176,-21529,-3863,12517,-15472,12039,-42905,-24154,18422,3875,16106
2020-09-23,75016,-23904,-2848,12517,-14032,12858,-47855,-23632,16266,2730,7116
2020-09-24,76856,-24480,-5508,12217,-16048,11718,-46705,-22606,15708,3662,4814
2020-09-25,84446,-22506,-3979,12021,-13526,12273,-46705,-21710,16056,3314,19684
2020-09-28,84214,-24446,-4801,13866,-12041,12939,-46265,-21596,13968,3616,19454
2020-09-29,88694,-25146,-1633,18826,-6259,13827,-46705,-22245,13713,3722,36794
2020-09-30,85502,-15446,8531,20236,-12559,23151,-38345,-20633,21721,3792,75950
2020-10-09,82512,-10093,8531,22956,-16454,25038,-33880,-22809,28485,4056,88342
2020-10-12,82512,-12525,6517,20037,-17070,23982,-35440,-23129,27759,3989,76632
2020-10-13,78032,-11986,5869,16761,-18078,21945,-34300,-21680,27817,3827,68207
2020-10-14,72796,-11362,1614,14227,-18673,17207,-35860,-19436,27817,3800,52130
2020-10-15,70288,-7508,2534,15536,-20239,18039,-35665,-19898,28745,3806,55638
2020-10-16,70060,-7678,425,12746,-18673,18443,-37030,-15886,28571,3915,54893
2020-10-19,69358,-6302,203,15504,-17228,18343,-38230,-16990,29905,3866,58429
2020-10-20,66082,-7742,3227,10884,-23348,22143,-39280,-17194,29197,3866,47835
2020-10-21,71186,-7835,3005,13768,-21500,23979,-40540,-16297,29197,3866,58829
2020-10-22,75706,-11255,1385,12580,-19904,21879,-42010,-14713,27368,3866,54902
2020-10-23,81946,-8255,87,14703,-18133,21879,-40720,-14195,28725,3866,69903
2020-10-26,83724,-7863,441,20007,-19957,23919,-38470,-14272,28497,3866,79892
2020-10-27,87974,-8071,5039,16522,-21021,28655,-35970,-13944,28317,3866,91367
2020-10-28,88482,-13131,4079,14779,-19577,27503,-38670,-12754,25403,3866,79980
2020-10-29,97254,-14139,8264,22188,-19017,29951,-33270,-13490,25037,3866,106644
2020-10-30,99088,-13915,9908,20515,-19827,32037,-23010,-17626,25037,3866,116073
2020-11-02,95616,-11542,8558,17590,-21285,29653,-22735,-15558,25907,3815,110019
2020-11-03,96396,-9102,12638,18277,-23067,31963,-22970,-15819,27123,3890,119329
2020-11-04,105900,1722,11422,18025,-21067,34147,-24970,-15045,32269,3784,146187
2020-11-05,114412,412,15247,20918,-22111,36779,-21670,-15900,31944,3616,163647
2020-11-06,111292,-4718,25873,24122,-23229,48107,-13695,-14038,29524,3583,186821
2020-11-09,108244,-3538,22073,25452,-26535,40194,-25475,-14518,29002,3583,158482
2020-11-10,95744,7132,23032,30506,-29631,41268,-31855,-14886,31966,3583,156859
2020-11-11,96008,4162,21569,30238,-29883,39136,-31615,-15153,30416,3583,148461
2020-11-12,97292,1614,22249,37742,-30450,44548,-20365,-15833,29899,3583,170279
2020-11-13,95548,353,23619,39912,-31668,48134,-17665,-17618,29359,3445,173419
2020-11-16,95768,2663,33134,43440,-32578,59042,-15565,-17864,29683,3518,201241
2020-11-17,91368,3123,29634,36620,-32669,55762,-17140,-13133,30353,3518,187436
2020-11-18,89608,4421,33057,44492,-33365,60512,-18490,-14425,31441,3518,200769
2020-11-19,85030,9023,37243,43844,-33029,63844,-24010,-13567,34213,3518,206109
2020-11-20,86362,14097,26385,39619,-32701,52144,-19180,-13567,36653,3506,193318
2020-11-23,84436,10709,27638,40594,-33570,56664,-20470,-13872,35309,3666,191104
2020-11-24,84226,10828,29738,40921,-34263,57816,-20260,-14292,35150,3705,193569
2020-11-25,85256,10360,35325,47561,-31983,69782,-21520,-14361,34734,3662,218816
2020-11-26,83176,7861,41331,58721,-33522,79932,-14040,-15517,33462,3718,245122
2020-11-27,91156,10717,39681,55873,-35181,82376,-18220,-14043,35105,4166,251630
2020-11-30,89884,1984,39681,53129,-37946,81998,-9190,-11786,31933,3710,243397
2020-12-01,91084,-3968,47073,63209,-38986,98042,-9805,-10778,29583,3161,268615
2020-12-02,86484,-6344,41221,61817,-36554,94954,-9805,-11594,29303,3026,252508
2020-12-03,74162,-3516,47149,65247,-35474,103964,-3955,-12650,29623,2909,267459
2020-12-04,68342,-4740,61108,74243,-37378,117302,2245,-12604,29719,3053,301290
2020-12-07,72422,-6522,61388,86959,-36388,119486,245,-12772,29429,2648,316895
2020-12-08,75500,-6914,70163,91717,-40743,132360,8845,-10516,29559,2963,352934
2020-12-09,76564,-3131,76334,99659,-42192,144332,12285,-9412,30495,3275,388209
2020-12-10,71236,-7067,75522,105499,-48192,140767,20025,-9334,29593,3170,381219
2020-12-11,64284,-4583,70257,96859,-48192,139575,6265,-12415,30349,3179,345578
2020-12-14,66684,-4991,80287,105759,-50192,147669,7945,-12610,30019,2930,373500
2020-12-15,65954,-1316,89137,104447,-49088,154093,4705,-13139,31031,2483,388307
2020-12-16,61814,-1420,92188,106722,-49592,158433,1780,-13538,31451,1979,389817
2020-12-17,64364,3869,107557,118673,-50152,183698,3780,-13250,32081,1847,452467
2020-12-18,66068,17755,123973,128965,-49912,205510,7880,-14645,34281,1237,521112
2020-12-21,68516,20059,115049,112415,-48152,199658,750,-14021,34479,1875,490628
2020-12-22,68912,21473,107567,114975,-46709,189156,1200,-14177,34843,1875,479115
2020-12-23,66608,20649,109829,105735,-49625,186356,-1530,-14229,34573,1787,460153
2020-12-24,65712,20754,113069,108210,-47891,186861,-9300,-14215,34637,1787,459624
2020-12-25,68736,21178,106572,92019,-44566,169932,-14970,-14215,34722,1787,421195
2020-12-28,69232,17071,105462,93561,-43621,168266,-15360,-14267,34000,1787,416131
2020-12-29,68406,28091,107734,92531,-44731,171031,-14805,-14232,35794,1787,431606
2020-12-30,66318,40396,115970,93973,-45940,180590,-13510,-14155,37840,1805,463287
2020-12-31,60390,40886,116474,96033,-46260,177188,-10550,-14175,37732,1919,459637
2021-01-04,62260,40542,116678,90265,-46711,177342,-11990,-14295,37687,1949,453727
2021-01-05,59320,45348,115091,87522,-45481,178167,-11250,-13530,38317,1915,455419
2021-01-06,54118,43801,120621,88929,-45253,188367,-11990,-13751,38002,1807,464651
2021-01-07,55750,44801,121863,89520,-42985,187617,-18790,-14331,38992,1519,463956
2021-01-08,60996,50365,113376,89116,-43315,174513,-21190,-15591,40657,-441,448486
2021-01-11,58996,51709,112152,87106,-43780,174805,-18045,-15971,41600,59,448631
2021-01-12,55348,67053,109947,81136,-44340,173725,-17475,-16413,47276,60,456317
2021-01-13,56014,62607,110142,70174,-43240,172993,-18255,-16128,46394,6,440707
2021-01-14,56084,61087,114489,73016,-42925,177890,-17495,-15828,44912,37,451267
2021-01-15,57852,59540,116281,83219,-43609,177707,-11195,-15738,44192,37,468286
2021-01-18,58116,58910,110521,82861,-43219,169411,-10765,-15819,44231,37,454284
2021-01-19,58052,46582,111289,83326,-42699,172111,-10545,-15603,38696,37,441246
2021-01-20,58460,49012,114289,85961,-43084,173156,-185,-15655,39352,37,461343
2021-01-21,60704,43028,110755,88346,-43184,169856,1240,-15691,37427,130,452611
2021-01-22,59780,39332,112801,91622,-43010,173211,-5900,-15691,35902,142,448189
2021-01-25,60836,39796,112621,84846,-43010,173635,-6430,-15685,35860,176,442645
2021-01-26,59186,44494,118651,86456,-42972,179377,-2680,-15600,37033,174,464119
2021-01-27,60176,42758,112410,86616,-42969,175537,1560,-16040,36463,226,456737
2021-01-28,56348,42503,110751,86106,-42817,173219,2110,-16250,36548,-10,448508
2021-01-29,53840,43287,107117,89486,-42817,169498,-5990,-15920,36820,-470,434851
2021-02-01,53360,40561,101969,84761,-43015,166448,-4615,-16208,36055,-410,418906
2021-02-02,54200,40606,103740,84248,-43111,168513,1940,-16622,35845,-121,429238
2021-02-03,52796,43168,108164,91376,-42227,171285,14445,-16546,36716,-121,459056
2021-02-04,53212,44008,110036,94346,-42037,174651,13245,-16426,37148,-121,468062
2021-02-05,52562,42040,115052,96206,-41764,181151,14595,-16804,36848,-121,479765
2021-02-08,52370,44504,120917,100276,-41836,185001,17345,-16183,37538,-121,499811
2021-02-09,52946,42659,120350,99900,-44023,185341,17915,-15703,37104,-121,496368
2021-02-10,49154,42925,130958,107813,-41053,192041,35025,-17593,37538,-121,536687
2021-02-18,49246,42222,130022,107417,-39701,190730,47325,-17527,37342,-121,546955
2021-02-19,46684,44094,133998,115043,-38436,199417,66325,-19976,38077,-121,585105
2021-02-22,43764,46984,132270,115604,-38220,199047,66875,-20570,39229,-121,584862
2021-02-23,41100,46687,136835,115960,-38164,199927,61815,-21092,39357,-227,582198
2021-02-24,38550,46597,142313,125242,-36214,208207,64455,-22808,39485,-111,605716
2021-02-25,40006,41380,141977,123682,-37910,207379,65160,-22417,35909,-629,594537
2021-02-26,40186,41308,140068,130657,-36924,205489,57240,-23367,35534,-587,589604
2021-03-01,41896,39348,147293,131549,-37094,210847,57490,-23234,34526,-746,601875
2021-03-02,41952,40700,157918,133313,-36761,222532,69945,-23217,35294,-645,641031
2021-03-03,41472,39932,159898,127874,-38241,222418,61305,-22673,35070,-780,626275
2021-03-04,40828,40218,147448,132082,-36216,207790,66705,-23107,35546,-780,610514
2021-03-05,40352,41682,152013,127370,-32950,215035,77670,-24083,36810,-780,633119
2021-03-08,41516,40146,142703,115620,-34192,203224,71650,-24423,35478,-756,590966
2021-03-09,42226,38490,141461,120660,-39239,201859,68210,-24679,34254,-825,582417
2021-03-10,41662,37250,146004,115068,-39291,209425,77025,-23965,32979,-919,595238
2021-03-11,41530,37269,147684,112320,-39701,213105,79225,-23845,33122,-809,599900
2021-03-12,41530,36949,150673,122855,-40726,220215,91705,-24693,33182,-866,630824
2021-03-15,42106,37369,146037,123691,-40054,208535,92305,-24315,33362,-928,618108
2021-03-16,41554,37776,150687,131522,-40136,213701,92500,-25403,33602,-886,634917
2021-03-17,41530,37676,149467,133340,-41522,213914,86260,-25441,33679,-1180,627723
2021-03-18,43054,37668,148464,131796,-45428,215874,80410,-24567,33840,-956,620155
2021-03-19,42682,37941,151074,136996,-44462,220497,80600,-24351,34001,-822,634156
2021-03-22,42694,37815,148623,138572,-44610,220428,76100,-24351,33753,-841,628183
2021-03-23,42886,37980,151983,133361,-44715,221268,73400,-24540,34033,-657,624999
2021-03-24,42970,38055,151103,131411,-44820,220302,75780,-23902,34137,-609,624427
2021-03-25,42274,38215,156827,141239,-44487,224511,82050,-24078,34505,-747,650309
2021-03-26,42470,38083,159954,140487,-43563,234375,80475,-23406,34226,-567,662534
2021-03-29,42506,38065,161164,137463,-42789,237925,75575,-23306,34206,-372,660437
2021-03-30,42590,38020,158359,131479,-44593,236315,72975,-22898,33722,-44,645925
2021-03-31,42638,38584,162979,138915,-44285,239765,79635,-23600,35477,-299,669809
2021-04-01,41924,38516,172969,140319,-41705,249839,85925,-23890,35607,-1229,698275
2021-04-02,41546,38482,174425,146838,-40601,250833,85925,-23223,35387,-977,708635
2021-04-06,41282,38767,173105,145732,-40196,250041,84395,-21495,35999,-1257,706373
2021-04-07,42230,38617,173017,148012,-40518,248634,83870,-20901,35600,-1579,706982
2021-04-08,42446,38659,170902,137731,-40932,247644,78260,-18741,35556,-1544,689981
2021-04-09,42626,38162,166918,145177,-44934,241614,75200,-17795,33780,-1285,679463
2021-04-12,42242,38074,172944,148127,-44464,250722,76600,-18563,33030,-816,697896
2021-04-13,41738,37954,172944,148343,-43604,251757,81220,-18823,32639,-1904,702264
2021-04-14,41030,38230,172521,153203,-40643,250107,84195,-16600,33264,-2039,713268
2021-04-15,40814,38559,172989,155345,-38619,251547,87170,-18491,33993,-2455,720852
2021-04-16,40814,38748,171221,155459,-38354,248494,88220,-22779,35403,-2511,714715
2021-04-19,40814,38972,175537,159386,-38831,252683,88220,-23347,36838,-2399,727873
2021-04-20,41038,39052,176710,157556,-41251,256533,80620,-20477,37923,-2679,725025
2021-04-21,41294,39493,177710,156032,-41483,261293,94015,-20333,39043,-3183,743881
2021-04-22,41216,39655,182442,159476,-43163,264371,98960,-19593,39223,-2745,759842
2021-04-23,41270,39673,186258,161101,-39799,276131,93535,-21252,39340,-2500,773757
2021-04-26,40850,40003,188338,165859,-38442,277346,95015,-26031,40340,-2750,780528
2021-04-27,40850,39313,185635,167689,-39982,272771,97235,-27835,38366,-2560,771482
2021-04-28,40850,39027,190072,173044,-38704,279357,93535,-31559,37970,-2788,780804
2021-04-29,40850,38931,187318,178042,-39496,273021,94295,-35574,37802,-2356,772833
2021-04-30,40920,39589,200018,188752,-32926,290061,102655,-41470,42059,-2983,826675
2021-05-06,40956,39913,201488,191112,-29626,294753,108895,-39362,44479,-3391,849217
2021-05-07,40932,39828,214690,204786,-30286,314459,111625,-40226,43270,-3695,895383
2021-05-10,40476,39630,218790,216342,-30694,326921,106945,-39461,41002,-3517,916434
2021-05-11,41016,40068,221115,224770,-20334,334649,109525,-43785,45244,-3517,948751
2021-05-12,40398,39588,212251,222064,-16734,322100,101570,-42839,42046,-3602,916842
2021-05-13,40158,38820,204251,214616,-17910,308852,102245,-42307,37541,-3548,882718
2021-05-14,40216,38766,201287,214400,-21158,299824,101195,-43599,37127,-3290,864768
2021-05-17,40216,38843,201573,218353,-20462,300754,106865,-43209,37287,-2732,877488
2021-05-18,40216,38556,196260,211273,-22422,293707,98910,-40401,36836,-3080,849855
2021-05-19,40216,38451,193820,208913,-28246,290683,88455,-39335,36344,-3484,825817
2021-05-20,40302,38236,192528,204337,-30298,288889,79855,-40147,34104,-3716,804090
2021-05-21,40250,38278,190496,203878,-27148,285347,81955,-40612,34588,-3616,803416
2021-05-24,40160,38348,189808,206316,-26688,284775,83350,-42020,34629,-3684,804994
2021-05-25,40170,38252,186118,204966,-22464,279895,81180,-42713,34096,-3349,796151
2021-05-26,40236,38136,188190,203616,-27549,282878,78855,-42086,32907,-3939,791244
2021-05-27,40192,38310,189582,206828,-27675,285088,80715,-43802,35387,-4029,800596
2021-05-28,40088,38288,190374,208935,-28215,285456,85365,-44074,34854,-3777,807294
2021-05-31,39900,38318,191749,209985,-27655,287024,91020,-46944,35734,-3357,815774
2021-06-01,39988,38318,190449,208809,-29321,285209,85470,-47420,37620,-3909,805213
2021-06-02,39982,38318,191899,209583,-28607,287714,86295,-46876,38727,-3849,813186
2021-06-03,40038,38318,191909,209626,-29567,286904,84900,-45276,36062,-4269,808645
2021-06-04,40106,38318,190244,208035,-31427,284384,79620,-45436,38750,-4143,798451
2021-06-07,40120,38318,190622,207727,-31601,284888,79780,-45436,39350,-4089,799679
2021-06-08,40060,38318,190982,207727,-30926,285759,86135,-44281,39063,-4114,808723
2021-06-09,40098,38332,192053,208167,-30976,286877,86135,-42955,39819,-4106,813444
2021-06-10,40010,38356,193277,211247,-31022,288697,88890,-43585,40215,-3967,822118
2021-06-11,40002,37820,191918,207935,-29654,286471,86650,-43477,33559,-4207,807017
2021-06-15,39884,37650,190694,205773,-29585,284469,84505,-43629,32077,-4187,797651
2021-06-16,39870,37650,191474,208629,-29849,285729,80050,-45540,30457,-4342,794128
2021-06-17,40022,37720,191154,206577,-30920,285409,78070,-43695,27262,-4480,787119
2021-06-18,40022,37666,189834,206640,-31190,282801,73285,-43575,28562,-4480,779565
2021-06-21,40022,37666,189889,209802,-28694,282682,72435,-44779,29412,-4458,783977
2021-06-22,40072,37696,190429,209802,-27844,282700,76275,-43384,29200,-4527,790419
2021-06-23,40068,37696,190345,215832,-27756,282814,72400,-46236,29876,-4503,790536
2021-06-24,40226,37647,191621,220869,-27052,285170,75655,-48492,29978,-4713,800909
2021-06-25,40268,37375,191829,217872,-28133,286115,81575,-46556,31728,-4683,807390
2021-06-28,39812,37168,191649,217792,-27998,285915,80725,-45716,32528,-4452,807423
2021-06-29,39942,37008,192884,218782,-27478,288255,80375,-47651,33412,-4109,811420
2021-06-30,39858,35508,192897,215688,-27478,288233,82125,-46419,40037,-4901,815548
2021-07-01,39986,35022,192637,219868,-26722,288170,81765,-49214,43439,-4631,820320
2021-07-02,40330,35366,194125,217778,-25864,289945,88425,-49874,42217,-5549,826899
2021-07-05,40820,35492,196250,221906,-25312,293320,85835,-51986,41367,-5719,831973
2021-07-06,39870,35802,198137,222620,-28837,297464,83035,-50138,37965,-5219,830699
2021-07-07,39330,35777,197746,225740,-29557,297072,88585,-49818,38301,-4319,838857
2021-07-08,39674,35857,198250,225005,-27637,297801,91185,-49476,37971,-4269,844361
2021-07-09,39692,35785,198030,230034,-26653,298071,90135,-49698,38883,-4555,849724
2021-07-12,39836,35705,198580,235491,-25834,299721,90345,-50882,39709,-5287,857384
2021-07-13,39926,35661,201374,245349,-24645,304761,91850,-50567,41347,-4598,880458
2021-07-14,39494,35541,200506,245241,-25726,304202,99050,-50007,43486,-5339,886448
2021-07-15,39470,35535,200884,249933,-23086,303464,106490,-51757,43906,-5079,899760
2021-07-16,39602,35443,200803,250135,-20970,302217,111170,-51077,45634,-2804,910153
2021-07-19,39068,35445,202108,249635,-22185,303933,106420,-51176,46684,-2141,907791
2021-07-20,39516,35445,201852,245824,-22590,302711,101220,-53552,46222,-2407,894241
2021-07-21,39884,35269,207195,252208,-21744,305626,100180,-54146,41077,-2791,902758
2021-07-22,39884,35004,207806,254393,-22543,307802,105120,-52412,33862,-3301,905615
2021-07-23,39816,34649,209561,242203,-24111,307472,105960,-53311,28032,-3112,887159
2021-07-26,39738,34847,207031,228523,-24800,302581,98265,-51978,31029,-2656,862580
2021-07-27,39858,34874,207658,233623,-24408,299473,101675,-53358,31629,-1816,869208
2021-07-28,40306,35015,211870,236842,-22104,315793,103705,-53870,35193,-4091,898659
2021-07-29,40354,35067,211978,237616,-17294,322345,107305,-54702,39393,-5117,916945
2021-07-30,40506,35019,193322,230336,-21634,296077,92030,-53136,39294,-4667,847147
2021-08-02,39946,34992,182872,222059,-24072,283837,84350,-51611,39484,-3563,808294
2021-08-03,40618,34860,189122,226875,-23290,292176,89670,-52989,35969,-5288,827723
2021-08-04,39344,34784,187562,218975,-23741,289152,91790,-51160,34303,-3931,817078
2021-08-05,40580,34841,187477,221483,-22922,289728,95360,-54904,35823,-2897,824569
2021-08-06,39860,35174,186517,224883,-24587,288348,93320,-55300,43233,1999,833447
2021-08-09,39996,35383,189013,231851,-23039,292074,98675,-56174,47029,2623,857431
2021-08-10,39948,35328,190513,231455,-21551,293284,106795,-56803,46477,2807,868253
2021-08-11,39948,34572,188188,222915,-20851,290050,106795,-56551,34577,2357,842000
2021-08-12,39868,36124,188788,223035,-20467,289830,107895,-58829,48185,2465,856894
2021-08-13,39268,36371,186632,224208,-20275,288003,109075,-59390,53345,1653,858890
2021-08-16,39436,36351,186853,224922,-19867,288823,118515,-58974,55853,813,872725
2021-08-17,39056,36032,184441,223596,-20003,285063,111015,-58854,55853,1154,857353
2021-08-18,38446,35291,182917,220128,-21389,283296,112465,-58738,48081,4355,844852
2021-08-19,38390,35070,183830,219523,-21488,284538,112195,-59578,43401,3959,839840
2021-08-20,38358,34433,183850,223551,-18269,284646,111905,-59524,40265,4741,843956
2021-08-23,38520,34459,185180,222597,-20842,287026,117795,-59599,40815,2256,848207
2021-08-24,38544,34667,185189,221322,-20422,286431,121955,-59479,39372,2031,849610
2021-08-25,38448,34784,184037,216472,-21430,283759,115455,-57524,44102,3321,841424
2021-08-26,38622,34644,185063,217272,-21066,285247,112105,-58084,43130,1988,838921
2021-08-27,38382,34824,186119,218644,-21066,287377,122505,-58708,44318,228,852623
2021-08-30,38174,34603,185751,216388,-21234,286355,117225,-58136,43499,-1180,841445
2021-08-31,38180,34015,185223,216847,-20916,285347,115365,-58266,38787,1340,835922
2021-09-01,37880,33992,185471,214849,-20696,286453,125765,-57876,41515,-956,846397
2021-09-02,38186,33392,186551,220404,-20681,289435,129340,-58864,38732,324,856819
2021-09-03,38134,33588,187071,215289,-20606,289967,133435,-59144,39104,-6102,850736
2021-09-06,38146,34719,187391,215239,-20070,289953,150130,-62588,43840,-4254,872506
2021-09-07,37854,33510,186981,210539,-20021,289143,155590,-62640,35326,-2637,863645
2021-09-08,37870,32838,189137,206612,-20025,291483,159605,-65692,31008,179,863015
2021-09-09,37854,34062,188591,208082,-20290,290678,161855,-65016,33912,-1837,867891
2021-09-10,37854,34566,187931,205044,-19982,289406,154540,-65016,38553,2355,865251
2021-09-13,37934,34782,186657,201540,-20192,286622,142450,-63756,40542,1785,848364
2021-09-14,37934,34236,186475,199002,-19440,286742,165250,-63353,40662,1896,869404
2021-09-15,37934,33744,186503,199492,-19321,287918,171115,-65093,41158,3644,877094
2021-09-16,37908,34248,184711,199680,-19921,286334,156115,-61229,43426,9026,870298
2021-09-17,37850,32509,186301,198680,-19046,288518,187225,-63759,36658,8675,893611
2021-09-22,37954,33613,186945,200885,-18710,287243,202525,-66890,39024,9863,912452
2021-09-23,38112,32913,185460,200501,-18798,285813,199935,-64170,37008,9635,906409
2021-09-24,38154,35001,186525,202617,-18623,287088,226215,-68820,40181,9795,938133
2021-09-27,38246,32676,188242,203247,-18331,290365,239135,-67604,33000,13407,952383
2021-09-28,37802,30744,188603,200651,-18372,291415,241970,-66900,29466,14005,949384
2021-09-29,37762,29554,189895,202801,-17830,292575,253310,-66559,25146,20215,966869
2021-09-30,38764,20626,190788,207113,-17914,294975,253870,-67520,9215,11959,941876
2021-10-08,39444,20246,192090,211103,-17370,295935,276830,-71736,12635,10126,969303
2021-10-11,39148,20317,187953,207866,-17247,290193,280600,-77223,11960,10360,953927
2021-10-12,38992,16483,186441,209777,-17641,290353,256600,-76271,4456,9942,919132
2021-10-13,38962,16276,186945,209321,-17737,292121,246225,-75271,4456,6104,907402
2021-10-14,39436,16601,187575,207687,-17879,294637,240360,-73707,4343,4204,903257
2021-10-15,39548,15833,185685,206634,-17591,292547,247080,-75156,2117,5884,902581
2021-10-18,39452,15203,188325,211392,-17744,295227,247530,-74936,2831,4048,911328
2021-10-19,38932,15644,183411,209208,-18740,286787,235680,-70346,3811,3572,887959
2021-10-20,38742,15830,176922,204040,-19175,273187,230805,-69870,2628,3284,856393
2021-10-21,38832,16910,176174,202207,-19108,273453,228765,-68106,5093,3356,857576
2021-10-22,38972,17450,174965,198112,-19025,269953,228765,-64020,5923,3566,854661
2021-10-25,39044,16565,175121,199268,-19019,270547,224445,-62760,4512,4008,851731
2021-10-26,37832,15985,172183,198244,-18104,265009,217845,-61905,3702,6668,837459
2021-10-27,37508,17519,173263,196324,-17712,265984,222300,-61945,5886,6248,845375
2021-10-28,37268,16939,172373,193714,-17747,264598,219100,-60769,6120,8718,840314
2021-10-29,37348,14830,170825,192040,-17867,260755,218300,-57409,570,8376,827768
2021-11-01,37516,14545,169049,188640,-17807,256955,215348,-54805,-294,7118,816265
2021-11-02,36996,12235,170386,191584,-18297,260899,217058,-59887,-1697,10500,819777
2021-11-03,36748,12667,169408,190501,-17912,258049,211163,-57247,13,10500,813890
2021-11-04,36670,9391,169458,190892,-17208,257646,212450,-58259,-3523,7384,804901
2021-11-05,37126,10491,169813,190908,-17360,257591,213354,-57040,-1972,3646,806557
2021-11-08,36982,10397,169329,190922,-17208,256282,214394,-57684,-1172,3046,805288
2021-11-09,37170,11702,169081,189687,-16875,255422,216194,-54948,382,2528,810343
2021-11-10,36842,12648,169807,191055,-17298,257627,217986,-59604,1300,-2906,807457
2021-11-11,36814,13551,169297,191121,-16605,256574,214930,-56964,2257,-4882,806093
2021-11-12,36706,13981,168979,190851,-15989,255870,213674,-56229,2653,-2588,807908
2021-11-15,36898,15106,168923,190971,-16440,255494,212138,-56901,3738,-1900,808027
2021-11-16,36802,14656,168919,190449,-16674,255494,211794,-56681,3738,-2797,805700
2021-11-17,36518,15806,168711,190217,-16583,254444,212402,-55968,4830,-1761,808616
2021-11-18,36738,16082,169097,190595,-17143,255680,217379,-57442,6077,-466,816597
2021-11-19,36660,15641,169087,190757,-17031,255254,216497,-57640,4145,254,813624
2021-11-22,36660,17773,169129,190625,-17283,255566,216281,-57880,6350,5870,823091
2021-11-23,36660,18367,169595,190985,-18108,256576,218207,-59480,6546,8030,827378
2021-11-24,36610,17113,169627,191041,-18514,256796,218603,-59043,5746,7751,825730
2021-11-25,36768,16633,169325,190937,-16912,256166,214868,-57086,3961,7719,822379
2021-11-26,36934,17501,169407,191150,-16894,256292,216348,-58688,5573,9270,826893
2021-11-29,37358,15197,169443,191054,-16639,256364,214332,-58042,3623,12772,825462
2021-11-30,37222,15461,169729,191288,-17506,257330,215430,-61120,3378,12842,824054
2021-12-01,37366,15591,169675,191279,-16554,257342,212604,-60270,3976,15562,826571
2021-12-02,37302,19101,169963,191395,-15910,257888,213441,-60060,5956,15488,834564
2021-12-03,37242,17426,169888,191285,-16960,257538,214539,-60516,5208,14538,830188
2021-12-06,36630,14984,170161,191140,-17110,258154,214908,-60417,4200,14579,827229
2021-12-07,36910,14576,169761,190775,-16550,257412,212307,-58503,3480,15083,825251
2021-12-08,36182,18470,169533,190783,-16280,256732,212658,-57103,7298,17107,835380
2021-12-09,36694,20374,169678,190657,-16483,256732,212649,-57303,8750,20851,842599
2021-12-10,36064,20374,170143,190757,-18948,257560,213109,-57603,8545,15559,835560
2021-12-13,36752,16549,169945,190773,-19684,257695,213459,-57747,7418,14571,829731
2021-12-14,36912,20476,170209,190665,-19159,258226,211379,-57018,11192,17871,840753
2021-12-15,36560,23644,170664,190715,-21029,259326,212119,-57564,12365,13740,840540
2021-12-16,36578,24076,170580,190715,-21659,258936,214259,-57823,14048,10629,840339
2021-12-17,37918,22996,170324,190891,-20651,258288,213689,-57211,12968,11409,840621
2021-12-20,36938,22546,170243,190707,-19961,257937,215109,-57523,12330,11119,839445
2021-12-21,35758,24522,169733,190831,-19805,257404,214469,-57523,12507,9880,837776
2021-12-22,35278,29748,170053,190803,-19935,257768,215889,-57499,16106,6574,844785
2021-12-23,34954,31170,170503,191063,-20304,258216,215769,-57367,17842,6574,848420
2021-12-24,35134,28586,168325,190925,-19664,255171,213269,-57327,14928,8429,837776
2021-12-27,34270,30719,168494,191099,-19628,255664,216353,-57337,16683,6349,842666
2021-12-28,34144,28301,168549,190994,-19738,255874,216221,-57342,14571,7165,838739
2021-12-29,33766,28949,168252,191146,-19733,255364,216309,-57222,14851,12063,843745
2021-12-30,33622,25349,168590,191399,-19469,255508,214428,-56982,13310,5952,831707
2021-12-31,33398,30412,169591,191411,-19808,256724,217255,-57207,18071,12206,852053
2022-01-04,32662,33809,170345,191151,-19772,257914,215419,-57303,19121,12257,855603
2022-01-05,32878,27959,171129,189422,-19798,259189,215431,-57717,14051,15970,848514
2022-01-06,30878,28427,171367,188502,-19798,259597,216187,-57891,15431,20182,852882
2022-01-07,31652,28358,170935,187856,-19838,258761,213463,-58419,15593,19482,847843
2022-01-10,31628,28979,172465,187286,-20003,260481,214737,-58972,14999,15912,847512
2022-01-11,31608,29987,173257,186727,-19935,261300,216501,-59024,16455,13676,850552
2022-01-12,31508,30352,173295,186987,-19770,261090,216429,-58991,15895,11326,848121
2022-01-13,30988,26856,173778,186123,-19250,261711,219729,-58870,12647,10885,844597
2022-01-14,31156,26317,171639,186276,-19232,259261,217116,-58894,11371,12577,837587
2022-01-17,31028,25177,172889,186270,-18768,260521,218148,-58938,11607,12436,840370
2022-01-18,31028,27153,175505,186229,-18435,263599,218796,-58586,13173,4936,843398
2022-01-19,31050,31578,175843,186229,-18591,263683,220392,-58674,16363,960,848833
2022-01-20,31050,32526,175843,186436,-18633,263879,220488,-56938,17078,-3211,848518
2022-01-21,31140,31278,174555,186192,-19065,262469,218328,-57388,17378,821,845708
2022-01-24,31140,30786,175802,186078,-18856,264517,218588,-57304,17192,3063,851006
2022-01-25,31140,30867,175222,186127,-18016,263329,220136,-56128,18622,3845,855144
2022-01-26,31226,36443,174622,186568,-18016,263193,220376,-54118,23797,7877,871968
2022-01-27,31208,39763,179024,186720,-17964,268023,219092,-52622,24805,10245,888294
2022-01-28,31892,60619,179568,187683,-14352,268959,225969,-49316,41805,9259,942086
2022-02-07,31898,63223,181218,187452,-14862,271549,225774,-47820,39645,8360,946437
2022-02-08,31770,63269,179079,187008,-17886,268597,224664,-48947,40177,6686,934417
2022-02-09,31762,66437,183403,188198,-18612,272913,226743,-40577,40891,6190,957348
2022-02-10,31534,63637,182457,185608,-21150,271884,223515,-49013,39451,8856,936779
2022-02-11,31978,62872,177340,186462,-20313,266494,221799,-48463,39163,4206,921538
2022-02-14,31922,62005,173864,185986,-20221,262444,219467,-52605,39016,3816,905694
2022-02-15,31462,62906,177305,185992,-20509,266580,220083,-50432,39373,6354,919114
2022-02-16,31144,65768,173000,185386,-22291,261918,217153,-55328,42013,6046,904809
2022-02-17,31200,65603,176026,185306,-20320,265198,218873,-54008,42181,3966,914025
2022-02-18,31192,66783,177886,185382,-20420,267440,218306,-51460,42885,5019,923013
2022-02-21,31364,69202,175066,185238,-20132,263518,217690,-52460,46771,2319,918576
2022-02-22,31300,70762,176266,185270,-19220,266034,217954,-52069,49048,2683,928028
2022-02-23,31606,76618,172148,185235,-18795,262149,218138,-53932,55509,-1085,927591
2022-02-24,31520,69860,172322,185235,-20495,262047,217683,-57980,47073,2083,909348
2022-02-25,31444,66017,174047,185239,-17427,266303,217914,-58240,44448,2583,912328
2022-02-28,31526,67753,177847,185113,-15996,269961,218817,-57840,46624,2241,926046
2022-03-01,31790,67537,178372,185117,-14124,270705,220707,-56860,47728,813,931785
2022-03-02,31974,67482,178636,185173,-11342,273345,221379,-56212,47584,320,938339
2022-03-03,31798,67262,178986,185023,-13286,272065,220651,-56377,47658,830,934610
2022-03-04,32614,75072,183361,184789,-8021,277537,222450,-55739,60046,-674,971435
2022-03-07,32274,77547,179695,184909,-8804,272950,222527,-56883,70420,-3186,971449
2022-03-08,32822,81729,179407,185269,-7988,270518,222814,-58223,79660,-3966,982042
2022-03-09,31894,79077,178924,184597,-11688,270068,221734,-57143,81109,-870,977702
2022-03-10,31842,81313,180166,184597,-10878,271460,222326,-57539,84441,-1210,986518
2022-03-11,31728,82197,176302,185161,-13753,267197,220886,-58194,80697,-697,971524
2022-03-14,31384,77413,177790,185401,-15289,267167,219094,-58206,67422,311,952487
2022-03-15,31504,81442,181046,184995,-14415,271199,221382,-58162,76926,-17,975900
2022-03-16,31352,79617,181024,184988,-14855,270835,222202,-58161,73564,-746,969820
2022-03-17,32000,86385,181927,184939,-12831,272860,222622,-58233,83203,-980,991892
2022-03-18,32008,88940,181443,185363,-12083,272806,221012,-58095,89035,-611,999818
2022-03-21,32132,97940,181509,185333,-11797,273184,222644,-58164,100095,-1376,1021500
2022-03-22,32108,100532,183027,184948,-11958,274344,222325,-58536,101634,-611,1027813
2022-03-23,32164,99784,182475,184792,-12533,274134,222913,-58878,98395,-979,1022267
2022-03-24,32352,95568,184900,183472,-10670,277203,224149,-59694,96856,-1835,1022301
2022-03-25,32004,92984,186408,183849,-10233,279315,225423,-59706,94136,-1155,1023025
2022-03-28,31892,88434,185888,183719,-10555,277962,226173,-60084,94541,-924,1017046
2022-03-29,31972,83835,186482,183159,-10923,278622,226669,-60359,88141,-553,1007045
2022-03-30,31992,85095,187238,183285,-12993,278552,225293,-60304,87817,-189,1005786
2022-03-31,31792,71985,190010,183213,-14189,282188,228812,-60408,75493,-371,988525
2022-04-01,32228,74769,188762,183861,-12950,280199,226188,-60111,79101,77,992124
2022-04-06,31984,73581,187130,184061,-13630,278679,225676,-60061,80271,237,987928
2022-04-07,31908,75774,185498,183853,-14575,277359,224191,-60145,83273,-299,986837
2022-04-08,31716,78252,180330,183970,-15815,270922,222721,-60154,84793,-785,975950
2022-04-11,32400,77612,185874,183538,-15295,276744,226019,-60762,83593,-1631,988092
2022-04-12,32322,76910,182394,184098,-15495,273360,224067,-60690,82445,-1892,977519
2022-04-13,32322,77784,184708,184089,-14887,275876,224755,-60918,86346,-2252,987823
2022-04-14,32520,77579,185923,184369,-15812,277244,223803,-60906,87542,-2116,990146
2022-04-15,32712,78019,186329,183940,-13124,276788,225180,-61233,90673,-2396,996888
2022-04-18,32880,81914,184873,183340,-13515,275908,223769,-61216,99886,-2300,1005539
2022-04-19,32614,83349,187628,183550,-13929,278209,225486,-61422,103846,-1755,1017576
2022-04-20,32998,85455,186284,183511,-14412,275440,223939,-61394,107334,-1867,1017288
2022-04-21,32518,83821,183244,184155,-16102,271930,220249,-61484,102228,-1559,999000
2022-04-22,30376,79061,177132,186101,-20210,264160,213949,-62828,88152,-1107,954786
2022-04-25,31708,79997,178815,186717,-20026,264952,215127,-63050,89832,-1042,963030
2022-04-26,32030,81005,179725,186600,-20598,266387,216653,-63154,97502,-862,975288
2022-04-27,32330,83447,179049,186210,-20430,266457,216094,-63222,108436,-542,987829
2022-04-28,34470,84167,180224,186114,-20277,267744,215925,-63192,111604,-1062,995717
2022-04-29,34870,83114,180424,185910,-19752,268305,217173,-63348,109189,-666,995219
2022-05-05,35176,80813,175749,186414,-19800,261841,216837,-62852,96470,725,971373
2022-05-06,34636,78647,174525,186936,-20067,259299,215649,-62495,87236,785,955151
2022-05-09,32556,79217,173623,187557,-20121,257976,214581,-61967,89716,1217,954355
2022-05-10,34572,78785,174925,187173,-20121,260004,216381,-62407,88366,2561,960239
2022-05-11,36892,79007,173685,188148,-20173,258900,215897,-61672,88516,2952,962152
2022-05-12,37972,82744,174749,187896,-20284,259797,216304,-62200,101308,5266,983552
2022-05-13,38134,85516,174635,187026,-20304,259907,216689,-62713,111136,4425,994451
2022-05-16,38574,84788,174407,187398,-20309,259797,215945,-62551,107356,1577,986982
2022-05-17,36880,85338,172499,188190,-19924,257823,214169,-62200,103078,3039,978892
2022-05-18,37168,84218,173057,186796,-20059,258683,214625,-63110,100318,3071,974767
2022-05-19,37960,87581,174009,186621,-20077,259785,213833,-63160,109102,516,986170
2022-05-20,37792,88915,173431,187578,-20700,258949,213173,-63043,113470,1542,991107
2022-05-23,36336,84211,171056,187858,-20091,256569,212471,-62881,98890,2595,967014
2022-05-24,38406,83641,172329,186748,-20157,257849,211343,-63322,98530,1875,967242
2022-05-25,38434,84406,171843,186082,-20517,257127,211259,-63466,99031,2305,966504
2022-05-26,38126,86706,173135,186190,-20573,258297,210709,-64026,106003,-447,974120
2022-05-27,38910,86556,173759,185450,-20426,258875,213063,-64530,109009,1398,982064
2022-05-30,40198,87491,174719,185490,-20684,259915,213383,-64434,112509,4637,993224
2022-05-31,37918,83501,175279,184905,-20990,260255,213323,-64466,98957,6572,975254
2022-06-01,38128,83441,176495,185209,-20876,261215,214183,-64583,99134,3422,975768
2022-06-02,43924,84021,175919,185019,-20896,260739,216680,-64461,103021,-466,983500
2022-06-06,48072,82581,175292,183439,-20992,259979,216708,-64374,94851,1884,977440
2022-06-07,50334,86873,176832,182371,-21224,261279,217576,-64294,107447,388,997582
2022-06-08,50256,86725,176612,186366,-21074,261419,214760,-64510,104977,1840,997371
2022-06-09,50074,90729,176792,186538,-21090,261499,213986,-64678,117908,4979,1016737
2022-06-10,47884,85659,175032,187500,-21120,259441,210671,-64790,103240,3527,987044
2022-06-13,47914,83241,173835,192525,-21120,257845,208079,-66050,96103,6752,979124
2022-06-14,45874,81291,172467,192291,-21217,256745,207103,-66303,89698,7504,965453
2022-06-15,44464,82357,171110,192760,-21322,255617,204613,-66213,90434,4039,957859
2022-06-16,43952,87541,167942,191752,-21322,252052,203801,-66465,101774,1555,962582
2022-06-17,42928,83329,163826,190520,-21238,246992,201227,-66504,87178,4327,932585
2022-06-20,42280,79429,164965,195308,-21322,248148,200015,-67638,82784,6213,930182
2022-06-21,39724,73667,163769,197492,-21100,247080,197325,-69558,72263,7073,907735
2022-06-22,40048,62903,164979,195464,-20996,247950,198783,-68586,57044,7073,884662
2022-06-23,34744,59078,164583,196744,-20042,247646,196914,-68706,47753,13025,871739
2022-06-24,36976,59988,165215,195864,-20546,248114,196848,-68461,49381,7733,871112
2022-06-27,39216,63740,165607,194681,-21204,248399,197638,-67993,56907,8851,885842
2022-06-28,36642,63390,165655,193844,-21234,248299,197218,-67909,53618,12051,881574
2022-06-29,35784,65370,165715,195668,-21234,248451,197299,-67939,55810,12256,887180
2022-06-30,33408,63760,165133,198190,-19574,248145,196774,-68877,56233,19096,892288
2022-07-01,35208,59680,164593,201280,-19662,247899,196252,-69525,47263,20080,883068
2022-07-04,34152,57912,164863,201068,-19570,248051,195906,-69798,46989,18155,877728
2022-07-05,32252,55328,164843,202223,-17932,248024,195892,-69942,36403,24122,871213
2022-07-06,30312,59415,164723,204463,-18912,248024,196001,-69807,48639,23628,886486
2022-07-07,31372,61857,164687,206993,-17652,248022,196349,-70307,54100,23952,899373
2022-07-08,31588,67105,164270,208701,-15111,248174,196227,-70267,60769,23990,915446
2022-07-11,30814,65307,164000,209076,-12451,248416,197142,-70564,57577,24998,914315
2022-07-12,27756,62117,163981,207897,-12631,248455,197452,-70542,53914,25656,904055
2022-07-13,26340,64089,163981,212409,-11968,248923,197442,-70542,56134,25558,912366
2022-07-14,24404,60431,164204,215019,-10956,250249,198756,-70522,45926,34658,912169
2022-07-15,27984,64143,163870,207935,-15709,248870,196670,-70843,58806,27898,909624
2022-07-18,27174,61417,163873,213116,-12847,249022,196656,-70487,49914,28864,906702
2022-07-19,27496,55537,163761,214188,-15929,248710,195924,-70585,41468,28290,888860
2022-07-20,27256,55867,163821,224707,-15553,248788,196788,-70480,40684,29172,901050
2022-07-21,27340,52756,163803,227766,-17668,248725,196188,-70424,35138,26694,890318
2022-07-22,26740,53956,163797,223074,-16132,248634,196086,-70432,34115,28224,888062
2022-07-25,28300,58256,163621,225090,-18478,248394,195540,-70462,39567,28134,897962
2022-07-26,27970,59873,163519,225228,-17400,248317,195762,-70463,42512,27444,902762
2022-07-27,28930,62081,162685,219108,-22899,246829,194478,-70582,47372,20406,888408
2022-07-28,28440,63021,162943,214428,-23980,247261,193820,-70657,46562,13926,875764
2022-07-29,28530,62715,162618,215778,-22732,246601,194330,-70765,47114,14629,878818
2022-08-01,28630,59323,162718,212489,-23278,246621,194267,-70620,43354,14017,867521
2022-08-02,28750,58793,162794,211613,-22417,246881,194729,-70676,43260,15921,869648
2022-08-03,27538,57597,163286,211470,-20982,247781,195464,-71684,44020,15393,869883
2022-08-04,26626,64877,162982,211893,-19662,247205,195835,-71704,55135,13875,887062
2022-08-05,27754,62953,162610,206958,-22742,246269,194260,-70192,51620,16147,875637
2022-08-08,27850,63183,162742,207384,-20678,246719,194556,-70312,50158,11899,873501
2022-08-09,27634,64640,162781,213502,-17207,246951,194952,-71047,53414,12885,888505
2022-08-10,27898,64875,162745,208917,-18005,246679,194958,-70129,54215,12482,884635
2022-08-11,28474,66795,162720,211416,-18271,246503,195234,-70327,58958,12972,894474
2022-08-12,28690,63045,162720,215967,-19107,246993,196128,-70827,52258,11374,887241
2022-08-15,27766,62495,162720,217275,-18444,246819,196458,-70959,52359,13948,890437
2022-08-16,27164,61495,162720,220709,-14706,247834,196903,-72339,51859,14396,896035
2022-08-17,27556,60679,162720,222909,-15066,247898,197559,-72064,46910,17576,896677
2022-08-18,26464,63175,162651,224925,-15990,248420,197215,-73676,51908,18649,903741
2022-08-19,26870,63747,162740,220417,-17922,247846,195871,-71894,52908,19756,900339
2022-08-22,28312,71807,162704,222181,-19056,247170,196611,-71489,65076,19371,922687
2022-08-23,29000,73373,162680,221696,-19700,246600,194679,-71953,69122,17771,923268
2022-08-24,28936,70973,162744,223181,-21016,246798,195218,-71519,64715,16746,916776
2022-08-25,28648,67787,162693,222114,-24152,245790,193370,-71135,58465,17402,900982
2022-08-26,27748,68635,162798,223506,-22376,247269,195163,-71645,57850,20722,909670
2022-08-29,27908,67204,162798,227382,-22601,248679,195843,-72365,54475,20230,909553
2022-08-30,28028,68662,162814,222979,-21956,248224,195835,-71958,57751,22150,912529
2022-08-31,28380,67766,162779,225239,-21612,248664,195443,-72946,55338,25390,914441
2022-09-01,25812,70398,162774,226487,-22429,248961,196066,-73453,59178,23750,917544
2022-09-02,30674,72906,162774,223865,-24301,248373,194347,-72319,60348,22231,918898
2022-09-05,29920,69885,162772,222873,-28534,247995,194337,-74297,56968,19631,901550
2022-09-06,27676,71538,162792,223825,-27064,248107,194638,-75782,59290,22639,907659
2022-09-07,27500,71424,162792,221629,-27820,247533,194182,-75287,58504,18609,899066
2022-09-08,29766,72236,162792,217693,-29740,247065,193577,-74459,61386,13758,894074
2022-09-09,30712,84300,162789,218050,-29857,246701,193667,-72391,85826,5812,925609
2022-09-13,30162,84020,162789,218820,-29154,247597,194459,-74498,84246,9277,927718
2022-09-14,30066,81836,162808,219646,-28850,247949,194714,-74645,77475,9457,920456
2022-09-15,29562,82578,162844,221154,-30071,248249,194756,-75155,79170,11281,924368
2022-09-16,27378,82631,162844,219219,-27857,248361,195122,-74996,78950,9211,920863
2022-09-19,28080,82631,162844,220488,-26562,249005,195191,-74424,76952,8311,922516
2022-09-20,28920,83873,162849,221739,-27786,248949,195329,-74840,77408,7639,924080
2022-09-21,28608,84975,162849,217735,-28778,247434,194757,-72508,80048,6295,921415
2022-09-22,27750,83205,162850,218659,-26050,247284,195407,-72932,77288,3607,917068
2022-09-23,24942,81225,162849,217403,-26322,247356,195391,-71744,73688,10607,915395
2022-09-26,25124,81992,162993,215643,-29082,246252,195547,-69000,77870,10901,918240
2022-09-27,23660,82818,162965,215969,-28932,246518,195479,-69432,79838,13061,921944
2022-09-28,25460,85237,162989,221334,-30957,246374,194963,-68235,83986,10001,931152
2022-09-29,26006,81277,162837,221145,-31003,247004,194867,-65693,78874,8891,924205
2022-09-30,29774,76453,163251,216621,-31592,246341,194468,-62837,68721,5678,906878
2022-10-10,28622,74820,162572,219453,-30440,247886,194601,-67093,68292,6146,904859
2022-10-11,27662,73490,162365,218623,-30258,248012,194937,-64798,66100,6916,903049
2022-10-12,26702,73145,161945,223645,-29766,248662,196367,-66538,63380,8082,905624
2022-10-13,27326,78857,162257,222765,-29898,247852,196427,-66722,72628,7809,919301
2022-10-14,26534,75389,161546,225808,-29161,249238,197715,-67482,63114,9447,912148
2022-10-17,27470,73405,161606,226174,-29161,249170,197454,-69363,60663,8281,905699
2022-10-18,26054,72397,161287,229594,-29231,249530,197238,-68959,58485,8974,905369
2022-10-19,26894,71839,160770,229406,-29411,250346,197434,-70591,58723,9354,904764
2022-10-20,26082,72343,161144,229591,-28755,249716,198244,-70591,56953,9054,903781
2022-10-21,25830,74359,161114,230149,-28869,249500,197734,-72335,60697,6014,904193
2022-10-24,25130,74669,160654,236745,-28515,250076,198754,-76368,59662,5237,906044
2022-10-25,24766,76682,160672,236969,-28419,249876,200154,-74842,61258,4472,911588
2022-10-26,24682,72622,160528,242450,-28335,250170,200354,-75814,52258,5498,904413
2022-10-27,22358,69374,160064,240400,-28329,251941,201054,-79847,51082,5277,893374
2022-10-28,21686,72062,159413,249416,-28213,253528,203316,-86267,52882,6012,903835
2022-10-31,23480,83939,160043,245321,-28369,251428,198974,-81735,72385,4377,929843
2022-11-01,23688,82859,160022,246037,-28378,251071,197597,-83065,68227,4377,922435
2022-11-02,24052,84599,160121,245187,-28383,250981,196539,-84612,66463,5121,920068
2022-11-03,26476,83983,160670,238651,-28281,250141,195090,-77848,70013,4538,923433
2022-11-04,25948,85318,160610,239581,-28353,250414,196884,-77935,70569,3338,926374
2022-11-07,25732,87138,160890,236719,-28363,250023,197478,-74705,76914,2807,934633
2022-11-08,25576,89928,161115,236879,-28692,249271,196938,-72899,78924,1511,938551
2022-11-09,25212,91416,160620,237815,-29115,249917,199179,-73789,81891,1658,944804
2022-11-10,27292,85371,161460,234119,-28235,248727,195048,-67055,76259,1358,934344
2022-11-11,27110,78555,161537,232370,-27975,248403,195384,-63614,67299,1479,920548
2022-11-14,27084,77709,162005,230742,-27898,248207,194809,-63242,64716,1563,915695
2022-11-15,27116,79290,162564,230286,-27790,248062,194717,-55010,63300,1487,924022
2022-11-16,25586,76530,162382,234756,-28588,248188,196301,-51372,60701,1447,925931
2022-11-17,26504,75518,162270,236496,-27932,248172,195949,-54022,55409,1202,919566
2022-11-18,23444,76418,161226,236931,-28924,248316,197444,-56262,57732,860,917185
2022-11-21,22832,77118,160789,239091,-29060,248338,198318,-56722,58338,1040,920082
2022-11-22,22712,77846,161112,239383,-29294,248304,198916,-54126,58650,1257,924760
2022-11-23,22652,79542,161152,235927,-28664,248304,195952,-46684,58749,1845,928775
2022-11-24,22622,81132,162244,230599,-27676,248343,192936,-44700,60744,1782,928026
2022-11-25,21482,75302,162181,230319,-28256,248342,195351,-40608,58044,1646,923803
2022-11-28,23012,78662,163237,229212,-26672,248504,193651,-32032,61019,1592,940185
2022-11-29,23292,77474,163007,231408,-26511,248528,193651,-31630,59642,1482,940343
2022-11-30,23628,75938,163357,231668,-26336,248672,193003,-29950,59042,3462,942484
2022-12-01,23992,74272,165307,229293,-25202,249343,190843,-24622,61202,4890,949318
2022-12-02,23012,74371,165199,225333,-25782,249746,189466,-33772,60122,5011,932706
2022-12-05,21242,77143,165311,223413,-26278,249836,190186,-33609,63137,3439,933820
2022-12-06,19506,80509,164531,227088,-27631,249548,190970,-33443,63704,3313,938095
2022-12-07,20906,93011,166298,226363,-27456,250322,190385,-25113,71051,4158,969925
2022-12-08,21634,96979,169796,219835,-26402,252300,188523,-12793,72845,5460,988177
2022-12-09,22306,91005,169446,222147,-25492,252440,189355,-9881,67645,6210,985181
2022-12-12,23450,89757,169518,218799,-25348,252304,188596,-12541,67219,6514,978268
2022-12-13,23618,86071,171380,217629,-24793,253747,188006,-12541,64535,8148,975800
2022-12-14,24892,87639,175300,211634,-23121,257187,187340,5315,65129,5688,997003
2022-12-15,25776,90549,173865,216779,-23531,255075,187412,6666,66217,3792,1002600
2022-12-16,25100,85893,168497,219435,-25556,248255,188330,-7974,63643,4188,969811
2022-12-19,25660,87453,169049,219368,-26678,249140,188150,1385,63911,4167,981605
2022-12-20,26920,91743,172754,218486,-25628,252380,187910,4725,67123,7719,1004132
2022-12-21,26980,93613,169907,219702,-27578,250402,188240,-7707,68233,6469,988261
2022-12-22,26628,95017,171579,219009,-29378,251302,188312,-7347,69014,5871,990007
2022-12-23,27070,105007,171615,217557,-29225,251437,188120,-2427,74934,6653,1010741
2022-12-26,28158,106687,173835,214021,-26625,253461,188024,2613,76797,8237,1025208
2022-12-27,28078,101395,173113,212212,-25777,252741,188051,4849,75191,7462,1017315
2022-12-28,27994,105695,172879,212398,-25673,252839,188100,2269,76559,5668,1018728
2022-12-29,29138,110771,175336,211926,-21168,255689,188094,5575,81879,7618,1044858
2022-12-30,28918,111422,173737,211926,-20288,253289,187970,8260,81801,8343,1045378
2023-01-03,26802,104415,172294,212912,-21931,252320,188228,7360,78913,7018,1028331
2023-01-04,23394,100915,171914,212741,-22387,251792,188312,5369,76807,3518,1012375
2023-01-05,24084,97923,175096,211311,-22261,255920,187636,9905,75385,2198,1017197
2023-01-06,23324,99815,174541,211815,-24501,255056,187716,8385,76333,4238,1016722
2023-01-09,23742,96707,175696,212750,-22719,256001,187712,-10995,75241,2654,996789
2023-01-10,23958,99899,177100,211870,-22059,257427,187604,-4467,77769,4062,1013163
2023-01-11,26622,104516,176272,212269,-22875,256769,187583,3013,80489,2865,1027523
2023-01-12,28712,107675,177641,211856,-20705,257777,187412,6037,83311,3095,1042811
2023-01-13,27458,106332,174644,213220,-22777,254321,187346,11152,80959,5279,1037934
2023-01-16,27800,105012,175532,212488,-18652,255350,187342,17872,80050,4901,1047695
2023-01-17,31328,110996,177160,210283,-17677,257318,187184,23600,88130,4859,1073181
2023-01-18,31292,104792,178270,209451,-14717,258470,187060,25736,77506,1835,1059695
2023-01-19,33276,100742,177604,207987,-11525,257671,186998,29316,71806,4901,1058776
2023-01-20,32636,105672,178381,213533,-13065,258727,186998,30040,76406,3677,1073005
2023-01-30,31480,106246,175901,214973,-13229,255191,186630,23979,79010,2691,1062872
2023-01-31,32364,104966,173581,215238,-12804,251958,186556,34011,79190,3320,1068380
2023-02-01,29372,103804,171787,217163,-19196,249753,186449,33306,79094,4565,1056097
2023-02-02,29732,104788,171955,216119,-20696,251377,186449,35430,79191,3053,1057398
2023-02-03,29762,107942,171823,217181,-20520,252004,186442,38037,82827,317,1065815
2023-02-06,30152,103377,170554,218545,-21339,250716,186493,26126,76299,47,1040970
2023-02-07,29564,103295,172072,218865,-23547,253686,186518,32520,75996,-103,1048866
2023-02-08,29508,99380,173172,219133,-23067,255038,186287,38064,72494,-22,1049987
2023-02-09,27268,102390,172688,219209,-28215,254188,186319,37530,74990,-614,1045753
2023-02-10,27450,104282,169334,220439,-32715,251346,186832,19708,78727,-548,1024855
2023-02-13,27362,104804,170636,219759,-31611,253555,185963,26676,79618,-478,1036284
2023-02-14,27318,101114,172036,219314,-32766,255257,185759,16072,73462,-642,1016924
2023-02-15,27878,101744,174924,218677,-31221,257687,185303,14399,73138,-624,1021905
2023-02-16,27078,102128,175874,219523,-32157,258523,185251,17619,73550,-663,1026726
2023-02-17,27358,105950,176630,219043,-31239,259403,184484,6675,76949,-577,1024676
2023-02-20,28474,105650,179430,216697,-27704,261647,183512,22705,76439,-576,1046274
2023-02-21,28570,106532,178733,217737,-26468,260428,183869,27627,78358,-601,1054785
2023-02-22,28374,103603,178613,217222,-22082,260806,183453,28639,75058,-545,1053141
2023-02-23,28822,105787,178449,219554,-20846,261301,182861,27359,76674,-511,1059450
2023-02-24,28054,102547,177441,220303,-22784,260275,184093,23901,73704,-289,1047245
2023-02-27,28662,97441,176796,220195,-25459,259173,184828,29731,69744,-309,1040802
2023-02-28,29686,93844,178582,220307,-24689,262011,184528,34519,66096,-614,1044270
2023-03-01,29510,93020,179052,219042,-27545,263001,184588,38614,64386,-344,1043324
2023-03-02,29834,96071,180885,217656,-28025,266301,183823,39170,65093,-584,1050224
2023-03-03,29924,98162,178197,214328,-27777,263173,184335,32753,66347,-960,1038482
2023-03-06,30122,101634,179925,213272,-23716,264714,183567,30224,69131,-717,1048156
2023-03-07,30056,100944,179655,213720,-27586,263674,183529,18036,68277,804,1031109
2023-03-08,29552,103338,182535,215576,-28666,268174,187009,19446,69943,786,1047693
2023-03-09,29188,100678,182270,210956,-32231,267324,188169,18021,66285,856,1031516
2023-03-10,30174,101470,185456,203639,-29522,271935,185820,13541,67641,-800,1029354
2023-03-13,27134,96492,185676,210821,-30242,275367,187183,-1246,65945,-2945,1014185
2023-03-14,27134,97458,183732,211067,-32389,272185,189100,970,64541,-2900,1010898
2023-03-15,25286,93543,176192,228383,-41218,260317,192194,-15725,61125,-2768,977329
2023-03-16,25924,89825,178768,223553,-39970,263957,191294,-15462,60327,-2928,975288
2023-03-17,26140,77689,176233,226199,-40530,260999,192326,-12618,52915,-3711,955642
2023-03-20,25820,81464,174642,224483,-41856,259403,192626,-16068,52808,-3583,949739
2023-03-21,26080,77624,174975,222018,-40792,259802,191978,-9568,49728,-3695,948150
2023-03-22,26360,70670,173295,218973,-40582,256612,194698,-8564,45808,-3875,933395
2023-03-23,27940,66526,174213,218691,-40006,257877,192322,14779,43033,-3999,951376
2023-03-24,28094,65826,174114,216636,-39947,257357,190870,23424,42511,-3961,954924
2023-03-27,28666,69721,175566,213531,-40118,259207,189078,18962,43887,-3942,954558
2023-03-28,28666,70012,176014,215907,-41238,260040,188814,7797,43656,-3910,945758
2023-03-29,28744,69484,176311,215011,-40743,260481,188910,10989,43656,-3828,949015
2023-03-30,28968,67334,176608,217840,-39630,260971,188430,10350,43214,-3681,950404
2023-03-31,31188,76854,172864,215698,-40478,255019,188846,4020,43759,-3881,943889
2023-04-03,33364,77449,171500,218530,-40686,252571,190427,5490,43724,-3515,948854
2023-04-04,32072,74134,170575,216115,-42471,251165,191813,-1070,43702,-1923,934112
2023-04-06,31820,72124,171748,214355,-42128,253103,189569,4055,43702,-1518,936830
2023-04-07,31100,70824,169944,215097,-43492,250826,191747,-7402,43728,-2078,920294
2023-04-10,34334,71528,170514,216525,-42852,251606,192026,-13903,43663,-1550,921891
2023-04-11,32150,68840,169885,216525,-43140,250710,193690,-16282,43901,-410,915869
2023-04-12,31790,72104,169661,215337,-43044,249630,195868,-24470,43370,-172,910074
2023-04-13,33630,68576,169811,210778,-42667,250355,196148,-17336,43730,1364,914389
2023-04-14,34270,69296,170259,205477,-41722,251045,193978,-11792,43565,-1012,913364
2023-04-17,33220,71152,170567,204748,-41506,251528,190072,-10212,42811,-3071,909309
2023-04-18,31792,65167,170268,204204,-41796,250912,189072,-16444,43279,-3476,892978
2023-04-19,29724,62692,170099,199812,-40897,250120,189262,-24844,44170,-1964,878174
2023-04-20,28320,60692,168747,202177,-40666,248140,189336,-24394,44632,-3500,873484
2023-04-21,26770,61940,167499,200947,-42862,245830,193041,-31114,43813,-4358,861506
2023-04-24,27442,61664,167151,200614,-42652,245410,193961,-28359,43317,-2777,865771
2023-04-25,26524,63732,167457,201571,-43892,245733,195431,-27948,42629,-3437,867800
2023-04-26,24688,62742,167233,202771,-46132,245299,197753,-30608,42647,-2637,863756
2023-04-27,25572,64810,167047,202251,-45980,245071,196420,-36110,41495,-3373,857203
2023-04-28,18472,63606,166802,202856,-47030,244541,198092,-37540,42759,1171,853729
2023-05-04,19322,65713,166826,202737,-47743,244632,201356,-33944,41807,3961,864667
2023-05-05,21282,66831,167040,202887,-46287,245282,197684,-32760,41326,1777,865062
2023-05-08,20484,66100,166995,203055,-47391,245204,200148,-39816,41128,853,856760
2023-05-09,19724,64122,166989,203065,-47966,245159,203118,-44964,41614,1690,852551
2023-05-10,20120,64254,166807,203122,-48058,244727,206086,-49617,41649,-1092,847998
2023-05-11,17168,66533,166783,203140,-48938,244691,207094,-53697,41277,-7437,836614
2023-05-12,16556,65200,166957,203224,-48598,244955,204020,-55647,41387,-7077,830977
2023-05-15,16522,67174,166957,203227,-48416,244955,205820,-56016,41357,-7945,833635
2023-05-16,17350,63743,167034,203175,-48092,245087,204834,-57563,41239,-7789,829018
2023-05-17,19016,64401,167009,203193,-48416,245071,201714,-55190,41617,-7741,830674
2023-05-18,19696,62745,166925,203267,-49146,244991,210162,-59963,41337,-7201,832813
2023-05-19,17328,61665,166765,203367,-49802,244837,216662,-74327,41227,-7033,820689
2023-05-22,18804,63780,166782,203403,-50054,244873,216057,-77655,42137,-7592,820535
2023-05-23,19450,62318,166652,203478,-49942,244767,218972,-79032,40937,-7917,819683
2023-05-24,20368,61838,166629,203383,-50178,244745,215556,-79707,40595,-8649,814580
2023-05-25,19892,62484,166699,203334,-50141,244745,212364,-77532,40462,-8649,813658
2023-05-26,21218,62204,166699,203307,-50149,244738,213466,-75024,39442,-7978,817923
2023-05-29,20786,62435,166699,203647,-50050,244784,216858,-79920,39332,-8408,816163
2023-05-30,19382,61313,166699,203797,-50060,244777,217452,-80590,39310,-7562,814518
2023-05-31,22308,62429,166619,203429,-50384,244697,210654,-79118,40678,-7242,814070
2023-06-01,23106,61729,166519,201953,-50681,244591,206098,-76948,38603,-6850,808120
2023-06-02,22782,63704,166453,202223,-50381,244505,214918,-78148,41843,-7438,820461
2023-06-05,21528,63578,166453,202253,-50237,244499,213048,-77974,40751,-7284,816615
2023-06-06,22212,63179,166453,202253,-50021,244453,216590,-78254,40701,-7228,820338
2023-06-07,21052,63128,166488,202100,-50345,244517,216590,-77374,40129,-6927,819358
2023-06-08,21372,63310,166545,201983,-50373,244730,214925,-76888,41449,-5919,821134
2023-06-09,19122,63530,166449,202046,-49337,244556,216397,-77668,41746,-6183,820658
2023-06-12,21618,63794,166692,201826,-49925,244951,215201,-72936,43448,-6055,828614
2023-06-13,24582,63866,166677,201782,-49973,244966,211771,-72528,42710,-6577,827276
2023-06-14,24946,64046,166765,201724,-50303,245099,212849,-72816,45174,-7577,829907
2023-06-15,24894,64321,166950,201808,-50655,245371,209583,-72066,48996,-6757,832445
2023-06-16,22032,64577,166720,201241,-50550,244957,210181,-74146,51434,-6507,829939
2023-06-19,23830,64897,166642,201169,-51014,244770,209966,-73822,55025,-6723,834740
2023-06-20,24430,65337,166250,200935,-50924,244182,209174,-76517,59613,-9279,833201
2023-06-21,21850,64917,166106,200650,-50414,243857,213345,-77693,58340,-10359,830599
2023-06-26,22842,64377,166547,200842,-51288,244767,211245,-77189,54936,-9715,827364
2023-06-27,21602,63537,166547,200890,-51428,244650,211655,-77794,54450,-10075,824034
2023-06-28,21912,63369,166507,201009,-52486,244552,209045,-76584,58105,-10009,825420
2023-06-29,24292,63213,166483,201196,-53064,244657,207995,-75717,59545,-10119,828481
2023-06-30,25832,69390,166827,201348,-53154,245249,207899,-75156,83899,-9570,862564
2023-07-03,25272,67854,166862,201747,-52864,245385,207467,-74944,77574,-9506,854847
2023-07-04,25344,68694,166702,201723,-51754,245115,209084,-75268,77655,-9682,857613
2023-07-05,26676,68463,166774,201499,-53008,245248,208534,-75212,83067,-9074,862967
2023-07-06,30576,67773,165991,201787,-53080,243295,206476,-75156,79326,-9890,857098
2023-07-07,31200,67648,165821,201612,-53840,243207,205476,-75000,77190,-9338,853976
2023-07-10,33120,68220,166081,202452,-56336,243648,204153,-72462,77454,-9002,857328
2023-07-11,35846,69284,166432,203024,-57722,244467,201821,-71197,81993,-9146,864802
2023-07-12,36902,67604,166522,202660,-57008,244635,199126,-68757,86121,-7928,869877
2023-07-13,40234,68020,167012,205180,-59252,245559,195402,-69351,84576,-7552,869828
2023-07-14,32496,69620,166044,201984,-55886,243650,205410,-73347,83172,-7408,865735
2023-07-17,34722,69552,166848,204534,-58073,245200,200090,-71530,83820,-7240,867923
2023-07-18,35850,72177,166764,207576,-57913,245080,196673,-68890,91850,-6475,882692
2023-07-19,36226,73437,167376,205728,-57625,246230,198065,-68641,98177,-6377,892596
2023-07-20,37858,72179,167714,204558,-57317,247374,198290,-67336,95957,-7397,891880
2023-07-21,34726,71750,167532,201291,-57187,247374,200894,-70661,92821,-7652,880888
2023-07-24,39210,72670,168717,205331,-57681,250734,197576,-68742,95307,-8120,895002
2023-07-25,40464,72793,168701,210031,-57821,251630,194016,-56279,93273,-7280,909528
2023-07-26,42032,74817,169092,212285,-57782,252782,193370,-51085,97836,-6636,926711
2023-07-27,53040,73377,169200,211631,-58445,253898,188746,-57619,93624,-10188,917264
2023-07-28,48156,70545,169240,215507,-58333,252611,188106,-58035,81724,-10116,899405
2023-07-31,49276,70104,169636,225301,-59204,253051,188756,-49299,84484,-8460,923645
2023-08-01,45216,70251,167934,223087,-58983,249831,187681,-55948,85584,-9540,905113
2023-08-02,35658,67701,166184,218027,-58444,247893,190849,-64873,84807,-12760,875042
2023-08-03,38508,69927,166460,221024,-58763,248269,189956,-65782,89603,-13112,886090
2023-08-04,37128,67701,166334,214199,-58422,248223,190660,-70658,87953,-12632,870486
2023-08-07,37974,66945,165554,212609,-58433,246751,190195,-69566,84389,-13202,863216
2023-08-08,38514,73525,165744,213179,-58807,247174,189453,-67652,97775,-13664,885241
2023-08-09,39144,74636,165510,212989,-58903,245426,190419,-67913,99391,-14015,886684
2023-08-10,42664,76770,165952,217834,-59215,245840,190510,-63613,100151,-13454,903439
2023-08-11,37736,79122,165264,216682,-58639,243860,191710,-65591,108677,-13575,905246
2023-08-14,38792,82222,165859,215194,-58783,245410,191470,-66016,112667,-13300,913515
2023-08-15,36792,80822,165979,214536,-57931,245739,192172,-65081,115397,-13091,915334
2023-08-16,36636,87022,166249,217419,-58347,245647,191288,-57083,127787,-13211,943407
2023-08-17,41394,91918,165844,216291,-59201,244613,189958,-56387,141365,-13471,962324
2023-08-18,46714,100186,165514,224657,-60041,243203,189258,-43892,155340,-13103,1007836
2023-08-21,47434,88216,166069,219807,-60083,244519,189180,-42239,125520,-12031,966392
2023-08-22,46546,88726,166265,220267,-60195,245469,188606,-43535,121194,-10666,962677
2023-08-23,46470,90184,165770,220000,-60167,243327,188372,-36812,122754,-9742,970156
2023-08-24,49662,96970,166190,220273,-60336,245112,188216,-31882,132474,-10027,996652
2023-08-25,47534,101064,165588,215995,-60108,242112,189344,-38934,134333,-9707,987221
2023-08-28,45832,100724,165490,216559,-60108,241296,190389,-50726,132693,-9437,972712
2023-08-29,52418,100982,165906,229255,-61032,242048,188904,-39591,132859,-8069,1003680
2023-08-30,51456,100895,166314,234143,-60823,246152,189564,-40351,135547,-8426,1014471
2023-08-31,53106,99487,166950,237575,-61120,249287,187980,-34884,135718,-8030,1026069
2023-09-01,50070,93026,166950,232583,-60824,248333,186605,-40968,111706,-9326,978155
2023-09-04,49478,97258,166768,233294,-60926,247761,186405,-37608,118746,-11361,989815
2023-09-05,52862,100678,167020,234988,-60902,247869,186288,-39456,126496,-11937,1003906
2023-09-06,50414,100678,166690,232166,-60652,246329,186498,-41616,130933,-14305,997135
2023-09-07,48384,95134,165364,227406,-60600,241998,187038,-46536,109030,-13507,953711
2023-09-08,51984,98110,166162,232480,-60740,244518,186868,-44411,116674,-11365,980280
2023-09-11,59584,95761,166642,234057,-60830,246192,186718,-45656,105874,-12065,976277
2023-09-12,58400,89755,166460,229585,-60584,244632,187146,-47696,98794,-11379,955113
2023-09-13,60704,88064,166681,230703,-60769,245448,187116,-45848,95088,-6381,960806
2023-09-14,61792,93740,167071,231367,-60783,246672,186884,-43524,102864,-6177,979906
2023-09-15,59616,92228,167305,231616,-61210,247244,187136,-41864,100532,-9957,972646
2023-09-18,59682,88068,167151,232806,-61266,248804,186744,-40785,98108,-8277,971035
2023-09-19,58730,91268,167316,232976,-61056,248749,187016,-40281,103708,-6600,981826
2023-09-20,55874,89882,166036,230396,-60924,243765,187468,-44397,97669,-7731,958038
2023-09-21,57414,90332,166308,234180,-60919,244905,187488,-43137,96901,-4881,968591
2023-09-22,56226,89023,165552,230440,-60733,242355,187824,-46835,96997,-5755,955094
2023-09-25,52690,90682,165101,229516,-60664,239758,188342,-47351,96706,-9529,945251
2023-09-26,53842,91354,165157,230673,-60759,240134,188790,-47255,100171,-9457,952650
2023-09-27,55426,89940,165197,228373,-60711,241542,188610,-48983,94843,-11347,942890
2023-09-28,46978,83940,165041,233469,-60891,239106,189633,-47938,82417,-15175,916580
2023-10-09,45250,83049,165008,228307,-60059,237958,190725,-50710,75527,-16043,899012
2023-10-10,44818,87417,164999,228479,-60493,238110,190452,-51322,70775,-15735,897500
2023-10-11,42994,85689,164969,230075,-60289,238628,189882,-48460,72200,-14747,900941
2023-10-12,42718,89973,164974,228830,-60441,238484,190103,-49730,73764,-14475,904200
2023-10-13,44068,90074,164610,229920,-61155,240184,189743,-47882,74921,-12923,911560
2023-10-16,43348,88634,164610,228324,-60511,240044,190898,-50220,74217,-13208,906136
2023-10-17,43302,90170,164898,228678,-60028,239330,192094,-51748,72153,-12389,906460
2023-10-18,42796,91730,164598,233670,-60868,239874,189982,-47940,74221,-12675,915388
2023-10-19,42664,91621,165018,229958,-61218,238521,188267,-53506,74879,-12688,903516
2023-10-20,40948,89157,165403,224626,-60543,237721,187417,-57552,76779,-12534,891422
2023-10-23,42796,90613,164707,225990,-60183,239281,187978,-55900,74993,-12594,897681
2023-10-24,43156,93275,163891,228022,-60711,240673,185913,-54555,75647,-12939,902372
2023-10-25,43796,92159,163906,228161,-60519,240499,184655,-56763,75305,-12315,898884
2023-10-26,43748,91911,163360,229551,-61335,242152,183791,-50187,77483,-12120,908354
2023-10-27,45266,99153,163094,230151,-61935,242482,184437,-38789,82358,-12000,934217
2023-10-30,45542,91665,163211,231051,-61085,242234,184627,-45437,70983,-12228,910563
2023-10-31,44944,95053,162995,229101,-60740,242746,184237,-46229,69786,-14185,907708
2023-11-01,44346,97853,163006,231801,-60303,242548,184717,-48084,74903,-12755,918032
2023-11-02,45974,101984,162516,236301,-61338,244053,181117,-41628,79623,-13146,935456
2023-11-03,44610,112932,162286,237642,-61888,244413,180506,-35418,85552,-12202,958433
2023-11-06,43728,111322,162385,239756,-61672,244249,182856,-35120,90349,-12970,964883
2023-11-07,43770,115693,162049,241376,-62530,245921,181568,-22435,91896,-14245,983063
2023-11-08,43392,116269,162007,242261,-62530,246353,181752,-14911,92136,-14597,992132
2023-11-09,43980,105181,161902,250181,-62551,247973,183000,10199,77374,-13829,1003410
2023-11-10,43560,110437,161941,239683,-61886,247077,186871,-7217,79422,-15194,984694
2023-11-13,44880,113341,161959,236103,-62000,246297,184470,-6225,83128,-14564,987389
2023-11-14,46770,116691,162027,238352,-62494,250007,181974,-2737,85878,-12614,1003854
2023-11-15,50442,115611,162165,241752,-62725,253607,180676,35,85218,-12470,1014311
2023-11-16,49650,109591,162009,244339,-62805,250573,184446,3103,72246,-12334,1000818
2023-11-17,50162,104479,162219,254488,-61870,253048,185664,9421,70717,-12730,1015598
2023-11-20,43958,108178,162141,253882,-61030,251415,190669,8668,73279,-12653,1018507
2023-11-21,42734,105082,162303,251107,-61195,253956,191117,11451,68839,-12461,1012933
2023-11-22,42602,102650,161883,259277,-60403,250916,195902,7811,69075,-12682,1017031
2023-11-23,42722,104138,162533,262643,-61063,254516,192126,16957,72903,-12752,1034723
2023-11-24,41050,96330,162497,267343,-61415,254664,193041,51400,65595,-9182,1061323
2023-11-27,40402,96088,161685,265543,-61116,251224,195237,4375,67451,-8777,1012112
2023-11-28,40210,95440,161549,282175,-61300,251564,195301,20950,67344,-8929,1044304
2023-11-29,42190,97794,161718,283095,-62749,251969,192133,28870,67560,-8469,1054111
2023-11-30,40762,91481,162160,299559,-62841,254094,196309,37610,58144,-8326,1068952
2023-12-01,40666,90025,161276,302959,-61549,249674,204266,43820,56956,-7949,1080144
2023-12-04,40766,90215,161263,295989,-61277,248465,207113,44165,60556,-10949,1076306
2023-12-05,41106,92888,161641,302501,-61421,253025,204698,39409,63526,-11189,1086184
2023-12-06,40818,92276,161989,314400,-61778,259733,201386,63004,65277,-11431,1125674
2023-12-07,41322,95205,162144,307008,-61591,262288,196354,69364,69541,-10951,1130684
2023-12-08,41242,95205,162059,299108,-61191,260560,197011,65764,71326,-12679,1118405
2023-12-11,41402,101305,162304,296021,-61446,262771,195361,65662,75946,-12657,1126669
2023-12-12,40010,99497,161478,289589,-60756,256369,198903,57910,73548,-13044,1103504
2023-12-13,39770,93989,161325,289847,-60795,255632,198980,58219,68207,-11564,1093610
2023-12-14,40478,93464,161295,287605,-60655,254890,193128,61649,68317,-11571,1088600
2023-12-15,40728,90720,161349,283197,-60795,254422,198276,56945,63025,-11611,1076256
2023-12-18,40736,91164,161333,284451,-60960,254728,198060,54824,64930,-11629,1077637
2023-12-19,41224,88339,161363,286981,-61680,256128,193472,54314,63832,-11461,1072512
2023-12-20,41448,88339,161411,296389,-61890,258078,190931,56334,67030,-11227,1086843
2023-12-21,41520,84544,161443,298242,-62382,259251,190627,59162,61698,-11035,1083070
2023-12-22,41410,87030,161431,294498,-61995,259771,189127,52092,63420,-11251,1075533
2023-12-25,41360,86352,161506,294783,-61947,260046,192592,50678,61026,-10923,1075473
2023-12-26,41828,89238,161506,295979,-61911,260158,196696,48350,66966,-11040,1087770
2023-12-27,41954,88786,161398,296249,-61974,257780,203420,46910,67758,-11247,1091034
2023-12-28,41522,83616,161422,298207,-61942,258842,207794,45200,64352,-12066,1086947
2023-12-29,41570,76466,161647,295270,-61942,260698,204350,43585,54265,-11445,1064464
2024-01-02,41090,75738,161687,301099,-61942,261583,202125,48607,53086,-11933,1071140
2024-01-03,41252,76838,161657,297067,-61942,261111,206985,41607,54211,-13428,1065358
2024-01-04,41284,71546,161193,292231,-61942,257205,213149,38679,48799,-13032,1049112
2024-01-05,40150,67034,160896,288044,-61936,255441,210849,36039,45319,-13068,1028768
2024-01-08,39490,67479,160805,289196,-61916,254946,215455,34466,44407,-12996,1031332
2024-01-09,39760,65913,160505,282812,-61673,252773,218689,27216,42713,-13212,1015496
2024-01-10,39696,65913,160757,284292,-61805,254393,212251,30010,42713,-13037,1015183
2024-01-11,39990,62393,160652,281652,-61819,253443,212019,27953,40068,-13117,1003234
2024-01-12,39780,61998,160612,281332,-61936,252729,208109,28667,43764,-12424,1002631
2024-01-15,40044,62294,160602,282624,-61958,252729,207395,39224,44370,-12600,1014724
2024-01-16,39972,59447,160450,281820,-61771,251109,209915,35864,42020,-13064,1005762
2024-01-17,40032,57627,160594,283510,-62179,253313,208790,37691,40300,-13075,1006603
2024-01-18,40416,58677,160602,283825,-61958,253370,207520,39299,39900,-13055,1008596
2024-01-19,40624,58312,160483,286345,-62504,252926,212330,76967,38196,-14486,1049193
2024-01-22,40992,58960,160637,285491,-62588,254021,201494,71325,38133,-13403,1035062
2024-01-23,41292,60570,160798,287463,-62828,256648,197347,69596,39277,-13171,1036992
2024-01-24,41138,59618,160952,287522,-62840,257768,198012,67678,38621,-12931,1035538
2024-01-25,41642,56930,160994,286710,-62831,258626,203043,58846,38281,-12827,1029414
2024-01-26,41418,53780,161018,286942,-62859,258212,196193,64267,36981,-12739,1023213
2024-01-29,41346,53240,160402,286262,-62858,254660,210030,53971,37026,-12583,1021496
2024-01-30,40396,55805,159958,286738,-62823,251657,214674,54895,37146,-12678,1025768
2024-01-31,38596,58085,159994,282748,-62951,251657,214674,51025,36978,-12793,1018013
2024-02-01,38178,56300,159674,281768,-63215,249425,213484,57425,37326,-12673,1017692
2024-02-02,38214,56108,159681,282873,-63080,249305,216168,54050,37668,-13159,1017828
2024-02-05,38754,56719,159656,283769,-62927,249305,210228,54416,37616,-13375,1014161
2024-02-06,39006,56249,159680,284921,-62053,249305,202914,55376,38738,-13633,1010503
2024-02-07,39074,57131,159732,284480,-61965,250295,201818,54186,37678,-13423,1009006
2024-02-08,40730,58523,159618,281214,-62090,248387,215810,43694,36478,-12907,1009457
2024-02-19,39722,57865,159512,278148,-63260,245937,210506,45887,36947,-13015,998249
2024-02-20,39654,57113,159542,277482,-62963,247289,207406,44600,38606,-12952,995777
2024-02-21,40284,56868,159538,277986,-62336,246805,206914,45980,38515,-13008,997546
2024-02-22,39594,56724,159546,278196,-62166,246844,203134,45410,39194,-13212,993264
2024-02-23,38490,56676,159798,276543,-62901,245628,208126,39726,39509,-13107,988488
2024-02-26,40100,58227,159294,278892,-60957,247737,198563,41106,36037,-13227,985772
2024-02-27,40232,57987,159437,275510,-61389,247289,200227,40773,35211,-13319,981958
2024-02-28,40526,58033,159554,275846,-61444,247046,193747,42863,36072,-13239,979004
2024-02-29,39910,61041,159734,276158,-60884,246526,192200,46304,29976,-13063,977902
2024-03-01,40232,63201,159684,275778,-61904,246601,191630,49494,27546,-12795,979467
2024-03-04,38736,62538,160104,274866,-63043,246049,197454,54508,26961,-12275,985898
2024-03-05,39600,62052,160143,275458,-61801,245842,194154,55372,27073,-12310,985583
2024-03-06,39204,63004,160115,274210,-62837,246102,199230,57132,26845,-11940,991065
2024-03-07,39468,66426,160195,275350,-62171,246000,196038,57294,20969,-11654,987915
2024-03-08,38896,65999,161491,273375,-61157,245088,200630,49258,19359,-11750,981189
2024-03-11,39064,66557,161113,273975,-63606,245382,194030,48262,14189,-11807,967159
2024-03-12,39442,66423,161813,273407,-63525,245148,197880,51169,14999,-12005,974751
2024-03-13,41202,68399,162957,273067,-61629,244756,199500,38071,13842,-8621,971544
2024-03-14,42042,69189,163529,273587,-58669,244693,193329,35623,13842,-7087,970078
2024-03-15,42346,67064,163326,270689,-57958,244655,193577,40375,14070,-7501,970643
2024-03-18,42962,67984,162006,271448,-56758,244247,189769,50407,12778,-8047,976796
2024-03-19,42242,69536,161710,270868,-57648,244203,181509,39061,12462,-7403,956540
2024-03-20,40042,75536,160030,271968,-58964,243899,186891,47269,9012,-1623,974060
2024-03-21,40592,71004,160570,271385,-60336,244025,191220,41497,11358,-8463,962852
2024-03-22,40676,66560,161221,269485,-62144,244109,197324,32942,15831,-7176,958828
2024-03-25,40516,67782,164389,269156,-64630,244535,205409,33494,15467,-7264,968854
2024-03-26,41332,69562,165181,267995,-66295,244808,205291,27388,14963,-7342,962883
2024-03-27,42232,67042,164630,267121,-68957,244857,204500,28476,17027,-6262,960666
2024-03-28,42282,70576,166518,267276,-67553,245467,207578,34101,15857,-3994,978108
2024-03-29,44182,73276,165132,267708,-62608,244661,204330,33381,14777,-3182,981657
2024-04-01,45014,70216,164670,267420,-63286,244211,207900,35621,15559,-1167,986158
2024-04-02,45118,68032,166089,267510,-63910,244559,211260,38197,15559,6065,998479
2024-04-03,44038,70702,162306,268050,-65302,243524,205410,45109,14149,17523,1005509
2024-04-08,43170,71746,160980,268211,-65421,242916,205280,48038,13861,18915,1007696
2024-04-09,43350,70528,161299,268259,-60780,243191,203696,50430,13861,19595,1013429
2024-04-10,42570,67298,160489,267884,-61385,243031,201435,46998,14792,18698,1001810
2024-04-11,41670,71022,160084,268010,-60465,242905,203151,47754,14057,26602,1014790
2024-04-12,42962,74030,160396,267470,-55110,242899,205327,49097,11411,25650,1024132
2024-04-15,44546,76634,160596,267140,-56102,242914,213806,46589,8863,23922,1028908
2024-04-16,44802,67520,158820,267370,-54436,242746,209342,49105,14398,24497,1024164
2024-04-17,41922,71055,158820,268382,-50685,242720,209342,58345,13726,25647,1039274
2024-04-18,41922,73504,158974,268166,-48060,242720,214418,58416,12221,25269,1047550
2024-04-19,41672,72349,159074,268790,-50895,242684,209828,60297,13133,18549,1035481
2024-04-22,41672,72349,159074,268790,-50895,242684,209828,60297,13133,18549,1035481
