Date,CarryContract,CurrentContract,CarryPrice,CarryVolume,CurrentPrice,CurrentVolume,AdjustPrice
2019-12-06,202005,202009,1561.0,318030,1584.0,17602,565.0
2019-12-09,202005,202009,1572.0,167478,1587.0,4914,568.0
2019-12-10,202005,202009,1634.0,221672,1654.0,6668,635.0
2019-12-11,202005,202009,1649.0,459154,1664.0,6484,645.0
2019-12-12,202005,202009,1630.0,245622,1642.0,3880,623.0
2019-12-13,202005,202009,1630.0,132320,1640.0,1444,621.0
2019-12-16,202005,202009,1632.0,277650,1651.0,5056,632.0
2019-12-17,202005,202009,1623.0,223740,1643.0,4090,624.0
2019-12-18,202005,202009,1628.0,195192,1651.0,3570,632.0
2019-12-19,202005,202009,1626.0,130952,1652.0,2014,633.0
2019-12-20,202005,202009,1611.0,134436,1644.0,1808,625.0
2019-12-23,202005,202009,1601.0,113058,1638.0,1646,619.0
2019-12-24,202005,202009,1604.0,62084,1644.0,1316,625.0
2019-12-25,202005,202009,1603.0,57878,1645.0,946,626.0
2019-12-26,202005,202009,1609.0,55730,1647.0,2484,628.0
2019-12-27,202005,202009,1608.0,102264,1653.0,2154,634.0
2019-12-30,202005,202009,1633.0,79116,1683.0,1688,664.0
2019-12-31,202005,202009,1633.0,79146,1691.0,4014,672.0
2020-01-02,202005,202009,1625.0,26179,1680.0,1519,661.0
2020-01-03,202005,202009,1629.0,23178,1689.0,813,670.0
2020-01-06,202005,202009,1638.0,40966,1689.0,1492,670.0
2020-01-07,202005,202009,1627.0,19256,1682.0,548,663.0
2020-01-08,202005,202009,1630.0,19972,1684.0,979,665.0
2020-01-09,202005,202009,1632.0,27286,1679.0,1367,660.0
2020-01-10,202005,202009,1658.0,173405,1699.0,2083,680.0
2020-01-13,202005,202009,1653.0,30481,1691.0,523,672.0
2020-01-14,202005,202009,1653.0,23832,1694.0,439,675.0
2020-01-15,202005,202009,1665.0,129730,1694.0,2967,675.0
2020-01-16,202005,202009,1668.0,34266,1693.0,516,674.0
2020-01-17,202005,202009,1677.0,40310,1706.0,449,687.0
2020-01-20,202005,202009,1667.0,31571,1695.0,819,676.0
2020-01-21,202005,202009,1655.0,17726,1686.0,311,667.0
2020-01-22,202005,202009,1642.0,33941,1674.0,1133,655.0
2020-01-23,202005,202009,1615.0,24597,1648.0,835,629.0
2020-02-03,202005,202009,1519.0,30443,1564.0,1330,545.0
2020-02-04,202005,202009,1561.0,19994,1598.0,639,579.0
2020-02-05,202005,202009,1560.0,18788,1603.0,636,584.0
2020-02-06,202005,202009,1574.0,13995,1619.0,490,600.0
2020-02-07,202005,202009,1574.0,10599,1615.0,744,596.0
2020-02-10,202005,202009,1568.0,6875,1618.0,407,599.0
2020-02-11,202005,202009,1579.0,10022,1624.0,306,605.0
2020-02-12,202005,202009,1578.0,9233,1621.0,540,602.0
2020-02-13,202005,202009,1581.0,8057,1626.0,664,607.0
2020-02-14,202005,202009,1578.0,5604,1626.0,329,607.0
2020-02-17,202005,202009,1586.0,7310,1638.0,468,619.0
2020-02-18,202005,202009,1583.0,5105,1641.0,228,622.0
2020-02-19,202005,202009,1587.0,4483,1644.0,105,625.0
2020-02-20,202005,202009,1586.0,12495,1643.0,887,624.0
2020-02-21,202005,202009,1579.0,15823,1638.0,321,619.0
2020-02-24,202005,202009,1587.0,16435,1643.0,363,624.0
2020-02-25,202005,202009,1605.0,55706,1664.0,1309,645.0
2020-02-26,202005,202009,1581.0,25077,1647.0,1016,628.0
2020-02-27,202005,202009,1575.0,14567,1646.0,469,627.0
2020-02-28,202005,202009,1565.0,16218,1630.0,428,611.0
2020-03-02,202005,202009,1587.0,15366,1646.0,433,627.0
2020-03-03,202005,202009,1571.0,17940,1643.0,451,624.0
2020-03-04,202005,202009,1574.0,6538,1643.0,287,624.0
2020-03-05,202005,202009,1556.0,22192,1636.0,1330,617.0
2020-03-06,202005,202009,1553.0,15316,1630.0,370,611.0
2020-03-09,202005,202009,1527.0,28000,1605.0,1378,586.0
2020-03-10,202005,202009,1539.0,12592,1626.0,778,607.0
2020-03-11,202005,202009,1542.0,17821,1626.0,741,607.0
2020-03-12,202005,202009,1522.0,11058,1620.0,455,601.0
2020-03-13,202005,202009,1518.0,12744,1606.0,1708,587.0
2020-03-16,202005,202009,1505.0,12752,1600.0,1680,581.0
2020-03-17,202005,202009,1486.0,18207,1567.0,1805,548.0
2020-03-18,202005,202009,1466.0,20790,1555.0,1074,536.0
2020-03-19,202005,202009,1441.0,30540,1517.0,2248,498.0
2020-03-20,202005,202009,1450.0,10459,1517.0,1746,498.0
2020-03-23,202005,202009,1427.0,16260,1489.0,2449,470.0
2020-03-24,202005,202009,1424.0,10593,1500.0,2018,481.0
2020-03-25,202005,202009,1419.0,8409,1499.0,833,480.0
2020-03-26,202005,202009,1396.0,17336,1486.0,1297,467.0
2020-03-27,202005,202009,1383.0,17010,1477.0,1050,458.0
2020-03-30,202005,202009,1339.0,16340,1432.0,1434,413.0
2020-03-31,202005,202009,1365.0,17787,1454.0,1661,435.0
2020-04-01,202005,202009,1371.0,9293,1449.0,1989,430.0
2020-04-02,202005,202009,1385.0,14396,1467.0,2399,448.0
2020-04-03,202005,202009,1371.0,10470,1445.0,1862,426.0
2020-04-07,202005,202009,1372.0,17635,1462.0,2601,443.0
2020-04-08,202005,202009,1371.0,13159,1481.0,5204,462.0
2020-04-09,202005,202009,1384.0,11607,1486.0,4559,467.0
2020-04-10,202005,202009,1360.0,15982,1476.0,3124,457.0
2020-04-13,202005,202009,1335.0,21407,1422.0,7681,403.0
2020-04-14,202005,202009,1347.0,17725,1447.0,11093,428.0
2020-04-15,202005,202009,1388.0,27746,1486.0,8118,467.0
2020-04-16,202005,202009,1355.0,94765,1455.0,70564,436.0
2020-04-17,202005,202009,1356.0,25382,1472.0,36847,453.0
2020-04-20,202005,202009,1343.0,15926,1494.0,66396,475.0
2020-04-21,202005,202009,1312.0,6740,1475.0,37925,456.0
2020-04-22,202005,202009,1308.0,3069,1467.0,24142,448.0
2020-04-23,202005,202009,1320.0,2557,1481.0,37329,462.0
2020-04-24,202005,202009,1308.0,2811,1479.0,19080,460.0
2020-04-27,202005,202009,1305.0,1482,1477.0,22680,458.0
2020-04-28,202005,202009,1269.0,1080,1451.0,20400,432.0
2020-04-29,202005,202009,1229.0,920,1443.0,21238,424.0
2020-04-30,202005,202009,1200.0,2693,1447.0,21061,428.0
2020-05-06,202009,202101,1455.0,16923,1515.0,279,436.0
2020-05-07,202009,202101,1455.0,21916,1501.0,1179,422.0
2020-05-08,202009,202101,1439.0,31153,1500.0,445,421.0
2020-05-11,202009,202101,1415.0,69326,1503.0,657,424.0
2020-05-12,202009,202101,1427.0,47911,1508.0,368,429.0
2020-05-13,202009,202101,1432.0,114667,1517.0,571,438.0
2020-05-14,202009,202101,1426.0,45571,1519.0,262,440.0
2020-05-15,202009,202101,1435.0,51114,1522.0,252,443.0
2020-05-18,202009,202101,1448.0,62285,1535.0,282,456.0
2020-05-19,202009,202101,1441.0,49213,1532.0,304,453.0
2020-05-20,202009,202101,1450.0,34252,1535.0,564,456.0
2020-05-21,202009,202101,1450.0,31711,1534.0,380,455.0
2020-05-22,202009,202101,1422.0,55575,1506.0,548,427.0
2020-05-25,202009,202101,1441.0,89474,1525.0,841,446.0
2020-05-26,202009,202101,1464.0,168659,1533.0,1636,454.0
2020-05-27,202009,202101,1459.0,143875,1535.0,1135,456.0
2020-05-28,202009,202101,1462.0,67318,1543.0,494,464.0
2020-05-29,202009,202101,1476.0,113378,1554.0,693,475.0
2020-06-01,202009,202101,1476.0,73196,1550.0,639,471.0
2020-06-02,202009,202101,1471.0,55997,1549.0,470,470.0
2020-06-03,202009,202101,1485.0,66616,1558.0,594,479.0
2020-06-04,202009,202101,1466.0,62867,1548.0,630,469.0
2020-06-05,202009,202101,1470.0,38833,1557.0,501,478.0
2020-06-08,202009,202101,1465.0,46291,1556.0,501,477.0
2020-06-09,202009,202101,1436.0,92815,1527.0,869,448.0
2020-06-10,202009,202101,1432.0,52148,1529.0,384,450.0
2020-06-11,202009,202101,1431.0,56704,1522.0,1501,443.0
2020-06-12,202009,202101,1436.0,82328,1533.0,883,454.0
2020-06-15,202009,202101,1445.0,69314,1540.0,569,461.0
2020-06-16,202009,202101,1448.0,47576,1534.0,591,455.0
2020-06-17,202009,202101,1439.0,37906,1536.0,603,457.0
2020-06-18,202009,202101,1432.0,39807,1527.0,281,448.0
2020-06-19,202009,202101,1440.0,39607,1532.0,623,453.0
2020-06-22,202009,202101,1436.0,33064,1529.0,367,450.0
2020-06-23,202009,202101,1427.0,43906,1522.0,395,443.0
2020-06-24,202009,202101,1401.0,85340,1506.0,1200,427.0
2020-06-29,202009,202101,1394.0,49057,1499.0,683,420.0
2020-06-30,202009,202101,1393.0,63634,1496.0,935,417.0
2020-07-01,202009,202101,1368.0,136548,1484.0,1886,405.0
2020-07-02,202009,202101,1370.0,94822,1493.0,3400,414.0
2020-07-03,202009,202101,1375.0,81952,1495.0,2205,416.0
2020-07-06,202009,202101,1381.0,74235,1502.0,1475,423.0
2020-07-07,202009,202101,1369.0,76403,1478.0,6824,399.0
2020-07-08,202009,202101,1391.0,105402,1496.0,5300,417.0
2020-07-09,202009,202101,1394.0,82673,1506.0,3346,427.0
2020-07-10,202009,202101,1389.0,61809,1504.0,2635,425.0
2020-07-13,202009,202101,1397.0,132818,1513.0,6059,434.0
2020-07-14,202009,202101,1388.0,73759,1505.0,3707,426.0
2020-07-15,202009,202101,1381.0,71106,1502.0,3651,423.0
2020-07-16,202009,202101,1373.0,78860,1498.0,2473,419.0
2020-07-17,202009,202101,1356.0,139887,1479.0,7092,400.0
2020-07-20,202009,202101,1306.0,218647,1445.0,12885,366.0
2020-07-21,202009,202101,1303.0,159512,1457.0,7713,378.0
2020-07-22,202009,202101,1316.0,221633,1476.0,9507,397.0
2020-07-23,202009,202101,1324.0,133985,1485.0,9099,406.0
2020-07-24,202009,202101,1320.0,108624,1482.0,6654,403.0
2020-07-27,202009,202101,1324.0,151598,1489.0,7800,410.0
2020-07-28,202009,202101,1325.0,84488,1486.0,5622,407.0
2020-07-29,202009,202101,1327.0,89609,1476.0,14486,397.0
2020-07-30,202009,202101,1317.0,87541,1470.0,7107,391.0
2020-07-31,202009,202101,1327.0,135911,1476.0,8716,397.0
2020-08-03,202009,202101,1376.0,293414,1531.0,46743,452.0
2020-08-04,202009,202101,1414.0,245596,1573.0,42381,494.0
2020-08-05,202009,202101,1406.0,564186,1569.0,90629,490.0
2020-08-06,202009,202101,1417.0,361004,1585.0,51975,506.0
2020-08-07,202009,202101,1472.0,680537,1609.0,126967,530.0
2020-08-10,202009,202101,1440.0,543128,1567.0,108926,488.0
2020-08-11,202009,202101,1439.0,475479,1555.0,120348,476.0
2020-08-12,202009,202101,1411.0,456488,1540.0,114510,461.0
2020-08-13,202009,202101,1404.0,268310,1540.0,63288,461.0
2020-08-14,202009,202101,1374.0,267395,1544.0,90000,465.0
2020-08-17,202009,202101,1378.0,226357,1550.0,96838,471.0
2020-08-18,202009,202101,1387.0,165890,1555.0,101039,476.0
2020-08-19,202009,202101,1409.0,136583,1569.0,161968,490.0
2020-08-20,202009,202101,1424.0,80863,1592.0,319413,513.0
2020-08-21,202009,202101,1427.0,65042,1603.0,827133,524.0
2020-08-24,202011,202101,1573.0,50480,1650.0,462414,571.0
2020-08-25,202012,202101,1682.0,48417,1684.0,683336,605.0
2020-08-26,202011,202101,1668.0,76557,1675.0,482841,596.0
2020-08-27,202011,202101,1672.0,84168,1665.0,503056,586.0
2020-08-28,202011,202101,1691.0,56571,1683.0,478192,604.0
2020-08-31,202012,202101,1752.0,24477,1742.0,413361,663.0
2020-09-01,202011,202101,1797.0,147568,1758.0,1126858,679.0
2020-09-02,202011,202101,1850.0,106088,1796.0,650470,717.0
2020-09-03,202011,202101,1850.0,83165,1785.0,1156253,706.0
2020-09-04,202011,202101,1837.0,87066,1765.0,1209113,686.0
2020-09-07,202011,202101,1860.0,102535,1787.0,936643,708.0
2020-09-08,202011,202101,1821.0,86129,1762.0,628240,683.0
2020-09-09,202011,202101,1819.0,56970,1727.0,715152,648.0
2020-09-10,202011,202101,1829.0,48867,1739.0,594268,660.0
2020-09-11,202011,202101,1876.0,54438,1777.0,562991,698.0
2020-09-14,202011,202101,1832.0,70481,1729.0,711297,650.0
2020-09-15,202011,202101,1768.0,84184,1667.0,954666,588.0
2020-09-16,202011,202101,1776.0,70933,1680.0,579997,601.0
2020-09-17,202011,202101,1763.0,45602,1675.0,385235,596.0
2020-09-18,202011,202101,1783.0,65638,1709.0,691367,630.0
2020-09-21,202011,202101,1766.0,59897,1682.0,522787,603.0
2020-09-22,202011,202101,1836.0,82203,1730.0,798410,651.0
2020-09-23,202011,202101,1847.0,73749,1751.0,941224,672.0
2020-09-24,202011,202101,1848.0,67728,1742.0,819403,663.0
2020-09-25,202011,202101,1838.0,56336,1724.0,557074,645.0
2020-09-28,202011,202101,1827.0,63380,1708.0,683743,629.0
2020-09-29,202011,202101,1807.0,52210,1706.0,478342,627.0
2020-09-30,202011,202101,1808.0,45846,1717.0,428975,638.0
2020-10-09,202011,202101,1725.0,18184,1691.0,390337,612.0
2020-10-12,202011,202101,1769.0,10769,1725.0,385050,646.0
2020-10-13,202011,202101,1778.0,8789,1730.0,497586,651.0
2020-10-14,202011,202101,1746.0,7481,1707.0,416474,628.0
2020-10-15,202012,202101,1714.0,10135,1673.0,428960,594.0
2020-10-16,202012,202101,1711.0,11570,1680.0,320956,601.0
2020-10-19,202012,202101,1656.0,11015,1621.0,507078,542.0
2020-10-20,202012,202101,1672.0,7943,1637.0,438062,558.0
2020-10-21,202012,202101,1673.0,11050,1640.0,261978,561.0
2020-10-22,202012,202101,1660.0,10268,1627.0,460800,548.0
2020-10-23,202101,202105,1605.0,389766,1563.0,6522,526.0
2020-10-26,202101,202105,1616.0,442500,1556.0,9466,519.0
2020-10-27,202101,202105,1617.0,314484,1557.0,3983,520.0
2020-10-28,202101,202105,1610.0,422039,1553.0,8081,516.0
2020-10-29,202101,202105,1583.0,365211,1539.0,9735,502.0
2020-10-30,202101,202105,1568.0,385750,1547.0,8688,510.0
2020-11-02,202101,202105,1606.0,334362,1591.0,9739,554.0
2020-11-03,202101,202105,1578.0,318447,1569.0,8935,532.0
2020-11-04,202101,202105,1574.0,237688,1572.0,8476,535.0
2020-11-05,202101,202105,1553.0,263322,1563.0,6075,526.0
2020-11-06,202101,202105,1552.0,329785,1572.0,7420,535.0
2020-11-09,202101,202103,1522.0,356757,1527.0,9963,516.0
2020-11-10,202101,202103,1532.0,285072,1532.0,7238,521.0
2020-11-11,202101,202103,1522.0,475795,1536.0,9173,525.0
2020-11-12,202101,202104,1523.0,323892,1570.0,11606,528.0
2020-11-13,202101,202104,1534.0,506963,1578.0,10549,536.0
2020-11-16,202101,202105,1543.0,439664,1594.0,12617,557.0
2020-11-17,202101,202105,1543.0,356970,1597.0,13693,560.0
2020-11-18,202101,202105,1530.0,365558,1540.0,25788,503.0
2020-11-19,202101,202105,1549.0,358960,1557.0,17927,520.0
2020-11-20,202101,202105,1523.0,351418,1544.0,15167,507.0
2020-11-23,202101,202105,1515.0,449005,1544.0,22516,507.0
2020-11-24,202101,202105,1494.0,340815,1549.0,17724,512.0
2020-11-25,202101,202105,1487.0,370222,1555.0,22203,518.0
2020-11-26,202101,202105,1491.0,270277,1556.0,16168,519.0
2020-11-27,202101,202105,1520.0,618823,1573.0,44236,536.0
2020-11-30,202101,202105,1477.0,477460,1551.0,23102,514.0
2020-12-01,202101,202105,1446.0,563582,1514.0,64784,477.0
2020-12-02,202101,202105,1441.0,422758,1496.0,42138,459.0
2020-12-03,202101,202105,1445.0,338700,1512.0,41985,475.0
2020-12-04,202101,202105,1445.0,544692,1534.0,68413,497.0
2020-12-07,202101,202105,1415.0,643858,1533.0,68169,496.0
2020-12-08,202101,202105,1420.0,300658,1537.0,34503,500.0
2020-12-09,202101,202105,1375.0,653554,1489.0,111087,452.0
2020-12-10,202101,202105,1338.0,857737,1465.0,235321,428.0
2020-12-11,202101,202105,1330.0,743066,1463.0,159067,426.0
2020-12-14,202101,202105,1388.0,752160,1542.0,241025,505.0
2020-12-15,202101,202105,1385.0,445041,1547.0,224128,510.0
2020-12-16,202101,202105,1385.0,399769,1570.0,299112,533.0
2020-12-17,202101,202105,1419.0,342511,1589.0,249795,552.0
2020-12-18,202101,202105,1416.0,260309,1573.0,387972,536.0
2020-12-21,202101,202105,1471.0,152377,1666.0,676768,629.0
2020-12-22,202101,202105,1420.0,67581,1618.0,597527,581.0
2020-12-23,202101,202105,1449.0,44989,1644.0,670551,607.0
2020-12-24,202101,202105,1459.0,23797,1657.0,549553,620.0
2020-12-25,202101,202105,1452.0,14268,1650.0,376755,613.0
2020-12-28,202104,202105,1612.0,28056,1619.0,520031,582.0
2020-12-29,202104,202105,1587.0,24624,1593.0,504509,556.0
2020-12-30,202104,202105,1592.0,8066,1600.0,245679,563.0
2020-12-31,202104,202105,1602.0,16361,1611.0,346772,574.0
2021-01-04,202104,202105,1600.0,16046,1609.0,277664,572.0
2021-01-05,202104,202105,1592.0,22187,1599.0,360539,562.0
2021-01-06,202104,202105,1639.0,22743,1650.0,571014,613.0
2021-01-07,202104,202105,1628.0,27532,1637.0,617212,600.0
2021-01-08,202104,202105,1599.0,19395,1608.0,494790,571.0
2021-01-11,202104,202105,1551.0,25852,1548.0,645432,511.0
2021-01-12,202104,202105,1530.0,16810,1529.0,435317,492.0
2021-01-13,202104,202105,1500.0,15582,1503.0,405275,466.0
2021-01-14,202104,202105,1520.0,8711,1522.0,384261,485.0
2021-01-15,202104,202105,1543.0,12024,1547.0,366232,510.0
2021-01-18,202104,202105,1549.0,11676,1556.0,384912,519.0
2021-01-19,202104,202105,1544.0,13059,1547.0,255603,510.0
2021-01-20,202104,202105,1577.0,17417,1583.0,367880,546.0
2021-01-21,202104,202105,1564.0,14314,1570.0,318968,533.0
2021-01-22,202104,202105,1548.0,21975,1552.0,462432,515.0
2021-01-25,202104,202105,1572.0,23650,1578.0,350135,541.0
2021-01-26,202104,202105,1569.0,26854,1576.0,277251,539.0
2021-01-27,202104,202105,1554.0,32638,1559.0,386605,522.0
2021-01-28,202104,202105,1599.0,29253,1603.0,392145,566.0
2021-01-29,202104,202105,1612.0,27926,1618.0,349662,581.0
2021-02-01,202104,202105,1591.0,33896,1596.0,328247,559.0
2021-02-02,202104,202105,1610.0,24914,1614.0,314575,577.0
2021-02-03,202104,202105,1630.0,25867,1637.0,444357,600.0
2021-02-04,202104,202105,1629.0,29442,1633.0,370563,596.0
2021-02-05,202104,202105,1623.0,22800,1627.0,263482,590.0
2021-02-08,202104,202105,1638.0,31085,1645.0,334484,608.0
2021-02-09,202104,202105,1615.0,21747,1618.0,265757,581.0
2021-02-10,202104,202105,1596.0,19417,1598.0,211327,561.0
2021-02-18,202104,202105,1660.0,15849,1668.0,217829,631.0
2021-02-19,202104,202105,1660.0,20416,1666.0,280189,629.0
2021-02-22,202104,202105,1738.0,30371,1745.0,402630,708.0
2021-02-23,202104,202105,1756.0,39024,1763.0,593440,726.0
2021-02-24,202104,202105,1773.0,38194,1781.0,444727,744.0
2021-02-25,202105,202109,1847.0,649527,1988.0,55309,810.0
2021-02-26,202105,202109,1836.0,540893,1971.0,56831,793.0
2021-03-01,202105,202109,1908.0,811305,2021.0,89583,843.0
2021-03-02,202105,202109,1907.0,1127431,2014.0,71657,836.0
2021-03-03,202105,202109,1905.0,1194119,2013.0,117152,835.0
2021-03-04,202105,202109,1848.0,882869,1979.0,96616,801.0
2021-03-05,202105,202109,1841.0,806664,2010.0,170242,832.0
2021-03-08,202105,202109,1917.0,989258,2071.0,256145,893.0
2021-03-09,202105,202109,1942.0,976337,2091.0,216289,913.0
2021-03-10,202105,202109,1963.0,911203,2107.0,195588,929.0
2021-03-11,202105,202109,1892.0,1479792,2056.0,350252,878.0
2021-03-12,202105,202109,1879.0,959480,2046.0,215582,868.0
2021-03-15,202105,202109,1941.0,844215,2099.0,214037,921.0
2021-03-16,202105,202109,1920.0,826139,2078.0,215869,900.0
2021-03-17,202105,202109,1997.0,889991,2142.0,237299,964.0
2021-03-18,202105,202109,1996.0,815399,2144.0,221936,966.0
2021-03-19,202105,202109,1944.0,828676,2098.0,269035,920.0
2021-03-22,202105,202109,1924.0,914102,2086.0,282257,908.0
2021-03-23,202105,202109,1923.0,705414,2086.0,221533,908.0
2021-03-24,202105,202109,1920.0,717727,2095.0,269221,917.0
2021-03-25,202105,202109,1887.0,492124,2066.0,182091,888.0
2021-03-26,202105,202109,1903.0,731001,2074.0,282456,896.0
2021-03-29,202105,202109,1868.0,839041,2046.0,309180,868.0
2021-03-30,202105,202109,1883.0,569180,2042.0,248756,864.0
2021-03-31,202105,202109,1875.0,535415,2025.0,203350,847.0
2021-04-01,202105,202109,1904.0,504680,2052.0,196935,874.0
2021-04-02,202105,202109,1913.0,540750,2062.0,218014,884.0
2021-04-06,202105,202109,1884.0,309215,2039.0,163035,861.0
2021-04-07,202105,202109,1852.0,454549,1985.0,391715,807.0
2021-04-08,202105,202109,1842.0,280322,1967.0,325260,789.0
2021-04-09,202105,202109,1815.0,174489,1913.0,465412,735.0
2021-04-12,202105,202109,1794.0,173518,1891.0,788942,713.0
2021-04-13,202105,202109,1784.0,76173,1907.0,538376,729.0
2021-04-14,202105,202109,1783.0,60222,1912.0,649058,734.0
2021-04-15,202105,202109,1749.0,55738,1873.0,721073,695.0
2021-04-16,202105,202109,1752.0,39289,1904.0,842496,726.0
2021-04-19,202105,202109,1806.0,46406,1968.0,1250234,790.0
2021-04-20,202105,202109,1802.0,19690,1976.0,610274,798.0
2021-04-21,202105,202109,1775.0,16419,1935.0,823639,757.0
2021-04-22,202105,202109,1765.0,11666,1933.0,861244,755.0
2021-04-23,202109,202201,1923.0,815669,2011.0,11884,745.0
2021-04-26,202109,202201,1947.0,929358,2032.0,23129,766.0
2021-04-27,202109,202201,2001.0,827278,2091.0,18533,825.0
2021-04-28,202109,202201,2005.0,752969,2113.0,20252,847.0
2021-04-29,202109,202201,2045.0,899044,2162.0,29203,896.0
2021-04-30,202109,202201,2087.0,693832,2217.0,32403,951.0
2021-05-06,202109,202201,2190.0,582326,2305.0,30520,1039.0
2021-05-07,202109,202201,2162.0,816658,2271.0,35323,1005.0
2021-05-10,202109,202201,2172.0,1840154,2287.0,72285,1021.0
2021-05-11,202109,202201,2152.0,1723572,2272.0,65289,1006.0
2021-05-12,202109,202201,2249.0,1807272,2366.0,64472,1100.0
2021-05-13,202109,202201,2211.0,2369234,2344.0,101192,1078.0
2021-05-14,202109,202201,2201.0,3139810,2330.0,122250,1064.0
2021-05-17,202109,202201,2238.0,1885059,2368.0,90805,1102.0
2021-05-18,202109,202201,2229.0,1138003,2355.0,71312,1089.0
2021-05-19,202109,202201,2131.0,1287800,2251.0,92727,985.0
2021-05-20,202109,202201,2081.0,1329617,2210.0,113124,944.0
2021-05-21,202109,202201,2087.0,968112,2238.0,94830,972.0
2021-05-24,202109,202201,2101.0,832974,2253.0,80812,987.0
2021-05-25,202109,202201,2138.0,726907,2297.0,72063,1031.0
2021-05-26,202109,202201,2135.0,584115,2318.0,68923,1052.0
2021-05-27,202109,202201,2129.0,717158,2299.0,83590,1033.0
2021-05-28,202109,202201,2176.0,643556,2351.0,87411,1085.0
2021-05-31,202109,202201,2181.0,475702,2359.0,61548,1093.0
2021-06-01,202109,202201,2289.0,530815,2441.0,88848,1175.0
2021-06-02,202109,202201,2288.0,539174,2455.0,103718,1189.0
2021-06-03,202109,202201,2265.0,566427,2439.0,99277,1173.0
2021-06-04,202109,202201,2245.0,492978,2389.0,93107,1123.0
2021-06-07,202109,202201,2235.0,429075,2394.0,77180,1128.0
2021-06-08,202109,202201,2244.0,556683,2394.0,88309,1128.0
2021-06-09,202109,202201,2197.0,473412,2359.0,61817,1093.0
2021-06-10,202109,202201,2142.0,606380,2320.0,101183,1054.0
2021-06-11,202109,202201,2175.0,392675,2338.0,59754,1072.0
2021-06-15,202109,202201,2168.0,261578,2335.0,48422,1069.0
2021-06-16,202109,202201,2174.0,309218,2339.0,49787,1073.0
2021-06-17,202109,202201,2222.0,516983,2388.0,78024,1122.0
2021-06-18,202109,202201,2185.0,491790,2343.0,88163,1077.0
2021-06-21,202109,202201,2189.0,325178,2340.0,62378,1074.0
2021-06-22,202109,202201,2212.0,422866,2368.0,71728,1102.0
2021-06-23,202109,202201,2175.0,418594,2337.0,73397,1071.0
2021-06-24,202109,202201,2238.0,515278,2399.0,98843,1133.0
2021-06-25,202109,202201,2283.0,404162,2447.0,93230,1181.0
2021-06-28,202109,202201,2229.0,348843,2403.0,74886,1137.0
2021-06-29,202109,202201,2195.0,289316,2383.0,66797,1117.0
2021-06-30,202109,202201,2232.0,253547,2428.0,59725,1162.0
2021-07-01,202109,202201,2187.0,345947,2400.0,84958,1134.0
2021-07-02,202109,202201,2266.0,414394,2465.0,91405,1199.0
2021-07-05,202109,202201,2269.0,267575,2480.0,74903,1214.0
2021-07-06,202109,202201,2319.0,417403,2528.0,113780,1262.0
2021-07-07,202109,202201,2268.0,402151,2484.0,125076,1218.0
2021-07-08,202109,202201,2273.0,324247,2476.0,91290,1210.0
2021-07-09,202109,202201,2272.0,320298,2467.0,97517,1201.0
2021-07-12,202109,202201,2270.0,330681,2473.0,91667,1207.0
2021-07-13,202109,202201,2297.0,271181,2505.0,83942,1239.0
2021-07-14,202109,202201,2294.0,274708,2496.0,75626,1230.0
2021-07-15,202109,202201,2272.0,388115,2480.0,130515,1214.0
2021-07-16,202109,202201,2333.0,419519,2530.0,121728,1264.0
2021-07-19,202109,202201,2311.0,397372,2510.0,126487,1244.0
2021-07-20,202109,202201,2317.0,268228,2513.0,99839,1247.0
2021-07-21,202109,202201,2380.0,460443,2585.0,208771,1319.0
2021-07-22,202109,202201,2394.0,287634,2603.0,132011,1337.0
2021-07-23,202109,202201,2339.0,319102,2552.0,179525,1286.0
2021-07-26,202109,202201,2335.0,267961,2581.0,157035,1315.0
2021-07-27,202109,202201,2270.0,324101,2538.0,269999,1272.0
2021-07-28,202109,202201,2312.0,189692,2584.0,182047,1318.0
2021-07-29,202109,202201,2325.0,144261,2600.0,167115,1334.0
2021-07-30,202109,202201,2338.0,131961,2626.0,351058,1360.0
2021-08-02,202109,202201,2302.0,112442,2572.0,447295,1306.0
2021-08-03,202109,202201,2261.0,92158,2511.0,416993,1245.0
2021-08-04,202109,202201,2294.0,53805,2564.0,360530,1298.0
2021-08-05,202109,202201,2262.0,41058,2505.0,354311,1239.0
2021-08-06,202109,202201,2351.0,75180,2622.0,605234,1356.0
2021-08-09,202109,202201,2365.0,45133,2633.0,436924,1367.0
2021-08-10,202201,202205,2656.0,365006,2774.0,30393,1390.0
2021-08-11,202201,202205,2679.0,330634,2791.0,32340,1407.0
2021-08-12,202201,202205,2658.0,610825,2784.0,66708,1400.0
2021-08-13,202201,202205,2732.0,688376,2851.0,69064,1467.0
2021-08-16,202201,202205,2757.0,823043,2868.0,83081,1484.0
2021-08-17,202201,202205,2724.0,667490,2855.0,66245,1471.0
2021-08-18,202201,202205,2696.0,615363,2851.0,54775,1467.0
2021-08-19,202201,202205,2696.0,810698,2847.0,72364,1463.0
2021-08-20,202201,202205,2742.0,747459,2877.0,67343,1493.0
2021-08-23,202201,202205,2732.0,768148,2875.0,62628,1491.0
2021-08-24,202201,202205,2735.0,613751,2878.0,56919,1494.0
2021-08-25,202201,202205,2730.0,838552,2873.0,67444,1489.0
2021-08-26,202201,202205,2647.0,882489,2788.0,84982,1404.0
2021-08-27,202201,202205,2694.0,703903,2816.0,76089,1432.0
2021-08-30,202201,202205,2718.0,624319,2840.0,60246,1456.0
2021-08-31,202201,202205,2689.0,584120,2818.0,56352,1434.0
2021-09-01,202201,202205,2704.0,629408,2823.0,54376,1439.0
2021-09-02,202201,202205,2687.0,704540,2808.0,74910,1424.0
2021-09-03,202201,202205,2727.0,582100,2846.0,60148,1462.0
2021-09-06,202201,202205,2739.0,578127,2856.0,58555,1472.0
2021-09-07,202201,202205,2865.0,981645,2979.0,111432,1595.0
2021-09-08,202201,202205,2903.0,897369,2981.0,112472,1597.0
2021-09-09,202201,202205,2984.0,1045360,3090.0,122251,1706.0
2021-09-10,202201,202205,2964.0,1098382,3064.0,103379,1680.0
2021-09-13,202201,202205,2958.0,982311,3064.0,94389,1680.0
2021-09-14,202201,202205,2882.0,1084129,2980.0,124669,1596.0
2021-09-15,202201,202205,2888.0,1124480,2949.0,128097,1565.0
2021-09-16,202201,202205,3000.0,1295993,3036.0,115884,1652.0
2021-09-17,202201,202205,2912.0,1415856,2852.0,202638,1468.0
2021-09-22,202201,202205,3174.0,832210,2962.0,92575,1578.0
2021-09-23,202201,202205,3216.0,1069459,3063.0,126582,1679.0
2021-09-24,202201,202205,3118.0,1142899,2978.0,123306,1594.0
2021-09-27,202201,202205,3384.0,972809,3128.0,150957,1744.0
2021-09-28,202201,202205,3390.0,1042005,3090.0,122468,1706.0
2021-09-29,202201,202205,3435.0,842535,3068.0,69527,1684.0
2021-09-30,202201,202205,3512.0,672775,3057.0,58560,1673.0
2021-10-08,202201,202205,3362.0,627452,3088.0,80762,1704.0
2021-10-11,202201,202205,3500.0,863206,3224.0,96593,1840.0
2021-10-12,202201,202205,3583.0,1116515,3401.0,172657,2017.0
2021-10-13,202201,202205,3478.0,1199736,3367.0,236480,1983.0
2021-10-14,202201,202205,3430.0,1155144,3327.0,224011,1943.0
2021-10-15,202201,202205,3435.0,996262,3259.0,179496,1875.0
2021-10-18,202201,202205,3570.0,981999,3328.0,122960,1944.0
2021-10-19,202201,202205,3459.0,831173,3317.0,95295,1933.0
2021-10-20,202201,202205,3221.0,1198598,3062.0,182693,1678.0
2021-10-21,202201,202205,3134.0,1147791,3034.0,206524,1650.0
2021-10-22,202201,202205,3010.0,367409,2936.0,116562,1552.0
2021-10-25,202201,202205,2828.0,1498472,2709.0,349384,1325.0
2021-10-26,202201,202205,2778.0,1238634,2639.0,212764,1255.0
2021-10-27,202201,202205,2833.0,1446099,2594.0,214966,1210.0
2021-10-28,202201,202205,2860.0,2105156,2596.0,227300,1212.0
2021-10-29,202201,202205,2801.0,1254986,2540.0,153006,1156.0
2021-11-01,202201,202205,2604.0,1365190,2380.0,217453,996.0
2021-11-02,202201,202205,2563.0,1159626,2256.0,217478,872.0
2021-11-03,202201,202205,2802.0,1478867,2487.0,275118,1103.0
2021-11-04,202201,202205,2638.0,1337625,2377.0,347759,993.0
2021-11-05,202201,202205,2565.0,1045565,2423.0,291097,1039.0
2021-11-08,202201,202205,2513.0,1059466,2370.0,311901,986.0
2021-11-09,202201,202205,2560.0,921769,2398.0,230491,1014.0
2021-11-10,202201,202205,2512.0,937637,2284.0,287437,900.0
2021-11-11,202201,202205,2684.0,764190,2478.0,289698,1094.0
2021-11-12,202201,202205,2527.0,733616,2368.0,288690,984.0
2021-11-15,202201,202205,2497.0,597287,2333.0,330240,949.0
2021-11-16,202201,202205,2544.0,578093,2365.0,257887,981.0
2021-11-17,202201,202205,2607.0,596495,2355.0,291009,971.0
2021-11-18,202201,202205,2586.0,500893,2324.0,278033,940.0
2021-11-19,202201,202205,2699.0,659495,2391.0,528251,1007.0
2021-11-22,202201,202205,2684.0,425661,2400.0,439898,1016.0
2021-11-23,202201,202205,2650.0,338700,2412.0,436149,1028.0
2021-11-24,202201,202205,2684.0,316325,2492.0,454394,1108.0
2021-11-25,202201,202205,2654.0,242629,2469.0,447203,1085.0
2021-11-26,202201,202205,2551.0,256480,2366.0,459975,982.0
2021-11-29,202201,202205,2623.0,196080,2455.0,470809,1071.0
2021-11-30,202201,202205,2619.0,188442,2417.0,468631,1033.0
2021-12-01,202201,202205,2688.0,261171,2588.0,730361,1204.0
2021-12-02,202201,202205,2641.0,229584,2538.0,862912,1154.0
2021-12-03,202201,202205,2640.0,102332,2523.0,928630,1139.0
2021-12-06,202201,202205,2639.0,56546,2561.0,854273,1177.0
2021-12-07,202201,202205,2632.0,66039,2552.0,640514,1168.0
2021-12-08,202201,202205,2391.0,200540,2378.0,865734,994.0
2021-12-09,202201,202205,2302.0,106234,2238.0,911953,854.0
2021-12-10,202201,202205,2392.0,64947,2258.0,698435,874.0
2021-12-13,202201,202205,2422.0,57134,2288.0,795330,904.0
2021-12-14,202201,202205,2447.0,27758,2304.0,628393,920.0
2021-12-15,202205,202209,2223.0,748856,2291.0,29729,839.0
2021-12-16,202205,202209,2327.0,772305,2369.0,45982,917.0
2021-12-17,202205,202209,2374.0,633096,2406.0,37602,954.0
2021-12-20,202205,202209,2285.0,763700,2338.0,41857,886.0
2021-12-21,202205,202209,2335.0,774745,2377.0,36765,925.0
2021-12-22,202205,202209,2329.0,685471,2377.0,32013,925.0
2021-12-23,202205,202209,2318.0,647754,2373.0,40047,921.0
2021-12-24,202205,202209,2293.0,821118,2351.0,39888,899.0
2021-12-27,202205,202209,2285.0,623271,2343.0,33852,891.0
2021-12-28,202205,202209,2285.0,547613,2345.0,30117,893.0
2021-12-29,202205,202209,2286.0,572056,2346.0,29741,894.0
2021-12-30,202205,202209,2244.0,635770,2322.0,33882,870.0
2021-12-31,202205,202209,2183.0,735947,2274.0,34493,822.0
2022-01-04,202205,202209,2221.0,537751,2319.0,27344,867.0
2022-01-05,202205,202209,2250.0,510491,2335.0,22362,883.0
2022-01-06,202205,202209,2312.0,621871,2404.0,34343,952.0
2022-01-07,202205,202209,2337.0,518884,2433.0,30373,981.0
2022-01-10,202205,202209,2413.0,684995,2499.0,49545,1047.0
2022-01-11,202205,202209,2470.0,755232,2578.0,69452,1126.0
2022-01-12,202205,202209,2486.0,544231,2591.0,51900,1139.0
2022-01-13,202205,202209,2461.0,1128635,2558.0,90710,1106.0
2022-01-14,202205,202209,2593.0,1018299,2679.0,81669,1227.0
2022-01-17,202205,202209,2553.0,890843,2655.0,81085,1203.0
2022-01-18,202205,202209,2558.0,747583,2644.0,87841,1192.0
2022-01-19,202205,202209,2596.0,963395,2688.0,90544,1236.0
2022-01-20,202205,202209,2574.0,681078,2680.0,73513,1228.0
2022-01-21,202205,202209,2712.0,1217868,2804.0,108896,1352.0
2022-01-24,202205,202209,2685.0,779701,2779.0,74010,1327.0
2022-01-25,202205,202209,2700.0,935253,2783.0,82387,1331.0
2022-01-26,202205,202209,2768.0,863903,2832.0,66370,1380.0
2022-01-27,202205,202209,2849.0,772795,2899.0,59208,1447.0
2022-01-28,202205,202209,2880.0,716992,2943.0,51583,1491.0
2022-02-07,202205,202209,2968.0,488748,3030.0,41482,1578.0
2022-02-08,202205,202209,2987.0,672681,3064.0,80344,1612.0
2022-02-09,202205,202209,2957.0,846352,3041.0,81299,1589.0
2022-02-10,202205,202209,3125.0,1222354,3196.0,127926,1744.0
2022-02-11,202205,202209,2973.0,1379897,3048.0,145511,1596.0
2022-02-14,202205,202209,2954.0,1638250,3059.0,195940,1607.0
2022-02-15,202205,202209,2867.0,1614468,2950.0,207399,1498.0
2022-02-16,202205,202209,2912.0,1135304,3003.0,181291,1551.0
2022-02-17,202205,202209,2756.0,1289792,2859.0,212271,1407.0
2022-02-18,202205,202209,2803.0,1029289,2899.0,174846,1447.0
2022-02-21,202205,202209,2912.0,1204344,2997.0,219968,1545.0
2022-02-22,202205,202209,2854.0,1212745,2957.0,248912,1505.0
2022-02-23,202205,202209,2876.0,1046799,2974.0,229663,1522.0
2022-02-24,202205,202209,2787.0,1215291,2893.0,252961,1441.0
2022-02-25,202205,202209,2605.0,1288640,2709.0,275934,1257.0
2022-02-28,202205,202209,2593.0,1230791,2696.0,260885,1244.0
2022-03-01,202205,202209,2605.0,1258804,2721.0,286802,1269.0
2022-03-02,202205,202209,2669.0,1308997,2791.0,336045,1339.0
2022-03-03,202205,202209,2736.0,1074476,2845.0,306393,1393.0
2022-03-04,202205,202209,2708.0,829941,2830.0,238785,1378.0
2022-03-07,202205,202209,2749.0,878251,2888.0,325259,1436.0
2022-03-08,202205,202209,2652.0,1381163,2784.0,550006,1332.0
2022-03-09,202205,202209,2505.0,1170424,2650.0,488346,1198.0
2022-03-10,202205,202209,2642.0,1139806,2770.0,461816,1318.0
2022-03-11,202205,202209,2573.0,845151,2704.0,362414,1252.0
2022-03-14,202205,202209,2450.0,879367,2573.0,426957,1121.0
2022-03-15,202205,202209,2449.0,794314,2570.0,460242,1118.0
2022-03-16,202205,202209,2453.0,731419,2592.0,411303,1140.0
2022-03-17,202205,202209,2457.0,750730,2593.0,413930,1141.0
2022-03-18,202205,202209,2526.0,610106,2665.0,402897,1213.0
2022-03-21,202205,202209,2451.0,700385,2596.0,561244,1144.0
2022-03-22,202205,202209,2481.0,499108,2619.0,420754,1167.0
2022-03-23,202205,202209,2559.0,590040,2712.0,583188,1260.0
2022-03-24,202205,202209,2611.0,529790,2769.0,742775,1317.0
2022-03-25,202205,202209,2759.0,613381,2905.0,1141083,1453.0
2022-03-28,202205,202209,2754.0,301497,2907.0,1044272,1455.0
2022-03-29,202205,202209,2806.0,249497,2970.0,1499830,1518.0
2022-03-30,202205,202209,2862.0,203039,3025.0,1524904,1573.0
2022-03-31,202205,202209,2851.0,136875,3014.0,1479658,1562.0
2022-04-01,202205,202209,2877.0,129819,3040.0,1429861,1588.0
2022-04-06,202205,202209,2778.0,79966,2941.0,1005334,1489.0
2022-04-07,202205,202209,2765.0,110693,2916.0,1438340,1464.0
2022-04-08,202205,202209,2787.0,61074,2944.0,1025673,1492.0
2022-04-11,202205,202209,2801.0,61246,2947.0,1136255,1495.0
2022-04-12,202205,202209,2971.0,98217,3099.0,1579867,1647.0
2022-04-13,202205,202209,2946.0,45216,3081.0,1152655,1629.0
2022-04-14,202205,202209,3024.0,58750,3138.0,1510468,1686.0
2022-04-15,202205,202209,3013.0,35733,3135.0,1100192,1683.0
2022-04-18,202209,202301,3244.0,1262204,3184.0,50973,1792.0
2022-04-19,202209,202301,3213.0,852117,3167.0,61283,1775.0
2022-04-20,202209,202301,3107.0,1339060,3064.0,93341,1672.0
2022-04-21,202209,202301,3110.0,919594,3071.0,82669,1679.0
2022-04-22,202209,202301,3106.0,1047562,3056.0,87665,1664.0
2022-04-25,202209,202301,2893.0,1557415,2832.0,142858,1440.0
2022-04-26,202209,202301,2884.0,1250075,2795.0,143985,1403.0
2022-04-27,202209,202301,2966.0,1241304,2899.0,150125,1507.0
2022-04-28,202209,202301,3012.0,1070252,2933.0,134799,1541.0
2022-04-29,202209,202301,3004.0,899772,2923.0,108279,1531.0
2022-05-05,202209,202301,3061.0,879241,2962.0,84838,1570.0
2022-05-06,202209,202301,2982.0,994963,2838.0,131387,1446.0
2022-05-09,202209,202301,2928.0,1280886,2719.0,151921,1327.0
2022-05-10,202209,202301,2778.0,1704663,2587.0,209966,1195.0
2022-05-11,202209,202301,2855.0,1135636,2675.0,146000,1283.0
2022-05-12,202209,202301,2781.0,1310483,2570.0,192340,1178.0
2022-05-13,202209,202301,2807.0,1083610,2636.0,203550,1244.0
2022-05-16,202209,202301,2874.0,1005546,2693.0,177654,1301.0
2022-05-17,202209,202301,2851.0,915789,2675.0,158810,1283.0
2022-05-18,202209,202301,2818.0,1015389,2636.0,170738,1244.0
2022-05-19,202209,202301,2947.0,1297453,2727.0,205173,1335.0
2022-05-20,202209,202301,2986.0,1077613,2732.0,165629,1340.0
2022-05-23,202209,202301,2928.0,1195847,2719.0,155609,1327.0
2022-05-24,202209,202301,2902.0,1003909,2701.0,126443,1309.0
2022-05-25,202209,202301,2987.0,1284125,2750.0,146201,1358.0
2022-05-26,202209,202301,2999.0,1385504,2768.0,150752,1376.0
2022-05-27,202209,202301,3041.0,1075686,2838.0,166200,1446.0
2022-05-30,202209,202301,3072.0,858149,2910.0,190619,1518.0
2022-05-31,202209,202301,3078.0,937468,2894.0,178134,1502.0
2022-06-01,202209,202301,3097.0,783717,2902.0,128579,1510.0
2022-06-02,202209,202301,3127.0,827438,2941.0,135330,1549.0
2022-06-06,202209,202301,3033.0,890547,2880.0,132579,1488.0
2022-06-07,202209,202301,3064.0,821410,2967.0,168704,1575.0
2022-06-08,202209,202301,3098.0,753734,3007.0,161759,1615.0
2022-06-09,202209,202301,3048.0,1069234,2953.0,203387,1561.0
2022-06-10,202209,202301,3010.0,892387,2925.0,220653,1533.0
2022-06-13,202209,202301,3025.0,695677,2909.0,171534,1517.0
2022-06-14,202209,202301,2914.0,1130990,2769.0,329064,1377.0
2022-06-15,202209,202301,2908.0,836081,2746.0,188518,1354.0
2022-06-16,202209,202301,2910.0,675866,2755.0,175899,1363.0
2022-06-17,202209,202301,2887.0,1078500,2734.0,285931,1342.0
2022-06-20,202209,202301,2872.0,1115654,2731.0,337045,1339.0
2022-06-21,202209,202301,2760.0,1399478,2650.0,403187,1258.0
2022-06-22,202209,202301,2661.0,1105792,2522.0,380553,1130.0
2022-06-23,202209,202301,2747.0,1151157,2603.0,361874,1211.0
2022-06-24,202209,202301,2711.0,981783,2588.0,360417,1196.0
2022-06-27,202209,202301,2755.0,961630,2623.0,348733,1231.0
2022-06-28,202209,202301,2843.0,855961,2701.0,331243,1309.0
2022-06-29,202209,202301,2873.0,925614,2715.0,307915,1323.0
2022-06-30,202209,202301,2862.0,677142,2710.0,247227,1318.0
2022-07-01,202209,202301,2744.0,1098132,2576.0,397354,1184.0
2022-07-04,202209,202301,2712.0,956022,2495.0,466998,1103.0
2022-07-05,202209,202301,2674.0,845767,2456.0,393376,1064.0
2022-07-06,202209,202301,2656.0,1077088,2432.0,537013,1040.0
2022-07-07,202209,202301,2671.0,1043073,2459.0,510864,1067.0
2022-07-08,202209,202301,2555.0,1000349,2334.0,522382,942.0
2022-07-11,202209,202301,2552.0,1173582,2344.0,525636,952.0
2022-07-12,202209,202301,2446.0,1021005,2245.0,504380,853.0
2022-07-13,202209,202301,2481.0,1094374,2256.0,552190,864.0
2022-07-14,202209,202301,2435.0,941251,2217.0,568821,825.0
2022-07-15,202209,202301,2452.0,968831,2207.0,516163,815.0
2022-07-18,202209,202301,2574.0,992955,2314.0,474462,922.0
2022-07-19,202209,202301,2448.0,958004,2225.0,535102,833.0
2022-07-20,202209,202301,2507.0,925934,2274.0,528458,882.0
2022-07-21,202209,202301,2476.0,826652,2239.0,533542,847.0
2022-07-22,202209,202301,2541.0,901977,2211.0,657871,819.0
2022-07-25,202209,202301,2530.0,802021,2215.0,547710,823.0
2022-07-26,202209,202301,2580.0,626221,2230.0,476246,838.0
2022-07-27,202209,202301,2573.0,519034,2231.0,354255,839.0
2022-07-28,202209,202301,2613.0,654315,2350.0,545514,958.0
2022-07-29,202209,202301,2624.0,760979,2425.0,698222,1033.0
2022-08-01,202209,202301,2592.0,517212,2371.0,627260,979.0
2022-08-02,202209,202301,2635.0,375046,2400.0,635208,1008.0
2022-08-03,202209,202301,2626.0,309805,2392.0,718015,1000.0
2022-08-04,202209,202301,2582.0,223272,2266.0,885545,874.0
2022-08-05,202209,202301,2584.0,162811,2264.0,1004847,872.0
2022-08-08,202209,202301,2624.0,129338,2390.0,1117680,998.0
2022-08-09,202209,202301,2593.0,85930,2380.0,981165,988.0
2022-08-10,202209,202301,2576.0,67240,2331.0,1231419,939.0
2022-08-11,202209,202301,2602.0,59755,2385.0,1390198,993.0
2022-08-12,202209,202301,2617.0,45387,2374.0,1039498,982.0
2022-08-15,202209,202301,2612.0,59190,2349.0,1377841,957.0
2022-08-16,202209,202301,2619.0,33360,2343.0,1016620,951.0
2022-08-17,202301,202305,2283.0,1306572,2114.0,31320,891.0
2022-08-18,202301,202305,2304.0,1223125,2125.0,47694,902.0
2022-08-19,202301,202305,2238.0,1376689,2063.0,61698,840.0
2022-08-22,202301,202305,2358.0,1531975,2129.0,57107,906.0
2022-08-23,202301,202305,2373.0,1214764,2144.0,48571,921.0
2022-08-24,202301,202305,2365.0,960323,2128.0,44281,905.0
2022-08-25,202301,202305,2373.0,1789330,2142.0,64655,919.0
2022-08-26,202301,202305,2418.0,1134459,2154.0,33210,931.0
2022-08-29,202301,202305,2386.0,1216350,2139.0,42810,916.0
2022-08-30,202301,202305,2338.0,1271002,2119.0,43114,896.0
2022-08-31,202301,202305,2367.0,1094087,2130.0,36961,907.0
2022-09-01,202210,202301,2609.0,49204,2315.0,1190661,881.0
2022-09-02,202301,202305,2302.0,1303844,2069.0,46720,868.0
2022-09-05,202301,202305,2345.0,1222702,2096.0,49662,895.0
2022-09-06,202301,202305,2288.0,1596136,2050.0,70751,849.0
2022-09-07,202301,202305,2279.0,1445867,2017.0,66117,816.0
2022-09-08,202301,202305,2276.0,1156587,2028.0,46841,827.0
2022-09-09,202301,202305,2306.0,1179146,2046.0,58486,845.0
2022-09-13,202301,202305,2360.0,842977,2090.0,49620,889.0
2022-09-14,202301,202305,2306.0,1102063,2047.0,50216,846.0
2022-09-15,202301,202305,2301.0,1156970,2044.0,56863,843.0
2022-09-16,202301,202305,2282.0,1026159,2034.0,59703,833.0
2022-09-19,202301,202305,2307.0,1156215,2037.0,60497,836.0
2022-09-20,202301,202305,2319.0,1175793,2048.0,69865,847.0
2022-09-21,202301,202305,2318.0,1168750,2040.0,73281,839.0
2022-09-22,202301,202305,2399.0,1732277,2084.0,84854,883.0
2022-09-23,202301,202305,2397.0,1224936,2076.0,63069,875.0
2022-09-26,202301,202305,2425.0,1619465,2098.0,75446,897.0
2022-09-27,202301,202305,2466.0,1369149,2147.0,71263,946.0
2022-09-28,202301,202305,2467.0,1123068,2139.0,62098,938.0
2022-09-29,202301,202305,2488.0,1315803,2160.0,75147,959.0
2022-09-30,202301,202305,2537.0,1048076,2201.0,63484,1000.0
2022-10-10,202301,202305,2530.0,1016746,2243.0,61433,1042.0
2022-10-11,202301,202305,2484.0,983181,2187.0,75302,986.0
2022-10-12,202301,202305,2509.0,1147465,2214.0,75273,1013.0
2022-10-13,202301,202305,2485.0,1068872,2194.0,65977,993.0
2022-10-14,202301,202305,2486.0,930134,2192.0,60233,991.0
2022-10-17,202301,202305,2482.0,1200758,2184.0,71920,983.0
2022-10-18,202301,202305,2457.0,1077392,2165.0,67400,964.0
2022-10-19,202301,202305,2448.0,823858,2169.0,57922,968.0
2022-10-20,202301,202305,2436.0,965779,2153.0,59138,952.0
2022-10-21,202301,202305,2432.0,845716,2153.0,51512,952.0
2022-10-24,202301,202305,2391.0,1322149,2137.0,84102,936.0
2022-10-25,202301,202305,2382.0,926234,2100.0,81016,899.0
2022-10-26,202301,202305,2408.0,870031,2114.0,83140,913.0
2022-10-27,202301,202305,2403.0,813448,2105.0,65649,904.0
2022-10-28,202301,202305,2373.0,1076006,2068.0,83237,867.0
2022-10-31,202301,202305,2307.0,1317500,2008.0,95311,807.0
2022-11-01,202301,202305,2353.0,963871,2052.0,90888,851.0
2022-11-02,202301,202305,2328.0,1322736,2038.0,109978,837.0
2022-11-03,202301,202305,2311.0,944944,2021.0,70168,820.0
2022-11-04,202301,202305,2405.0,1336712,2097.0,114228,896.0
2022-11-07,202301,202305,2401.0,1273452,2096.0,102864,895.0
2022-11-08,202301,202305,2469.0,1283421,2134.0,127436,933.0
2022-11-09,202301,202305,2489.0,956427,2155.0,106592,954.0
2022-11-10,202301,202305,2518.0,1239974,2145.0,133353,944.0
2022-11-11,202301,202305,2520.0,1151277,2219.0,204075,1018.0
2022-11-14,202301,202305,2514.0,1200311,2256.0,282867,1055.0
2022-11-15,202301,202305,2538.0,746850,2260.0,174350,1059.0
2022-11-16,202301,202305,2575.0,1017247,2344.0,289336,1143.0
2022-11-17,202301,202305,2591.0,1050056,2378.0,280800,1177.0
2022-11-18,202301,202305,2610.0,909944,2353.0,287687,1152.0
2022-11-21,202301,202305,2620.0,1169433,2333.0,373085,1132.0
2022-11-22,202301,202305,2609.0,1028939,2329.0,325392,1128.0
2022-11-23,202301,202305,2635.0,882842,2351.0,280723,1150.0
2022-11-24,202301,202305,2688.0,1029148,2412.0,462474,1211.0
2022-11-25,202301,202305,2710.0,992770,2428.0,387582,1227.0
2022-11-28,202301,202305,2699.0,1148858,2461.0,601892,1260.0
2022-11-29,202301,202305,2700.0,1015295,2528.0,727528,1327.0
2022-11-30,202301,202305,2697.0,672078,2531.0,671848,1330.0
2022-12-01,202301,202305,2718.0,695728,2543.0,1245366,1342.0
2022-12-02,202301,202305,2707.0,447929,2580.0,1071523,1379.0
2022-12-05,202301,202305,2662.0,534514,2519.0,2151701,1318.0
2022-12-06,202301,202305,2670.0,255095,2520.0,1549201,1319.0
2022-12-07,202301,202305,2673.0,148118,2521.0,1264549,1320.0
2022-12-08,202301,202305,2712.0,139248,2570.0,1098273,1369.0
2022-12-09,202305,202309,2640.0,1356813,2285.0,192024,1439.0
2022-12-12,202305,202309,2654.0,1108670,2301.0,171373,1455.0
2022-12-13,202305,202309,2660.0,1180241,2287.0,180629,1441.0
2022-12-14,202305,202309,2662.0,775258,2287.0,134926,1441.0
2022-12-15,202305,202309,2747.0,1331810,2380.0,212286,1534.0
2022-12-16,202305,202309,2754.0,1830609,2387.0,292588,1541.0
2022-12-19,202305,202309,2677.0,1779336,2307.0,283419,1461.0
2022-12-20,202305,202309,2724.0,1796192,2356.0,283561,1510.0
2022-12-21,202305,202309,2740.0,1118365,2376.0,219764,1530.0
2022-12-22,202305,202309,2648.0,1779324,2302.0,307520,1456.0
2022-12-23,202305,202309,2652.0,1621809,2304.0,306282,1458.0
2022-12-26,202305,202309,2688.0,1756196,2334.0,311319,1488.0
2022-12-27,202305,202309,2730.0,1318449,2364.0,267418,1518.0
2022-12-28,202305,202309,2731.0,1089348,2377.0,225643,1531.0
2022-12-29,202305,202309,2708.0,1429584,2362.0,256828,1516.0
2022-12-30,202305,202309,2740.0,1209453,2381.0,194247,1535.0
2023-01-03,202305,202309,2769.0,1278023,2396.0,177284,1550.0
2023-01-04,202305,202309,2773.0,1072504,2391.0,166274,1545.0
2023-01-05,202305,202309,2777.0,1239532,2380.0,179609,1534.0
2023-01-06,202305,202309,2819.0,1497050,2404.0,196837,1558.0
2023-01-09,202305,202309,2793.0,1299326,2396.0,174316,1550.0
2023-01-10,202305,202309,2783.0,1529083,2294.0,271624,1448.0
2023-01-11,202305,202309,2863.0,1452176,2328.0,285634,1482.0
2023-01-12,202305,202309,2904.0,1174242,2372.0,207475,1526.0
2023-01-13,202305,202309,2956.0,1661263,2390.0,237394,1544.0
2023-01-16,202305,202309,2919.0,1295361,2421.0,259321,1575.0
2023-01-17,202305,202309,2927.0,701163,2461.0,227206,1615.0
2023-01-18,202305,202309,2954.0,1072441,2493.0,210170,1647.0
2023-01-19,202305,202309,2987.0,927385,2505.0,160992,1659.0
2023-01-20,202305,202309,3022.0,660730,2525.0,109400,1679.0
2023-01-30,202305,202309,2990.0,866120,2529.0,140276,1683.0
2023-01-31,202305,202309,2987.0,1094011,2500.0,222239,1654.0
2023-02-01,202305,202309,3012.0,1262888,2548.0,280724,1702.0
2023-02-02,202305,202309,2974.0,1327074,2545.0,305345,1699.0
2023-02-03,202305,202309,2994.0,1468326,2554.0,332887,1708.0
2023-02-06,202305,202309,2969.0,1428128,2565.0,335096,1719.0
2023-02-07,202305,202309,2929.0,1513457,2522.0,342828,1676.0
2023-02-08,202305,202309,2957.0,1215544,2545.0,265816,1699.0
2023-02-09,202305,202309,2929.0,1101628,2566.0,262187,1720.0
2023-02-10,202305,202309,2899.0,1670031,2564.0,650073,1718.0
2023-02-13,202305,202309,2896.0,1307423,2497.0,482657,1651.0
2023-02-14,202305,202309,2936.0,1059945,2523.0,347024,1677.0
2023-02-15,202305,202309,2877.0,1226585,2479.0,416728,1633.0
2023-02-16,202305,202309,2909.0,1113773,2472.0,356577,1626.0
2023-02-17,202305,202309,2928.0,903355,2486.0,306604,1640.0
2023-02-20,202305,202309,2891.0,1111558,2438.0,370849,1592.0
2023-02-21,202305,202309,2985.0,1255349,2508.0,433001,1662.0
2023-02-22,202305,202309,2982.0,773853,2531.0,365183,1685.0
2023-02-23,202305,202309,2956.0,735832,2535.0,430215,1689.0
2023-02-24,202305,202309,2918.0,930281,2530.0,415264,1684.0
2023-02-27,202305,202309,2902.0,762366,2517.0,403134,1671.0
2023-02-28,202305,202309,2929.0,800429,2539.0,321028,1693.0
2023-03-01,202305,202309,2963.0,843893,2557.0,326600,1711.0
2023-03-02,202305,202309,2970.0,635599,2572.0,295958,1726.0
2023-03-03,202305,202309,2986.0,663657,2574.0,258449,1728.0
2023-03-06,202305,202309,2938.0,1218016,2551.0,486323,1705.0
2023-03-07,202305,202309,2919.0,871588,2542.0,343037,1696.0
2023-03-08,202305,202309,2888.0,1005379,2498.0,404347,1652.0
2023-03-09,202305,202309,2899.0,770947,2503.0,368419,1657.0
2023-03-10,202305,202309,2893.0,851535,2498.0,375728,1652.0
2023-03-13,202305,202309,2861.0,996404,2482.0,402789,1636.0
2023-03-14,202305,202309,2827.0,973735,2429.0,406349,1583.0
2023-03-15,202305,202309,2855.0,869378,2437.0,392355,1591.0
2023-03-16,202305,202309,2808.0,959484,2374.0,551374,1528.0
2023-03-17,202305,202309,2837.0,946774,2375.0,528381,1529.0
2023-03-20,202305,202309,2843.0,707106,2387.0,471154,1541.0
2023-03-21,202305,202309,2806.0,739678,2372.0,451978,1526.0
2023-03-22,202305,202309,2835.0,653486,2398.0,501401,1552.0
2023-03-23,202305,202309,2838.0,586243,2402.0,494734,1556.0
2023-03-24,202305,202309,2875.0,615274,2495.0,844709,1649.0
2023-03-27,202305,202309,2853.0,510469,2530.0,1458949,1684.0
2023-03-28,202305,202309,2843.0,290774,2507.0,997255,1661.0
2023-03-29,202305,202309,2814.0,284277,2452.0,1304963,1606.0
2023-03-30,202305,202309,2817.0,161198,2466.0,1004576,1620.0
2023-03-31,202305,202309,2817.0,140752,2463.0,1204337,1617.0
2023-04-03,202305,202309,2802.0,135863,2433.0,1187154,1587.0
2023-04-04,202305,202309,2807.0,100010,2440.0,844547,1594.0
2023-04-06,202305,202309,2793.0,135199,2408.0,1147073,1562.0
2023-04-07,202305,202309,2793.0,98413,2433.0,975435,1587.0
2023-04-10,202305,202309,2747.0,130606,2376.0,1132642,1530.0
2023-04-11,202305,202309,2740.0,123672,2343.0,1324385,1497.0
2023-04-12,202309,202401,2330.0,1187803,1915.0,102847,1484.0
2023-04-13,202309,202401,2314.0,1099542,1869.0,190486,1438.0
2023-04-14,202309,202401,2348.0,1399459,1910.0,209163,1479.0
2023-04-17,202309,202401,2369.0,1430383,1943.0,264293,1512.0
2023-04-18,202309,202401,2366.0,1015312,1953.0,172866,1522.0
2023-04-19,202309,202401,2317.0,1814621,1912.0,277682,1481.0
2023-04-20,202309,202401,2220.0,2829611,1856.0,350216,1425.0
2023-04-21,202309,202401,2226.0,1859477,1859.0,260009,1428.0
2023-04-24,202309,202401,2133.0,2425148,1811.0,262623,1380.0
2023-04-25,202309,202401,2121.0,1744684,1830.0,221919,1399.0
2023-04-26,202309,202401,2143.0,2206994,1833.0,269395,1402.0
2023-04-27,202309,202401,2141.0,1724174,1813.0,179634,1382.0
2023-04-28,202309,202401,2094.0,1854744,1771.0,220585,1340.0
2023-05-04,202309,202401,2051.0,1453007,1760.0,179151,1329.0
2023-05-05,202309,202401,2035.0,1657114,1789.0,251346,1358.0
2023-05-08,202309,202401,2070.0,2407299,1797.0,258133,1366.0
2023-05-09,202309,202401,1988.0,1971440,1749.0,236048,1318.0
2023-05-10,202309,202401,1972.0,2142994,1713.0,303226,1282.0
2023-05-11,202309,202401,1921.0,2658307,1680.0,314937,1249.0
2023-05-12,202309,202401,1874.0,2417762,1650.0,297752,1219.0
2023-05-15,202309,202401,1854.0,3030316,1635.0,406368,1204.0
2023-05-16,202309,202401,1850.0,2371063,1632.0,259703,1201.0
2023-05-17,202309,202401,1819.0,2442921,1619.0,313412,1188.0
2023-05-18,202309,202401,1815.0,2597913,1640.0,348236,1209.0
2023-05-19,202309,202401,1743.0,5484705,1597.0,774401,1166.0
2023-05-22,202309,202401,1601.0,4568215,1464.0,726630,1033.0
2023-05-23,202309,202401,1622.0,4748027,1432.0,1000368,1001.0
2023-05-24,202309,202401,1617.0,3177343,1415.0,660102,984.0
2023-05-25,202309,202401,1570.0,2961985,1406.0,491834,975.0
2023-05-26,202309,202401,1610.0,3170918,1435.0,432472,1004.0
2023-05-29,202309,202401,1691.0,3587993,1468.0,753050,1037.0
2023-05-30,202309,202401,1603.0,3184308,1400.0,605732,969.0
2023-05-31,202309,202401,1617.0,2854208,1390.0,402081,959.0
2023-06-01,202309,202401,1649.0,2296374,1413.0,376680,982.0
2023-06-02,202309,202401,1711.0,2867638,1448.0,536300,1017.0
2023-06-05,202309,202401,1680.0,2369622,1428.0,370852,997.0
2023-06-06,202309,202405,1655.0,1720050,1412.0,217583,1000.0
2023-06-07,202309,202405,1634.0,1389294,1407.0,209308,995.0
2023-06-08,202309,202405,1626.0,1681379,1423.0,237199,1011.0
2023-06-09,202309,202405,1656.0,1398726,1432.0,148116,1020.0
2023-06-12,202308,202309,1678.0,279804,1589.0,1921566,1005.0
2023-06-13,202308,202309,1806.0,379751,1680.0,2205139,1096.0
2023-06-14,202308,202309,1824.0,404243,1688.0,1983886,1104.0
2023-06-15,202308,202309,1793.0,311255,1682.0,1717050,1098.0
2023-06-16,202309,202405,1697.0,1726493,1522.0,276482,1113.0
2023-06-19,202309,202405,1691.0,2280464,1482.0,457747,1073.0
2023-06-20,202309,202405,1717.0,1565060,1488.0,279827,1079.0
2023-06-21,202309,202405,1671.0,1728420,1439.0,355704,1030.0
2023-06-26,202309,202405,1675.0,924190,1418.0,246234,1009.0
2023-06-27,202309,202405,1682.0,1013618,1427.0,199592,1018.0
2023-06-28,202309,202405,1634.0,1722622,1416.0,298813,1007.0
2023-06-29,202309,202405,1687.0,1512717,1438.0,307533,1029.0
2023-06-30,202309,202405,1688.0,1470676,1455.0,375277,1046.0
2023-07-03,202309,202405,1690.0,969616,1466.0,190590,1057.0
2023-07-04,202309,202405,1703.0,1273623,1470.0,212634,1061.0
2023-07-05,202309,202405,1686.0,1056897,1464.0,169880,1055.0
2023-07-06,202309,202405,1688.0,991835,1465.0,136181,1056.0
2023-07-07,202309,202405,1696.0,1397653,1466.0,156749,1057.0
2023-07-10,202309,202310,1728.0,1466257,1541.0,194039,1060.0
2023-07-11,202309,202401,1794.0,2328918,1475.0,405096,1107.0
2023-07-12,202309,202401,1828.0,1593244,1498.0,236163,1130.0
2023-07-13,202309,202401,1836.0,1380600,1538.0,559151,1170.0
2023-07-14,202309,202401,1854.0,1212666,1529.0,325736,1161.0
2023-07-17,202309,202401,1810.0,1466648,1475.0,461527,1107.0
2023-07-18,202309,202401,1845.0,1006649,1498.0,336777,1130.0
2023-07-19,202309,202401,1897.0,1288091,1531.0,412019,1163.0
2023-07-20,202309,202401,1975.0,2348623,1534.0,700943,1166.0
2023-07-21,202309,202401,1990.0,1923896,1549.0,446851,1181.0
2023-07-24,202309,202401,2010.0,1787647,1514.0,548003,1146.0
2023-07-25,202309,202310,2020.0,1196676,1734.0,508905,1165.0
2023-07-26,202309,202310,2142.0,2992905,1855.0,863597,1286.0
2023-07-27,202309,202310,2147.0,2280328,1904.0,1359743,1335.0
2023-07-28,202309,202310,2086.0,2218243,1838.0,1553416,1269.0
2023-07-31,202309,202310,2085.0,1335441,1834.0,1042322,1265.0
2023-08-01,202309,202310,2127.0,1278907,1918.0,1096344,1349.0
2023-08-02,202309,202310,2115.0,1101036,1857.0,1052668,1288.0
2023-08-03,202309,202401,2036.0,1072626,1588.0,1332706,1203.0
2023-08-04,202310,202401,1722.0,783529,1579.0,1751883,1194.0
2023-08-07,202310,202401,1704.0,744210,1526.0,1771562,1141.0
2023-08-08,202310,202401,1715.0,575022,1538.0,1434980,1153.0
2023-08-09,202310,202401,1773.0,660614,1560.0,1393299,1175.0
2023-08-10,202310,202401,1788.0,693005,1557.0,1283653,1172.0
2023-08-11,202310,202401,1834.0,674730,1607.0,1847679,1222.0
2023-08-14,202310,202401,1824.0,923073,1584.0,2133944,1199.0
2023-08-15,202310,202401,1848.0,756755,1579.0,1716858,1194.0
2023-08-16,202310,202401,1888.0,816817,1590.0,1718482,1205.0
2023-08-17,202310,202401,2010.0,1162586,1683.0,2815772,1298.0
2023-08-18,202310,202401,2089.0,1646363,1691.0,2382014,1306.0
2023-08-21,202310,202401,2236.0,842470,1838.0,3064805,1453.0
2023-08-22,202310,202401,2379.0,1084382,1857.0,3370601,1472.0
2023-08-23,202310,202401,2367.0,1247274,1841.0,2079303,1456.0
2023-08-24,202310,202401,2563.0,1580899,1922.0,3288306,1537.0
2023-08-25,202310,202401,2607.0,1224557,1980.0,2175684,1595.0
2023-08-28,202310,202401,2694.0,1290546,1898.0,2822308,1513.0
2023-08-29,202310,202401,2444.0,717110,1764.0,2483431,1379.0
2023-08-30,202310,202401,2457.0,678956,1895.0,2425344,1510.0
2023-08-31,202401,202405,1885.0,2166912,1751.0,530171,1500.0
2023-09-01,202401,202405,2053.0,2961644,1822.0,771370,1571.0
2023-09-04,202401,202405,1903.0,3044480,1744.0,670247,1493.0
2023-09-05,202401,202405,1955.0,1986203,1786.0,358586,1535.0
2023-09-06,202401,202405,1912.0,1504955,1762.0,286670,1511.0
2023-09-07,202401,202405,1868.0,1526395,1735.0,293125,1484.0
2023-09-08,202401,202405,1793.0,1700441,1675.0,298011,1424.0
2023-09-11,202401,202405,1837.0,1315651,1700.0,214459,1449.0
2023-09-12,202311,202401,2195.0,179717,1815.0,1069165,1434.0
2023-09-13,202311,202401,2113.0,236191,1791.0,1495768,1410.0
2023-09-14,202311,202401,2105.0,147908,1813.0,1131959,1432.0
2023-09-15,202401,202405,1841.0,1077398,1712.0,183297,1460.0
2023-09-18,202401,202405,1873.0,1031628,1732.0,164675,1480.0
2023-09-19,202401,202405,1903.0,1088931,1745.0,192380,1493.0
2023-09-20,202401,202405,1894.0,966273,1751.0,153509,1499.0
2023-09-21,202401,202405,1824.0,1240036,1702.0,185928,1450.0
2023-09-22,202401,202405,1853.0,725762,1717.0,90502,1465.0
2023-09-25,202401,202405,1801.0,960471,1674.0,138631,1422.0
2023-09-26,202401,202405,1801.0,619130,1668.0,80064,1416.0
2023-09-27,202401,202405,1784.0,677471,1669.0,84067,1417.0
2023-09-28,202401,202405,1740.0,843360,1651.0,104592,1399.0
2023-10-09,202401,202405,1748.0,430399,1662.0,65031,1410.0
2023-10-10,202401,202405,1703.0,934579,1634.0,117397,1382.0
2023-10-11,202401,202405,1694.0,583391,1628.0,64583,1376.0
2023-10-12,202401,202405,1724.0,580982,1655.0,78280,1403.0
2023-10-13,202401,202405,1724.0,575092,1645.0,68081,1393.0
2023-10-16,202401,202405,1742.0,682684,1656.0,86640,1404.0
2023-10-17,202401,202405,1710.0,714990,1642.0,90421,1390.0
2023-10-18,202401,202405,1703.0,603659,1634.0,71695,1382.0
2023-10-19,202401,202405,1732.0,684091,1651.0,86795,1399.0
2023-10-20,202401,202405,1709.0,544066,1628.0,78858,1376.0
2023-10-23,202401,202405,1690.0,834287,1611.0,111630,1359.0
2023-10-24,202401,202405,1690.0,486425,1618.0,64434,1366.0
2023-10-25,202401,202405,1692.0,492773,1623.0,77542,1371.0
2023-10-26,202401,202405,1665.0,668743,1615.0,84355,1363.0
2023-10-27,202401,202405,1688.0,519671,1639.0,68828,1387.0
2023-10-30,202401,202405,1749.0,1035008,1680.0,161686,1428.0
2023-10-31,202401,202405,1729.0,597768,1656.0,88332,1404.0
2023-11-01,202401,202405,1730.0,562605,1653.0,76434,1401.0
2023-11-02,202401,202405,1738.0,397129,1646.0,62166,1394.0
2023-11-03,202401,202405,1787.0,858972,1670.0,139554,1418.0
2023-11-06,202401,202405,1856.0,1220700,1693.0,286615,1441.0
2023-11-07,202401,202405,1881.0,1267567,1694.0,251888,1442.0
2023-11-08,202401,202405,1914.0,1066341,1737.0,308047,1485.0
2023-11-09,202401,202405,1978.0,1316980,1759.0,263960,1507.0
2023-11-10,202401,202405,2126.0,2204031,1840.0,688941,1588.0
2023-11-13,202401,202405,2058.0,2483672,1784.0,509136,1532.0
2023-11-14,202401,202405,2032.0,1740767,1788.0,250658,1536.0
2023-11-15,202401,202405,2056.0,1160992,1804.0,186828,1552.0
2023-11-16,202401,202405,2054.0,913721,1816.0,122772,1564.0
2023-11-17,202401,202405,2110.0,2040660,1829.0,240925,1577.0
2023-11-20,202401,202405,2236.0,1734377,1855.0,174618,1603.0
2023-11-21,202401,202405,2206.0,1483391,1852.0,225360,1600.0
2023-11-22,202401,202405,2341.0,2154463,1863.0,216486,1611.0
2023-11-23,202401,202405,2353.0,1657973,1849.0,217433,1597.0
2023-11-24,202401,202405,2323.0,1640410,1883.0,208339,1631.0
2023-11-27,202401,202405,2484.0,1674271,2012.0,632388,1760.0
2023-11-28,202401,202405,2309.0,1658763,1841.0,987051,1589.0
2023-11-29,202401,202405,2385.0,1324453,1926.0,609874,1674.0
2023-11-30,202401,202405,2442.0,1058724,1992.0,591087,1740.0
2023-12-01,202401,202405,2554.0,1143050,2068.0,942034,1816.0
2023-12-04,202401,202405,2637.0,1224019,2122.0,1305539,1870.0
2023-12-05,202401,202405,2776.0,905879,2125.0,1012012,1873.0
2023-12-06,202401,202405,2723.0,696196,2084.0,1027441,1832.0
2023-12-07,202401,202405,2730.0,697411,2279.0,1841760,2027.0
2023-12-08,202401,202405,2672.0,340647,2332.0,2030628,2080.0
2023-12-11,202401,202405,2672.0,188880,2296.0,1562910,2044.0
2023-12-12,202405,202409,2295.0,926494,2167.0,99061,2043.0
2023-12-13,202405,202409,2214.0,1266120,2091.0,136590,1967.0
2023-12-14,202405,202409,2184.0,880455,2094.0,103670,1970.0
2023-12-15,202405,202409,2207.0,1226981,2129.0,163621,2005.0
2023-12-18,202405,202409,2177.0,920771,2081.0,136663,1957.0
2023-12-19,202405,202409,2121.0,991056,2060.0,121176,1936.0
2023-12-20,202405,202409,2124.0,619600,2055.0,70253,1931.0
2023-12-21,202405,202409,2168.0,1064030,2075.0,133864,1951.0
2023-12-22,202405,202409,2180.0,1009547,2103.0,138545,1979.0
2023-12-25,202405,202409,2110.0,666008,2033.0,98186,1909.0
2023-12-26,202405,202409,2101.0,645291,2019.0,87172,1895.0
2023-12-27,202405,202409,2079.0,646600,1995.0,92422,1871.0
2023-12-28,202405,202409,2055.0,669279,1980.0,92667,1856.0
2023-12-29,202405,202409,2044.0,471348,1962.0,73727,1838.0
2024-01-02,202405,202409,2018.0,317386,1945.0,48789,1821.0
2024-01-03,202405,202409,2074.0,762258,1999.0,116458,1875.0
2024-01-04,202405,202409,1992.0,742421,1929.0,132089,1805.0
2024-01-05,202405,202409,1940.0,633095,1905.0,107514,1781.0
2024-01-08,202405,202409,1948.0,553631,1883.0,100039,1759.0
2024-01-09,202405,202409,1927.0,537499,1870.0,85613,1746.0
2024-01-10,202405,202409,1848.0,709961,1812.0,117254,1688.0
2024-01-11,202405,202409,1862.0,511383,1834.0,87553,1710.0
2024-01-12,202405,202409,1827.0,479998,1817.0,89704,1693.0
2024-01-15,202405,202409,1838.0,423384,1823.0,64603,1699.0
2024-01-16,202405,202409,1912.0,927947,1874.0,145818,1750.0
2024-01-17,202405,202409,1893.0,823329,1859.0,131517,1735.0
2024-01-18,202405,202409,1905.0,709740,1868.0,103921,1744.0
2024-01-19,202405,202409,1907.0,523636,1876.0,73643,1752.0
2024-01-22,202405,202409,2085.0,1412474,2048.0,380231,1924.0
2024-01-23,202405,202409,2133.0,1205415,2022.0,360456,1898.0
2024-01-24,202405,202409,2114.0,1092516,2009.0,274926,1885.0
2024-01-25,202405,202409,2069.0,793402,1995.0,172363,1871.0
2024-01-26,202405,202409,1993.0,952486,1931.0,181164,1807.0
2024-01-29,202405,202409,2018.0,747372,1970.0,138914,1846.0
2024-01-30,202405,202409,1933.0,933627,1892.0,160103,1768.0
2024-01-31,202405,202409,1942.0,541028,1899.0,103935,1775.0
2024-02-01,202405,202409,1913.0,579271,1869.0,117812,1745.0
2024-02-02,202405,202409,1966.0,683966,1919.0,150097,1795.0
2024-02-05,202405,202409,1941.0,546536,1892.0,109980,1768.0
2024-02-06,202405,202409,1940.0,407925,1895.0,82779,1771.0
2024-02-07,202405,202409,1946.0,347418,1903.0,76630,1779.0
2024-02-08,202405,202409,1948.0,449792,1893.0,116403,1769.0
2024-02-19,202405,202409,1841.0,359619,1807.0,106063,1683.0
2024-02-20,202405,202409,1846.0,566186,1824.0,139437,1700.0
2024-02-21,202405,202409,1839.0,524174,1813.0,124793,1689.0
2024-02-22,202405,202409,1852.0,360982,1825.0,80023,1701.0
2024-02-23,202405,202409,1845.0,358953,1820.0,93567,1696.0
2024-02-26,202405,202409,1776.0,549701,1771.0,165219,1647.0
2024-02-27,202405,202409,1789.0,409989,1783.0,118026,1659.0
2024-02-28,202405,202409,1759.0,493610,1780.0,145804,1656.0
2024-02-29,202405,202409,1780.0,548684,1799.0,151203,1675.0
2024-03-01,202405,202409,1796.0,392662,1830.0,137507,1706.0
2024-03-04,202405,202409,1832.0,723087,1859.0,219191,1735.0
2024-03-05,202405,202409,1885.0,1247209,1905.0,511161,1781.0
2024-03-06,202405,202409,1896.0,816624,1913.0,348293,1789.0
2024-03-07,202405,202409,1934.0,983270,1924.0,364012,1800.0
2024-03-08,202405,202409,1940.0,629893,1925.0,255028,1801.0
2024-03-11,202405,202409,1888.0,731501,1876.0,371088,1752.0
2024-03-12,202405,202409,1865.0,605935,1870.0,243629,1746.0
2024-03-13,202405,202409,1879.0,469623,1887.0,215800,1763.0
2024-03-14,202405,202409,1812.0,699275,1813.0,419920,1689.0
2024-03-15,202405,202409,1809.0,436867,1801.0,259712,1677.0
2024-03-18,202405,202409,1824.0,605249,1828.0,362715,1704.0
2024-03-19,202405,202409,1868.0,564421,1885.0,419932,1761.0
2024-03-20,202405,202409,1808.0,470426,1823.0,404681,1699.0
2024-03-21,202405,202409,1859.0,482697,1871.0,443820,1747.0
2024-03-22,202405,202409,1832.0,425771,1834.0,533200,1710.0
2024-03-25,202405,202409,1805.0,385512,1775.0,756377,1651.0
2024-03-26,202405,202409,1803.0,232623,1779.0,639214,1655.0
2024-03-27,202405,202409,1778.0,184383,1736.0,838121,1612.0
2024-03-28,202405,202409,1794.0,135081,1744.0,649560,1620.0
2024-03-29,202405,202409,1832.0,177647,1789.0,808443,1665.0
2024-04-01,202405,202409,1821.0,180398,1783.0,1086394,1659.0
2024-04-02,202405,202409,1821.0,88016,1803.0,712374,1679.0
2024-04-03,202405,202409,1819.0,115489,1826.0,1151779,1702.0
2024-04-08,202405,202409,1877.0,85657,1890.0,775186,1766.0
2024-04-09,202405,202409,1896.0,91459,1919.0,1082986,1795.0
2024-04-10,202405,202409,1953.0,157363,1945.0,1172494,1821.0
2024-04-11,202405,202409,1899.0,100737,1906.0,1050553,1782.0
2024-04-12,202405,202409,1903.0,90235,1915.0,1178995,1791.0
2024-04-15,202405,202409,1917.0,55412,1932.0,1016575,1808.0
2024-04-16,202405,202409,1893.0,34000,1899.0,829496,1775.0
2024-04-17,202409,202501,1933.0,1031350,1809.0,40496,1809.0
2024-04-18,202409,202501,2070.0,2712143,1941.0,126155,1941.0
2024-04-19,202409,202501,2101.0,2467898,1942.0,102068,1942.0
2024-04-22,202409,202501,2150.0,2159780,1975.0,98795,1975.0
