Date,FirstContract,SecondContract,CarryContract,CurrentContract
2014-03-21,201410,201409,201409,201410
2014-03-24,201410,201409,201409,201410
2014-03-25,201410,201409,201409,201410
2014-03-26,201410,201409,201409,201410
2014-03-27,201410,201501,201410,201501
2014-03-28,201410,201501,201410,201501
2014-03-31,201410,201501,201410,201501
2014-04-01,201410,201501,201410,201501
2014-04-02,201410,201409,201410,201501
2014-04-03,201410,201409,201409,201410
2014-04-04,201410,201501,201410,201501
2014-04-08,201410,201501,201410,201501
2014-04-09,201410,201409,201410,201501
2014-04-10,201410,201409,201409,201410
2014-04-11,201410,201501,201410,201501
2014-04-14,201410,201409,201410,201501
2014-04-15,201410,201501,201410,201501
2014-04-16,201410,201409,201410,201501
2014-04-17,201410,201501,201410,201501
2014-04-18,201410,201501,201410,201501
2014-04-21,201410,201501,201410,201501
2014-04-22,201410,201501,201410,201501
2014-04-23,201410,201501,201410,201501
2014-04-24,201410,201501,201410,201501
2014-04-25,201410,201501,201410,201501
2014-04-28,201410,201501,201410,201501
2014-04-29,201410,201501,201410,201501
2014-04-30,201410,201501,201410,201501
2014-05-05,201410,201501,201410,201501
2014-05-06,201410,201501,201410,201501
2014-05-07,201410,201501,201410,201501
2014-05-08,201410,201501,201410,201501
2014-05-09,201410,201501,201410,201501
2014-05-12,201410,201501,201410,201501
2014-05-13,201410,201501,201410,201501
2014-05-14,201410,201501,201410,201501
2014-05-15,201410,201501,201410,201501
2014-05-16,201410,201501,201410,201501
2014-05-19,201410,201501,201410,201501
2014-05-20,201410,201501,201410,201501
2014-05-21,201410,201501,201410,201501
2014-05-22,201410,201409,201410,201501
2014-05-23,201410,201501,201410,201501
2014-05-26,201410,201501,201410,201501
2014-05-27,201410,201501,201410,201501
2014-05-28,201410,201409,201410,201501
2014-05-29,201410,201501,201410,201501
2014-05-30,201410,201501,201410,201501
2014-06-03,201410,201501,201410,201501
2014-06-04,201410,201501,201410,201501
2014-06-05,201410,201501,201410,201501
2014-06-06,201410,201501,201410,201501
2014-06-09,201410,201501,201410,201501
2014-06-10,201410,201501,201410,201501
2014-06-11,201410,201409,201410,201501
2014-06-12,201410,201501,201410,201501
2014-06-13,201410,201501,201410,201501
2014-06-16,201410,201501,201410,201501
2014-06-17,201410,201501,201410,201501
2014-06-18,201410,201501,201410,201501
2014-06-19,201410,201501,201410,201501
2014-06-20,201410,201501,201410,201501
2014-06-23,201410,201501,201410,201501
2014-06-24,201410,201501,201410,201501
2014-06-25,201410,201501,201410,201501
2014-06-26,201410,201501,201410,201501
2014-06-27,201410,201501,201410,201501
2014-06-30,201410,201501,201410,201501
2014-07-01,201410,201501,201410,201501
2014-07-02,201410,201501,201410,201501
2014-07-03,201410,201501,201410,201501
2014-07-04,201410,201501,201410,201501
2014-07-07,201410,201501,201410,201501
2014-07-08,201410,201501,201410,201501
2014-07-09,201410,201501,201410,201501
2014-07-10,201410,201501,201410,201501
2014-07-11,201410,201501,201410,201501
2014-07-14,201410,201501,201410,201501
2014-07-15,201410,201501,201410,201501
2014-07-16,201410,201501,201410,201501
2014-07-17,201410,201501,201410,201501
2014-07-18,201410,201501,201410,201501
2014-07-21,201410,201501,201410,201501
2014-07-22,201410,201501,201410,201501
2014-07-23,201410,201501,201410,201501
2014-07-24,201410,201501,201410,201501
2014-07-25,201410,201501,201410,201501
2014-07-28,201410,201501,201410,201501
2014-07-29,201410,201501,201410,201501
2014-07-30,201410,201501,201410,201501
2014-07-31,201410,201501,201410,201501
2014-08-01,201410,201501,201410,201501
2014-08-04,201410,201501,201410,201501
2014-08-05,201410,201501,201410,201501
2014-08-06,201410,201501,201410,201501
2014-08-07,201410,201501,201410,201501
2014-08-08,201410,201501,201410,201501
2014-08-11,201410,201501,201410,201501
2014-08-12,201410,201501,201410,201501
2014-08-13,201410,201501,201410,201501
2014-08-14,201410,201501,201410,201501
2014-08-15,201410,201501,201410,201501
2014-08-18,201410,201501,201410,201501
2014-08-19,201410,201501,201410,201501
2014-08-20,201410,201501,201410,201501
2014-08-21,201410,201501,201410,201501
2014-08-22,201410,201501,201410,201501
2014-08-25,201410,201501,201410,201501
2014-08-26,201501,201410,201410,201501
2014-08-27,201501,201410,201410,201501
2014-08-28,201501,201410,201410,201501
2014-08-29,201501,201410,201410,201501
2014-09-01,201501,201410,201410,201501
2014-09-02,201501,201410,201410,201501
2014-09-03,201501,201410,201410,201501
2014-09-04,201501,201410,201410,201501
2014-09-05,201501,201410,201410,201501
2014-09-09,201501,201410,201410,201501
2014-09-10,201501,201410,201410,201501
2014-09-11,201501,201410,201410,201501
2014-09-12,201501,201410,201410,201501
2014-09-15,201501,201410,201410,201501
2014-09-16,201501,201410,201410,201501
2014-09-17,201501,201410,201410,201501
2014-09-18,201501,201410,201410,201501
2014-09-19,201501,201410,201410,201501
2014-09-22,201501,201410,201410,201501
2014-09-23,201501,201410,201410,201501
2014-09-24,201501,201410,201410,201501
2014-09-25,201501,201410,201410,201501
2014-09-26,201501,201410,201410,201501
2014-09-29,201501,201410,201410,201501
2014-09-30,201501,201410,201410,201501
2014-10-08,201501,201410,201410,201501
2014-10-09,201501,201410,201410,201501
2014-10-10,201501,201410,201410,201501
2014-10-13,201501,201505,201501,201505
2014-10-14,201501,201505,201501,201505
2014-10-15,201501,201503,201501,201505
2014-10-16,201501,201505,201501,201505
2014-10-17,201501,201505,201501,201505
2014-10-20,201501,201505,201501,201505
2014-10-21,201501,201505,201501,201505
2014-10-22,201501,201505,201501,201505
2014-10-23,201501,201505,201501,201505
2014-10-24,201501,201505,201501,201505
2014-10-27,201501,201505,201501,201505
2014-10-28,201501,201505,201501,201505
2014-10-29,201501,201505,201501,201505
2014-10-30,201501,201505,201501,201505
2014-10-31,201501,201505,201501,201505
2014-11-03,201501,201505,201501,201505
2014-11-04,201501,201505,201501,201505
2014-11-05,201501,201505,201501,201505
2014-11-06,201501,201505,201501,201505
2014-11-07,201501,201505,201501,201505
2014-11-10,201501,201505,201501,201505
2014-11-11,201501,201505,201501,201505
2014-11-12,201501,201505,201501,201505
2014-11-13,201501,201505,201501,201505
2014-11-14,201501,201505,201501,201505
2014-11-17,201501,201505,201501,201505
2014-11-18,201501,201505,201501,201505
2014-11-19,201501,201505,201501,201505
2014-11-20,201501,201505,201501,201505
2014-11-21,201501,201505,201501,201505
2014-11-24,201501,201505,201501,201505
2014-11-25,201501,201505,201501,201505
2014-11-26,201501,201505,201501,201505
2014-11-27,201501,201505,201501,201505
2014-11-28,201501,201505,201501,201505
2014-12-01,201501,201505,201501,201505
2014-12-02,201501,201505,201501,201505
2014-12-03,201501,201505,201501,201505
2014-12-04,201501,201505,201501,201505
2014-12-05,201505,201501,201501,201505
2014-12-08,201505,201501,201501,201505
2014-12-09,201505,201501,201501,201505
2014-12-10,201505,201501,201501,201505
2014-12-11,201505,201501,201501,201505
2014-12-12,201505,201501,201501,201505
2014-12-15,201505,201501,201501,201505
2014-12-16,201505,201501,201501,201505
2014-12-17,201505,201501,201501,201505
2014-12-18,201505,201501,201501,201505
2014-12-19,201505,201501,201501,201505
2014-12-22,201505,201501,201501,201505
2014-12-23,201505,201501,201501,201505
2014-12-24,201505,201501,201501,201505
2014-12-25,201505,201501,201501,201505
2014-12-26,201501,201505,201501,201505
2014-12-29,201505,201501,201501,201505
2014-12-30,201505,201501,201501,201505
2014-12-31,201505,201501,201501,201505
2015-01-05,201505,201501,201501,201505
2015-01-06,201505,201501,201501,201505
2015-01-07,201505,201501,201501,201505
2015-01-08,201505,201501,201501,201505
2015-01-09,201505,201501,201501,201505
2015-01-12,201505,201501,201501,201505
2015-01-13,201505,201501,201501,201505
2015-01-14,201505,201501,201501,201505
2015-01-15,201505,201501,201501,201505
2015-01-16,201505,201509,201505,201509
2015-01-19,201505,201509,201505,201509
2015-01-20,201505,201503,201505,201509
2015-01-21,201505,201601,201505,201601
2015-01-22,201505,201502,201505,201601
2015-01-23,201505,201502,201502,201505
2015-01-26,201505,201601,201505,201601
2015-01-27,201505,201601,201505,201601
2015-01-28,201505,201601,201505,201601
2015-01-29,201505,201601,201505,201601
2015-01-30,201505,201509,201505,201601
2015-02-02,201505,201509,201505,201509
2015-02-03,201505,201509,201505,201509
2015-02-04,201505,201601,201505,201601
2015-02-05,201505,201502,201505,201601
2015-02-06,201505,201509,201505,201509
2015-02-09,201505,201504,201505,201509
2015-02-10,201505,201502,201502,201505
2015-02-11,201505,201510,201505,201510
2015-02-12,201505,201510,201505,201510
2015-02-13,201505,201503,201505,201510
2015-02-16,201505,201503,201503,201505
2015-02-17,201505,201503,201503,201505
2015-02-25,201505,201503,201503,201505
2015-02-26,201505,201509,201505,201509
2015-02-27,201505,201509,201505,201509
2015-03-02,201505,201509,201505,201509
2015-03-03,201505,201504,201505,201509
2015-03-04,201505,201510,201505,201510
2015-03-05,201505,201503,201505,201510
2015-03-06,201505,201510,201505,201510
2015-03-09,201505,201510,201505,201510
2015-03-10,201505,201510,201505,201510
2015-03-11,201505,201510,201505,201510
2015-03-12,201505,201510,201505,201510
2015-03-13,201505,201510,201505,201510
2015-03-16,201505,201510,201505,201510
2015-03-17,201505,201510,201505,201510
2015-03-18,201505,201510,201505,201510
2015-03-19,201505,201510,201505,201510
2015-03-20,201505,201510,201505,201510
2015-03-23,201505,201510,201505,201510
2015-03-24,201505,201510,201505,201510
2015-03-25,201505,201510,201505,201510
2015-03-26,201505,201510,201505,201510
2015-03-27,201505,201510,201505,201510
2015-03-30,201505,201510,201505,201510
2015-03-31,201505,201510,201505,201510
2015-04-01,201505,201510,201505,201510
2015-04-02,201505,201510,201505,201510
2015-04-03,201505,201510,201505,201510
2015-04-07,201510,201505,201505,201510
2015-04-08,201510,201505,201505,201510
2015-04-09,201510,201505,201505,201510
2015-04-10,201510,201505,201505,201510
2015-04-13,201510,201505,201505,201510
2015-04-14,201510,201505,201505,201510
2015-04-15,201510,201505,201505,201510
2015-04-16,201510,201505,201505,201510
2015-04-17,201510,201505,201505,201510
2015-04-20,201510,201505,201505,201510
2015-04-21,201510,201505,201505,201510
2015-04-22,201510,201505,201505,201510
2015-04-23,201510,201505,201505,201510
2015-04-24,201510,201505,201505,201510
2015-04-27,201510,201505,201505,201510
2015-04-28,201510,201505,201505,201510
2015-04-29,201510,201505,201505,201510
2015-04-30,201510,201505,201505,201510
2015-05-04,201510,201505,201505,201510
2015-05-05,201510,201505,201505,201510
2015-05-06,201510,201601,201510,201601
2015-05-07,201510,201505,201510,201601
2015-05-08,201510,201505,201505,201510
2015-05-11,201510,201601,201510,201601
2015-05-12,201510,201601,201510,201601
2015-05-13,201510,201505,201510,201601
2015-05-14,201510,201601,201510,201601
2015-05-15,201510,201601,201510,201601
2015-05-18,201510,201605,201510,201605
2015-05-19,201510,201509,201510,201605
2015-05-20,201510,201601,201510,201601
2015-05-21,201510,201509,201510,201601
2015-05-22,201510,201601,201510,201601
2015-05-25,201510,201506,201510,201601
2015-05-26,201510,201601,201510,201601
2015-05-27,201510,201605,201510,201605
2015-05-28,201510,201601,201510,201605
2015-05-29,201510,201605,201510,201605
2015-06-01,201510,201601,201510,201605
2015-06-02,201510,201601,201510,201601
2015-06-03,201510,201601,201510,201601
2015-06-04,201510,201509,201510,201601
2015-06-05,201510,201509,201509,201510
2015-06-08,201510,201509,201509,201510
2015-06-09,201510,201605,201510,201605
2015-06-10,201510,201605,201510,201605
2015-06-11,201510,201601,201510,201605
2015-06-12,201510,201601,201510,201601
2015-06-15,201510,201601,201510,201601
2015-06-16,201510,201601,201510,201601
2015-06-17,201510,201601,201510,201601
2015-06-18,201510,201601,201510,201601
2015-06-19,201510,201601,201510,201601
2015-06-23,201510,201508,201510,201601
2015-06-24,201510,201601,201510,201601
2015-06-25,201510,201601,201510,201601
2015-06-26,201510,201601,201510,201601
2015-06-29,201510,201601,201510,201601
2015-06-30,201510,201601,201510,201601
2015-07-01,201510,201601,201510,201601
2015-07-02,201510,201601,201510,201601
2015-07-03,201510,201601,201510,201601
2015-07-06,201510,201601,201510,201601
2015-07-07,201510,201601,201510,201601
2015-07-08,201510,201601,201510,201601
2015-07-09,201510,201601,201510,201601
2015-07-10,201510,201601,201510,201601
2015-07-13,201510,201601,201510,201601
2015-07-14,201510,201601,201510,201601
2015-07-15,201510,201601,201510,201601
2015-07-16,201510,201601,201510,201601
2015-07-17,201510,201601,201510,201601
2015-07-20,201510,201601,201510,201601
2015-07-21,201510,201601,201510,201601
2015-07-22,201510,201601,201510,201601
2015-07-23,201510,201601,201510,201601
2015-07-24,201510,201601,201510,201601
2015-07-27,201510,201601,201510,201601
2015-07-28,201510,201601,201510,201601
2015-07-29,201510,201601,201510,201601
2015-07-30,201510,201601,201510,201601
2015-07-31,201601,201510,201510,201601
2015-08-03,201510,201601,201510,201601
2015-08-04,201601,201510,201510,201601
2015-08-05,201601,201510,201510,201601
2015-08-06,201601,201510,201510,201601
2015-08-07,201601,201510,201510,201601
2015-08-10,201601,201510,201510,201601
2015-08-11,201601,201510,201510,201601
2015-08-12,201601,201510,201510,201601
2015-08-13,201601,201510,201510,201601
2015-08-14,201601,201510,201510,201601
2015-08-17,201601,201510,201510,201601
2015-08-18,201601,201510,201510,201601
2015-08-19,201601,201510,201510,201601
2015-08-20,201601,201510,201510,201601
2015-08-21,201601,201510,201510,201601
2015-08-24,201601,201510,201510,201601
2015-08-25,201601,201510,201510,201601
2015-08-26,201601,201510,201510,201601
2015-08-27,201601,201510,201510,201601
2015-08-28,201601,201510,201510,201601
2015-08-31,201601,201510,201510,201601
2015-09-01,201601,201510,201510,201601
2015-09-02,201601,201510,201510,201601
2015-09-07,201601,201510,201510,201601
2015-09-08,201601,201510,201510,201601
2015-09-09,201601,201510,201510,201601
2015-09-10,201601,201510,201510,201601
2015-09-11,201601,201510,201510,201601
2015-09-14,201601,201510,201510,201601
2015-09-15,201601,201510,201510,201601
2015-09-16,201601,201510,201510,201601
2015-09-17,201601,201510,201510,201601
2015-09-18,201601,201510,201510,201601
2015-09-21,201601,201510,201510,201601
2015-09-22,201601,201510,201510,201601
2015-09-23,201601,201510,201510,201601
2015-09-24,201601,201510,201510,201601
2015-09-25,201601,201510,201510,201601
2015-09-28,201601,201510,201510,201601
2015-09-29,201601,201510,201510,201601
2015-09-30,201601,201510,201510,201601
2015-10-08,201601,201510,201510,201601
2015-10-09,201601,201510,201510,201601
2015-10-12,201601,201605,201601,201605
2015-10-13,201601,201605,201601,201605
2015-10-14,201601,201510,201601,201605
2015-10-15,201601,201605,201601,201605
2015-10-16,201601,201605,201601,201605
2015-10-19,201601,201605,201601,201605
2015-10-20,201601,201605,201601,201605
2015-10-21,201601,201605,201601,201605
2015-10-22,201601,201605,201601,201605
2015-10-23,201601,201605,201601,201605
2015-10-26,201601,201605,201601,201605
2015-10-27,201601,201605,201601,201605
2015-10-28,201601,201605,201601,201605
2015-10-29,201601,201605,201601,201605
2015-10-30,201601,201605,201601,201605
2015-11-02,201601,201605,201601,201605
2015-11-03,201601,201605,201601,201605
2015-11-04,201601,201605,201601,201605
2015-11-05,201601,201605,201601,201605
2015-11-06,201601,201605,201601,201605
2015-11-09,201601,201605,201601,201605
2015-11-10,201601,201605,201601,201605
2015-11-11,201601,201605,201601,201605
2015-11-12,201601,201605,201601,201605
2015-11-13,201601,201605,201601,201605
2015-11-16,201601,201605,201601,201605
2015-11-17,201601,201605,201601,201605
2015-11-18,201601,201605,201601,201605
2015-11-19,201601,201605,201601,201605
2015-11-20,201601,201605,201601,201605
2015-11-23,201601,201605,201601,201605
2015-11-24,201601,201605,201601,201605
2015-11-25,201601,201605,201601,201605
2015-11-26,201601,201605,201601,201605
2015-11-27,201601,201605,201601,201605
2015-11-30,201605,201601,201601,201605
2015-12-01,201605,201601,201601,201605
2015-12-02,201605,201601,201601,201605
2015-12-03,201605,201601,201601,201605
2015-12-04,201605,201601,201601,201605
2015-12-07,201605,201601,201601,201605
2015-12-08,201605,201601,201601,201605
2015-12-09,201605,201601,201601,201605
2015-12-10,201605,201601,201601,201605
2015-12-11,201605,201601,201601,201605
2015-12-14,201605,201601,201601,201605
2015-12-15,201605,201601,201601,201605
2015-12-16,201605,201601,201601,201605
2015-12-17,201605,201601,201601,201605
2015-12-18,201605,201601,201601,201605
2015-12-21,201605,201601,201601,201605
2015-12-22,201605,201601,201601,201605
2015-12-23,201605,201601,201601,201605
2015-12-24,201605,201601,201601,201605
2015-12-25,201605,201601,201601,201605
2015-12-28,201605,201601,201601,201605
2015-12-29,201605,201601,201601,201605
2015-12-30,201605,201601,201601,201605
2015-12-31,201605,201601,201601,201605
2016-01-04,201605,201610,201605,201610
2016-01-05,201605,201610,201605,201610
2016-01-06,201605,201610,201605,201610
2016-01-07,201605,201610,201605,201610
2016-01-08,201605,201610,201605,201610
2016-01-11,201605,201610,201605,201610
2016-01-12,201605,201610,201605,201610
2016-01-13,201605,201610,201605,201610
2016-01-14,201605,201610,201605,201610
2016-01-15,201605,201610,201605,201610
2016-01-18,201605,201610,201605,201610
2016-01-19,201605,201610,201605,201610
2016-01-20,201605,201610,201605,201610
2016-01-21,201605,201610,201605,201610
2016-01-22,201605,201610,201605,201610
2016-01-25,201605,201610,201605,201610
2016-01-26,201605,201610,201605,201610
2016-01-27,201605,201610,201605,201610
2016-01-28,201605,201610,201605,201610
2016-01-29,201605,201610,201605,201610
2016-02-01,201605,201610,201605,201610
2016-02-02,201605,201610,201605,201610
2016-02-03,201605,201610,201605,201610
2016-02-04,201605,201610,201605,201610
2016-02-05,201605,201610,201605,201610
2016-02-15,201605,201610,201605,201610
2016-02-16,201605,201610,201605,201610
2016-02-17,201605,201610,201605,201610
2016-02-18,201605,201610,201605,201610
2016-02-19,201605,201610,201605,201610
2016-02-22,201605,201610,201605,201610
2016-02-23,201605,201610,201605,201610
2016-02-24,201605,201610,201605,201610
2016-02-25,201605,201610,201605,201610
2016-02-26,201605,201610,201605,201610
2016-02-29,201605,201610,201605,201610
2016-03-01,201605,201610,201605,201610
2016-03-02,201605,201610,201605,201610
2016-03-03,201605,201610,201605,201610
2016-03-04,201605,201610,201605,201610
2016-03-07,201605,201610,201605,201610
2016-03-08,201605,201610,201605,201610
2016-03-09,201605,201610,201605,201610
2016-03-10,201605,201610,201605,201610
2016-03-11,201605,201610,201605,201610
2016-03-14,201605,201610,201605,201610
2016-03-15,201605,201610,201605,201610
2016-03-16,201605,201610,201605,201610
2016-03-17,201605,201610,201605,201610
2016-03-18,201605,201610,201605,201610
2016-03-21,201605,201610,201605,201610
2016-03-22,201605,201610,201605,201610
2016-03-23,201605,201610,201605,201610
2016-03-24,201605,201610,201605,201610
2016-03-25,201605,201610,201605,201610
2016-03-28,201605,201610,201605,201610
2016-03-29,201605,201610,201605,201610
2016-03-30,201605,201610,201605,201610
2016-03-31,201605,201610,201605,201610
2016-04-01,201605,201610,201605,201610
2016-04-05,201605,201610,201605,201610
2016-04-06,201605,201610,201605,201610
2016-04-07,201605,201610,201605,201610
2016-04-08,201605,201610,201605,201610
2016-04-11,201605,201610,201605,201610
2016-04-12,201610,201605,201605,201610
2016-04-13,201610,201605,201605,201610
2016-04-14,201610,201605,201605,201610
2016-04-15,201610,201605,201605,201610
2016-04-18,201610,201605,201605,201610
2016-04-19,201610,201605,201605,201610
2016-04-20,201610,201605,201605,201610
2016-04-21,201610,201605,201605,201610
2016-04-22,201610,201605,201605,201610
2016-04-25,201610,201605,201605,201610
2016-04-26,201610,201605,201605,201610
2016-04-27,201610,201605,201605,201610
2016-04-28,201610,201605,201605,201610
2016-04-29,201610,201701,201610,201701
2016-05-03,201610,201701,201610,201701
2016-05-04,201610,201701,201610,201701
2016-05-05,201610,201701,201610,201701
2016-05-06,201610,201701,201610,201701
2016-05-09,201610,201701,201610,201701
2016-05-10,201610,201701,201610,201701
2016-05-11,201610,201701,201610,201701
2016-05-12,201610,201701,201610,201701
2016-05-13,201610,201701,201610,201701
2016-05-16,201610,201701,201610,201701
2016-05-17,201610,201701,201610,201701
2016-05-18,201610,201701,201610,201701
2016-05-19,201610,201701,201610,201701
2016-05-20,201610,201701,201610,201701
2016-05-23,201610,201701,201610,201701
2016-05-24,201610,201701,201610,201701
2016-05-25,201610,201701,201610,201701
2016-05-26,201610,201701,201610,201701
2016-05-27,201610,201701,201610,201701
2016-05-30,201610,201701,201610,201701
2016-05-31,201610,201701,201610,201701
2016-06-01,201610,201701,201610,201701
2016-06-02,201610,201701,201610,201701
2016-06-03,201610,201701,201610,201701
2016-06-06,201610,201701,201610,201701
2016-06-07,201610,201701,201610,201701
2016-06-08,201610,201701,201610,201701
2016-06-13,201610,201701,201610,201701
2016-06-14,201610,201701,201610,201701
2016-06-15,201610,201701,201610,201701
2016-06-16,201610,201701,201610,201701
2016-06-17,201610,201701,201610,201701
2016-06-20,201610,201701,201610,201701
2016-06-21,201610,201701,201610,201701
2016-06-22,201610,201701,201610,201701
2016-06-23,201610,201701,201610,201701
2016-06-24,201610,201701,201610,201701
2016-06-27,201610,201701,201610,201701
2016-06-28,201610,201701,201610,201701
2016-06-29,201610,201701,201610,201701
2016-06-30,201610,201701,201610,201701
2016-07-01,201610,201701,201610,201701
2016-07-04,201610,201701,201610,201701
2016-07-05,201610,201701,201610,201701
2016-07-06,201610,201701,201610,201701
2016-07-07,201610,201701,201610,201701
2016-07-08,201610,201701,201610,201701
2016-07-11,201610,201701,201610,201701
2016-07-12,201610,201701,201610,201701
2016-07-13,201610,201701,201610,201701
2016-07-14,201610,201701,201610,201701
2016-07-15,201610,201701,201610,201701
2016-07-18,201610,201701,201610,201701
2016-07-19,201610,201701,201610,201701
2016-07-20,201610,201701,201610,201701
2016-07-21,201610,201701,201610,201701
2016-07-22,201610,201701,201610,201701
2016-07-25,201610,201701,201610,201701
2016-07-26,201610,201701,201610,201701
2016-07-27,201610,201701,201610,201701
2016-07-28,201610,201701,201610,201701
2016-07-29,201610,201701,201610,201701
2016-08-01,201610,201701,201610,201701
2016-08-02,201610,201701,201610,201701
2016-08-03,201610,201701,201610,201701
2016-08-04,201610,201701,201610,201701
2016-08-05,201610,201701,201610,201701
2016-08-08,201610,201701,201610,201701
2016-08-09,201610,201701,201610,201701
2016-08-10,201610,201701,201610,201701
2016-08-11,201610,201701,201610,201701
2016-08-12,201610,201701,201610,201701
2016-08-15,201610,201701,201610,201701
2016-08-16,201610,201701,201610,201701
2016-08-17,201610,201701,201610,201701
2016-08-18,201610,201701,201610,201701
2016-08-19,201610,201701,201610,201701
2016-08-22,201610,201701,201610,201701
2016-08-23,201610,201701,201610,201701
2016-08-24,201610,201701,201610,201701
2016-08-25,201610,201701,201610,201701
2016-08-26,201610,201701,201610,201701
2016-08-29,201610,201701,201610,201701
2016-08-30,201610,201701,201610,201701
2016-08-31,201610,201701,201610,201701
2016-09-01,201610,201701,201610,201701
2016-09-02,201701,201610,201610,201701
2016-09-05,201701,201610,201610,201701
2016-09-06,201701,201610,201610,201701
2016-09-07,201701,201610,201610,201701
2016-09-08,201701,201610,201610,201701
2016-09-09,201701,201610,201610,201701
2016-09-12,201701,201610,201610,201701
2016-09-13,201701,201610,201610,201701
2016-09-14,201701,201610,201610,201701
2016-09-19,201701,201610,201610,201701
2016-09-20,201701,201610,201610,201701
2016-09-21,201701,201610,201610,201701
2016-09-22,201701,201610,201610,201701
2016-09-23,201701,201705,201701,201705
2016-09-26,201701,201705,201701,201705
2016-09-27,201701,201705,201701,201705
2016-09-28,201701,201705,201701,201705
2016-09-29,201701,201705,201701,201705
2016-09-30,201701,201705,201701,201705
2016-10-10,201701,201705,201701,201705
2016-10-11,201701,201705,201701,201705
2016-10-12,201701,201705,201701,201705
2016-10-13,201701,201705,201701,201705
2016-10-14,201701,201705,201701,201705
2016-10-17,201701,201705,201701,201705
2016-10-18,201701,201705,201701,201705
2016-10-19,201701,201705,201701,201705
2016-10-20,201701,201705,201701,201705
2016-10-21,201701,201705,201701,201705
2016-10-24,201701,201705,201701,201705
2016-10-25,201701,201705,201701,201705
2016-10-26,201701,201705,201701,201705
2016-10-27,201701,201705,201701,201705
2016-10-28,201701,201705,201701,201705
2016-10-31,201701,201705,201701,201705
2016-11-01,201701,201705,201701,201705
2016-11-02,201701,201705,201701,201705
2016-11-03,201701,201705,201701,201705
2016-11-04,201701,201705,201701,201705
2016-11-07,201701,201705,201701,201705
2016-11-08,201701,201705,201701,201705
2016-11-09,201701,201705,201701,201705
2016-11-10,201701,201705,201701,201705
2016-11-11,201701,201705,201701,201705
2016-11-14,201701,201705,201701,201705
2016-11-15,201701,201705,201701,201705
2016-11-16,201701,201705,201701,201705
2016-11-17,201701,201705,201701,201705
2016-11-18,201701,201705,201701,201705
2016-11-21,201701,201705,201701,201705
2016-11-22,201701,201705,201701,201705
2016-11-23,201701,201705,201701,201705
2016-11-24,201701,201705,201701,201705
2016-11-25,201701,201705,201701,201705
2016-11-28,201701,201705,201701,201705
2016-11-29,201701,201705,201701,201705
2016-11-30,201701,201705,201701,201705
2016-12-01,201705,201701,201701,201705
2016-12-02,201705,201701,201701,201705
2016-12-05,201705,201701,201701,201705
2016-12-06,201705,201701,201701,201705
2016-12-07,201705,201701,201701,201705
2016-12-08,201705,201701,201701,201705
2016-12-09,201705,201701,201701,201705
2016-12-12,201705,201701,201701,201705
2016-12-13,201705,201701,201701,201705
2016-12-14,201705,201701,201701,201705
2016-12-15,201705,201701,201701,201705
2016-12-16,201705,201701,201701,201705
2016-12-19,201705,201701,201701,201705
2016-12-20,201705,201701,201701,201705
2016-12-21,201705,201701,201701,201705
2016-12-22,201705,201701,201701,201705
2016-12-23,201705,201701,201701,201705
2016-12-26,201705,201701,201701,201705
2016-12-27,201705,201701,201701,201705
2016-12-28,201705,201701,201701,201705
2016-12-29,201705,201701,201701,201705
2016-12-30,201705,201701,201701,201705
2017-01-03,201705,201710,201705,201710
2017-01-04,201705,201710,201705,201710
2017-01-05,201705,201710,201705,201710
2017-01-06,201705,201710,201705,201710
2017-01-09,201705,201710,201705,201710
2017-01-10,201705,201710,201705,201710
2017-01-11,201705,201710,201705,201710
2017-01-12,201705,201710,201705,201710
2017-01-13,201705,201710,201705,201710
2017-01-16,201705,201710,201705,201710
2017-01-17,201705,201710,201705,201710
2017-01-18,201705,201710,201705,201710
2017-01-19,201705,201710,201705,201710
2017-01-20,201705,201710,201705,201710
2017-01-23,201705,201710,201705,201710
2017-01-24,201705,201710,201705,201710
2017-01-25,201705,201710,201705,201710
2017-01-26,201705,201710,201705,201710
2017-02-03,201705,201710,201705,201710
2017-02-06,201705,201710,201705,201710
2017-02-07,201705,201710,201705,201710
2017-02-08,201705,201710,201705,201710
2017-02-09,201705,201710,201705,201710
2017-02-10,201705,201710,201705,201710
2017-02-13,201705,201710,201705,201710
2017-02-14,201705,201710,201705,201710
2017-02-15,201705,201710,201705,201710
2017-02-16,201705,201710,201705,201710
2017-02-17,201705,201710,201705,201710
2017-02-20,201705,201710,201705,201710
2017-02-21,201705,201710,201705,201710
2017-02-22,201705,201710,201705,201710
2017-02-23,201705,201710,201705,201710
2017-02-24,201705,201710,201705,201710
2017-02-27,201705,201710,201705,201710
2017-02-28,201705,201710,201705,201710
2017-03-01,201705,201710,201705,201710
2017-03-02,201705,201710,201705,201710
2017-03-03,201705,201710,201705,201710
2017-03-06,201705,201710,201705,201710
2017-03-07,201705,201710,201705,201710
2017-03-08,201705,201710,201705,201710
2017-03-09,201705,201710,201705,201710
2017-03-10,201705,201710,201705,201710
2017-03-13,201705,201710,201705,201710
2017-03-14,201705,201710,201705,201710
2017-03-15,201705,201710,201705,201710
2017-03-16,201705,201710,201705,201710
2017-03-17,201705,201710,201705,201710
2017-03-20,201705,201710,201705,201710
2017-03-21,201705,201710,201705,201710
2017-03-22,201705,201710,201705,201710
2017-03-23,201705,201710,201705,201710
2017-03-24,201705,201710,201705,201710
2017-03-27,201710,201705,201705,201710
2017-03-28,201710,201705,201705,201710
2017-03-29,201710,201705,201705,201710
2017-03-30,201710,201705,201705,201710
2017-03-31,201710,201705,201705,201710
2017-04-05,201710,201705,201705,201710
2017-04-06,201710,201705,201705,201710
2017-04-07,201710,201705,201705,201710
2017-04-10,201710,201705,201705,201710
2017-04-11,201710,201705,201705,201710
2017-04-12,201710,201705,201705,201710
2017-04-13,201710,201705,201705,201710
2017-04-14,201710,201705,201705,201710
2017-04-17,201710,201705,201705,201710
2017-04-18,201710,201705,201705,201710
2017-04-19,201710,201705,201705,201710
2017-04-20,201710,201705,201705,201710
2017-04-21,201710,201705,201705,201710
2017-04-24,201710,201705,201705,201710
2017-04-25,201710,201705,201705,201710
2017-04-26,201710,201705,201705,201710
2017-04-27,201710,201705,201705,201710
2017-04-28,201710,201705,201705,201710
2017-05-02,201710,201801,201710,201801
2017-05-03,201710,201801,201710,201801
2017-05-04,201710,201801,201710,201801
2017-05-05,201710,201801,201710,201801
2017-05-08,201710,201801,201710,201801
2017-05-09,201710,201801,201710,201801
2017-05-10,201710,201801,201710,201801
2017-05-11,201710,201801,201710,201801
2017-05-12,201710,201801,201710,201801
2017-05-15,201710,201801,201710,201801
2017-05-16,201710,201801,201710,201801
2017-05-17,201710,201801,201710,201801
2017-05-18,201710,201801,201710,201801
2017-05-19,201710,201801,201710,201801
2017-05-22,201710,201801,201710,201801
2017-05-23,201710,201801,201710,201801
2017-05-24,201710,201801,201710,201801
2017-05-25,201710,201801,201710,201801
2017-05-26,201710,201801,201710,201801
2017-05-31,201710,201801,201710,201801
2017-06-01,201710,201801,201710,201801
2017-06-02,201710,201801,201710,201801
2017-06-05,201710,201801,201710,201801
2017-06-06,201710,201801,201710,201801
2017-06-07,201710,201801,201710,201801
2017-06-08,201710,201801,201710,201801
2017-06-09,201710,201801,201710,201801
2017-06-12,201710,201801,201710,201801
2017-06-13,201710,201801,201710,201801
2017-06-14,201710,201801,201710,201801
2017-06-15,201710,201801,201710,201801
2017-06-16,201710,201801,201710,201801
2017-06-19,201710,201801,201710,201801
2017-06-20,201710,201801,201710,201801
2017-06-21,201710,201801,201710,201801
2017-06-22,201710,201801,201710,201801
2017-06-23,201710,201801,201710,201801
2017-06-26,201710,201801,201710,201801
2017-06-27,201710,201801,201710,201801
2017-06-28,201710,201801,201710,201801
2017-06-29,201710,201801,201710,201801
2017-06-30,201710,201801,201710,201801
2017-07-03,201710,201801,201710,201801
2017-07-04,201710,201801,201710,201801
2017-07-05,201710,201801,201710,201801
2017-07-06,201710,201801,201710,201801
2017-07-07,201710,201801,201710,201801
2017-07-10,201710,201801,201710,201801
2017-07-11,201710,201801,201710,201801
2017-07-12,201710,201801,201710,201801
2017-07-13,201710,201801,201710,201801
2017-07-14,201710,201801,201710,201801
2017-07-17,201710,201801,201710,201801
2017-07-18,201710,201801,201710,201801
2017-07-19,201710,201801,201710,201801
2017-07-20,201710,201801,201710,201801
2017-07-21,201710,201801,201710,201801
2017-07-24,201710,201801,201710,201801
2017-07-25,201710,201801,201710,201801
2017-07-26,201710,201801,201710,201801
2017-07-27,201710,201801,201710,201801
2017-07-28,201710,201801,201710,201801
2017-07-31,201710,201801,201710,201801
2017-08-01,201710,201801,201710,201801
2017-08-02,201710,201801,201710,201801
2017-08-03,201710,201801,201710,201801
2017-08-04,201710,201801,201710,201801
2017-08-07,201710,201801,201710,201801
2017-08-08,201710,201801,201710,201801
2017-08-09,201710,201801,201710,201801
2017-08-10,201801,201710,201710,201801
2017-08-11,201801,201710,201710,201801
2017-08-14,201801,201710,201710,201801
2017-08-15,201801,201710,201710,201801
2017-08-16,201801,201710,201710,201801
2017-08-17,201801,201710,201710,201801
2017-08-18,201801,201710,201710,201801
2017-08-21,201801,201710,201710,201801
2017-08-22,201801,201710,201710,201801
2017-08-23,201801,201710,201710,201801
2017-08-24,201801,201710,201710,201801
2017-08-25,201801,201710,201710,201801
2017-08-28,201801,201710,201710,201801
2017-08-29,201801,201710,201710,201801
2017-08-30,201801,201710,201710,201801
2017-08-31,201801,201710,201710,201801
2017-09-01,201801,201710,201710,201801
2017-09-04,201801,201805,201801,201805
2017-09-05,201801,201805,201801,201805
2017-09-06,201801,201805,201801,201805
2017-09-07,201801,201805,201801,201805
2017-09-08,201801,201805,201801,201805
2017-09-11,201801,201805,201801,201805
2017-09-12,201801,201805,201801,201805
2017-09-13,201801,201805,201801,201805
2017-09-14,201801,201805,201801,201805
2017-09-15,201801,201805,201801,201805
2017-09-18,201801,201805,201801,201805
2017-09-19,201801,201805,201801,201805
2017-09-20,201801,201805,201801,201805
2017-09-21,201801,201805,201801,201805
2017-09-22,201801,201805,201801,201805
2017-09-25,201801,201805,201801,201805
2017-09-26,201801,201805,201801,201805
2017-09-27,201801,201805,201801,201805
2017-09-28,201801,201805,201801,201805
2017-09-29,201801,201805,201801,201805
2017-10-09,201801,201805,201801,201805
2017-10-10,201801,201805,201801,201805
2017-10-11,201801,201805,201801,201805
2017-10-12,201801,201805,201801,201805
2017-10-13,201801,201805,201801,201805
2017-10-16,201801,201805,201801,201805
2017-10-17,201801,201805,201801,201805
2017-10-18,201801,201805,201801,201805
2017-10-19,201801,201805,201801,201805
2017-10-20,201801,201805,201801,201805
2017-10-23,201801,201805,201801,201805
2017-10-24,201801,201805,201801,201805
2017-10-25,201801,201805,201801,201805
2017-10-26,201801,201805,201801,201805
2017-10-27,201801,201805,201801,201805
2017-10-30,201801,201805,201801,201805
2017-10-31,201801,201805,201801,201805
2017-11-01,201801,201805,201801,201805
2017-11-02,201801,201805,201801,201805
2017-11-03,201801,201805,201801,201805
2017-11-06,201801,201805,201801,201805
2017-11-07,201801,201805,201801,201805
2017-11-08,201801,201805,201801,201805
2017-11-09,201801,201805,201801,201805
2017-11-10,201801,201805,201801,201805
2017-11-13,201801,201805,201801,201805
2017-11-14,201801,201805,201801,201805
2017-11-15,201801,201805,201801,201805
2017-11-16,201801,201805,201801,201805
2017-11-17,201801,201805,201801,201805
2017-11-20,201805,201801,201801,201805
2017-11-21,201805,201801,201801,201805
2017-11-22,201805,201801,201801,201805
2017-11-23,201805,201801,201801,201805
2017-11-24,201805,201801,201801,201805
2017-11-27,201805,201801,201801,201805
2017-11-28,201805,201801,201801,201805
2017-11-29,201805,201801,201801,201805
2017-11-30,201805,201801,201801,201805
2017-12-01,201805,201801,201801,201805
2017-12-04,201805,201801,201801,201805
2017-12-05,201805,201801,201801,201805
2017-12-06,201805,201801,201801,201805
2017-12-07,201805,201801,201801,201805
2017-12-08,201805,201801,201801,201805
2017-12-11,201805,201801,201801,201805
2017-12-12,201805,201801,201801,201805
2017-12-13,201805,201801,201801,201805
2017-12-14,201805,201801,201801,201805
2017-12-15,201805,201801,201801,201805
2017-12-18,201805,201801,201801,201805
2017-12-19,201805,201801,201801,201805
2017-12-20,201805,201801,201801,201805
2017-12-21,201805,201801,201801,201805
2017-12-22,201805,201801,201801,201805
2017-12-25,201805,201801,201801,201805
2017-12-26,201805,201801,201801,201805
2017-12-27,201805,201810,201805,201810
2017-12-28,201805,201810,201805,201810
2017-12-29,201805,201810,201805,201810
2018-01-02,201805,201810,201805,201810
2018-01-03,201805,201810,201805,201810
2018-01-04,201805,201810,201805,201810
2018-01-05,201805,201810,201805,201810
2018-01-08,201805,201810,201805,201810
2018-01-09,201805,201810,201805,201810
2018-01-10,201805,201810,201805,201810
2018-01-11,201805,201810,201805,201810
2018-01-12,201805,201810,201805,201810
2018-01-15,201805,201810,201805,201810
2018-01-16,201805,201810,201805,201810
2018-01-17,201805,201810,201805,201810
2018-01-18,201805,201810,201805,201810
2018-01-19,201805,201810,201805,201810
2018-01-22,201805,201810,201805,201810
2018-01-23,201805,201810,201805,201810
2018-01-24,201805,201810,201805,201810
2018-01-25,201805,201810,201805,201810
2018-01-26,201805,201810,201805,201810
2018-01-29,201805,201810,201805,201810
2018-01-30,201805,201810,201805,201810
2018-01-31,201805,201810,201805,201810
2018-02-01,201805,201810,201805,201810
2018-02-02,201805,201810,201805,201810
2018-02-05,201805,201810,201805,201810
2018-02-06,201805,201810,201805,201810
2018-02-07,201805,201810,201805,201810
2018-02-08,201805,201810,201805,201810
2018-02-09,201805,201810,201805,201810
2018-02-12,201805,201810,201805,201810
2018-02-13,201805,201810,201805,201810
2018-02-14,201805,201810,201805,201810
2018-02-22,201805,201810,201805,201810
2018-02-23,201805,201810,201805,201810
2018-02-26,201805,201810,201805,201810
2018-02-27,201805,201810,201805,201810
2018-02-28,201805,201810,201805,201810
2018-03-01,201805,201810,201805,201810
2018-03-02,201805,201810,201805,201810
2018-03-05,201805,201810,201805,201810
2018-03-06,201805,201810,201805,201810
2018-03-07,201805,201810,201805,201810
2018-03-08,201805,201810,201805,201810
2018-03-09,201805,201810,201805,201810
2018-03-12,201805,201810,201805,201810
2018-03-13,201805,201810,201805,201810
2018-03-14,201805,201810,201805,201810
2018-03-15,201805,201810,201805,201810
2018-03-16,201805,201810,201805,201810
2018-03-19,201805,201810,201805,201810
2018-03-20,201805,201810,201805,201810
2018-03-21,201805,201810,201805,201810
2018-03-22,201805,201810,201805,201810
2018-03-23,201805,201810,201805,201810
2018-03-26,201805,201810,201805,201810
2018-03-27,201805,201810,201805,201810
2018-03-28,201805,201810,201805,201810
2018-03-29,201805,201810,201805,201810
2018-03-30,201805,201810,201805,201810
2018-04-02,201805,201810,201805,201810
2018-04-03,201805,201810,201805,201810
2018-04-04,201805,201810,201805,201810
2018-04-09,201810,201805,201805,201810
2018-04-10,201810,201805,201805,201810
2018-04-11,201810,201805,201805,201810
2018-04-12,201810,201805,201805,201810
2018-04-13,201810,201805,201805,201810
2018-04-16,201810,201805,201805,201810
2018-04-17,201810,201805,201805,201810
2018-04-18,201810,201805,201805,201810
2018-04-19,201810,201805,201805,201810
2018-04-20,201810,201805,201805,201810
2018-04-23,201810,201805,201805,201810
2018-04-24,201810,201805,201805,201810
2018-04-25,201810,201805,201805,201810
2018-04-26,201810,201805,201805,201810
2018-04-27,201810,201805,201805,201810
2018-05-02,201810,201901,201810,201901
2018-05-03,201810,201901,201810,201901
2018-05-04,201810,201901,201810,201901
2018-05-07,201810,201901,201810,201901
2018-05-08,201810,201901,201810,201901
2018-05-09,201810,201901,201810,201901
2018-05-10,201810,201901,201810,201901
2018-05-11,201810,201901,201810,201901
2018-05-14,201810,201901,201810,201901
2018-05-15,201810,201901,201810,201901
2018-05-16,201810,201901,201810,201901
2018-05-17,201810,201901,201810,201901
2018-05-18,201810,201901,201810,201901
2018-05-21,201810,201901,201810,201901
2018-05-22,201810,201901,201810,201901
2018-05-23,201810,201901,201810,201901
2018-05-24,201810,201901,201810,201901
2018-05-25,201810,201901,201810,201901
2018-05-28,201810,201809,201810,201901
2018-05-29,201810,201809,201809,201810
2018-05-30,201810,201809,201809,201810
2018-05-31,201810,201901,201810,201901
2018-06-01,201810,201901,201810,201901
2018-06-04,201810,201901,201810,201901
2018-06-05,201810,201809,201810,201901
2018-06-06,201810,201901,201810,201901
2018-06-07,201810,201901,201810,201901
2018-06-08,201810,201901,201810,201901
2018-06-11,201810,201901,201810,201901
2018-06-12,201810,201901,201810,201901
2018-06-13,201810,201809,201810,201901
2018-06-14,201810,201901,201810,201901
2018-06-15,201810,201901,201810,201901
2018-06-19,201810,201901,201810,201901
2018-06-20,201810,201901,201810,201901
2018-06-21,201810,201901,201810,201901
2018-06-22,201810,201901,201810,201901
2018-06-25,201810,201901,201810,201901
2018-06-26,201810,201901,201810,201901
2018-06-27,201810,201901,201810,201901
2018-06-28,201810,201901,201810,201901
2018-06-29,201810,201901,201810,201901
2018-07-02,201810,201901,201810,201901
2018-07-03,201810,201901,201810,201901
2018-07-04,201810,201901,201810,201901
2018-07-05,201810,201901,201810,201901
2018-07-06,201810,201901,201810,201901
2018-07-09,201810,201901,201810,201901
2018-07-10,201810,201901,201810,201901
2018-07-11,201810,201901,201810,201901
2018-07-12,201810,201901,201810,201901
2018-07-13,201810,201901,201810,201901
2018-07-16,201810,201901,201810,201901
2018-07-17,201810,201901,201810,201901
2018-07-18,201810,201901,201810,201901
2018-07-19,201810,201901,201810,201901
2018-07-20,201810,201901,201810,201901
2018-07-23,201810,201901,201810,201901
2018-07-24,201810,201901,201810,201901
2018-07-25,201810,201901,201810,201901
2018-07-26,201810,201901,201810,201901
2018-07-27,201810,201901,201810,201901
2018-07-30,201810,201901,201810,201901
2018-07-31,201810,201901,201810,201901
2018-08-01,201810,201901,201810,201901
2018-08-02,201810,201901,201810,201901
2018-08-03,201810,201901,201810,201901
2018-08-06,201810,201901,201810,201901
2018-08-07,201810,201901,201810,201901
2018-08-08,201810,201901,201810,201901
2018-08-09,201810,201901,201810,201901
2018-08-10,201810,201901,201810,201901
2018-08-13,201810,201901,201810,201901
2018-08-14,201810,201901,201810,201901
2018-08-15,201810,201901,201810,201901
2018-08-16,201810,201901,201810,201901
2018-08-17,201901,201810,201810,201901
2018-08-20,201901,201810,201810,201901
2018-08-21,201901,201810,201810,201901
2018-08-22,201901,201810,201810,201901
2018-08-23,201901,201810,201810,201901
2018-08-24,201901,201810,201810,201901
2018-08-27,201901,201810,201810,201901
2018-08-28,201901,201810,201810,201901
2018-08-29,201901,201810,201810,201901
2018-08-30,201901,201810,201810,201901
2018-08-31,201901,201810,201810,201901
2018-09-03,201901,201810,201810,201901
2018-09-04,201901,201810,201810,201901
2018-09-05,201901,201810,201810,201901
2018-09-06,201901,201905,201901,201905
2018-09-07,201901,201810,201901,201905
2018-09-10,201901,201810,201810,201901
2018-09-11,201901,201810,201810,201901
2018-09-12,201901,201810,201810,201901
2018-09-13,201901,201905,201901,201905
2018-09-14,201901,201810,201901,201905
2018-09-17,201901,201905,201901,201905
2018-09-18,201901,201905,201901,201905
2018-09-19,201901,201905,201901,201905
2018-09-20,201901,201905,201901,201905
2018-09-21,201901,201905,201901,201905
2018-09-25,201901,201905,201901,201905
2018-09-26,201901,201905,201901,201905
2018-09-27,201901,201905,201901,201905
2018-09-28,201901,201905,201901,201905
2018-10-08,201901,201905,201901,201905
2018-10-09,201901,201905,201901,201905
2018-10-10,201901,201905,201901,201905
2018-10-11,201901,201905,201901,201905
2018-10-12,201901,201905,201901,201905
2018-10-15,201901,201905,201901,201905
2018-10-16,201901,201905,201901,201905
2018-10-17,201901,201905,201901,201905
2018-10-18,201901,201905,201901,201905
2018-10-19,201901,201905,201901,201905
2018-10-22,201901,201905,201901,201905
2018-10-23,201901,201905,201901,201905
2018-10-24,201901,201905,201901,201905
2018-10-25,201901,201905,201901,201905
2018-10-26,201901,201905,201901,201905
2018-10-29,201901,201905,201901,201905
2018-10-30,201901,201905,201901,201905
2018-10-31,201901,201905,201901,201905
2018-11-01,201901,201905,201901,201905
2018-11-02,201901,201905,201901,201905
2018-11-05,201901,201905,201901,201905
2018-11-06,201901,201905,201901,201905
2018-11-07,201901,201905,201901,201905
2018-11-08,201901,201905,201901,201905
2018-11-09,201901,201905,201901,201905
2018-11-12,201901,201905,201901,201905
2018-11-13,201901,201905,201901,201905
2018-11-14,201901,201905,201901,201905
2018-11-15,201901,201905,201901,201905
2018-11-16,201901,201905,201901,201905
2018-11-19,201901,201905,201901,201905
2018-11-20,201901,201905,201901,201905
2018-11-21,201901,201905,201901,201905
2018-11-22,201901,201905,201901,201905
2018-11-23,201901,201905,201901,201905
2018-11-26,201901,201905,201901,201905
2018-11-27,201901,201905,201901,201905
2018-11-28,201901,201905,201901,201905
2018-11-29,201901,201905,201901,201905
2018-11-30,201905,201901,201901,201905
2018-12-03,201905,201901,201901,201905
2018-12-04,201905,201901,201901,201905
2018-12-05,201905,201901,201901,201905
2018-12-06,201905,201901,201901,201905
2018-12-07,201905,201901,201901,201905
2018-12-10,201905,201901,201901,201905
2018-12-11,201905,201901,201901,201905
2018-12-12,201905,201901,201901,201905
2018-12-13,201905,201901,201901,201905
2018-12-14,201905,201901,201901,201905
2018-12-17,201905,201901,201901,201905
2018-12-18,201905,201901,201901,201905
2018-12-19,201905,201901,201901,201905
2018-12-20,201905,201901,201901,201905
2018-12-21,201905,201901,201901,201905
2018-12-24,201905,201901,201901,201905
2018-12-25,201905,201910,201905,201910
2018-12-26,201905,201910,201905,201910
2018-12-27,201905,201910,201905,201910
2018-12-28,201905,201910,201905,201910
2019-01-02,201905,201910,201905,201910
2019-01-03,201905,201910,201905,201910
2019-01-04,201905,201910,201905,201910
2019-01-07,201905,201910,201905,201910
2019-01-08,201905,201910,201905,201910
2019-01-09,201905,201910,201905,201910
2019-01-10,201905,201910,201905,201910
2019-01-11,201905,201910,201905,201910
2019-01-14,201905,201910,201905,201910
2019-01-15,201905,201910,201905,201910
2019-01-16,201905,201910,201905,201910
2019-01-17,201905,201910,201905,201910
2019-01-18,201905,201910,201905,201910
2019-01-21,201905,201910,201905,201910
2019-01-22,201905,201910,201905,201910
2019-01-23,201905,201910,201905,201910
2019-01-24,201905,201910,201905,201910
2019-01-25,201905,201910,201905,201910
2019-01-28,201905,201910,201905,201910
2019-01-29,201905,201910,201905,201910
2019-01-30,201905,201910,201905,201910
2019-01-31,201905,201910,201905,201910
2019-02-01,201905,201910,201905,201910
2019-02-11,201905,201910,201905,201910
2019-02-12,201905,201910,201905,201910
2019-02-13,201905,201910,201905,201910
2019-02-14,201905,201910,201905,201910
2019-02-15,201905,201910,201905,201910
2019-02-18,201905,201910,201905,201910
2019-02-19,201905,201910,201905,201910
2019-02-20,201905,201910,201905,201910
2019-02-21,201905,201910,201905,201910
2019-02-22,201905,201910,201905,201910
2019-02-25,201905,201910,201905,201910
2019-02-26,201905,201910,201905,201910
2019-02-27,201905,201910,201905,201910
2019-02-28,201905,201910,201905,201910
2019-03-01,201905,201910,201905,201910
2019-03-04,201905,201910,201905,201910
2019-03-05,201905,201910,201905,201910
2019-03-06,201905,201910,201905,201910
2019-03-07,201905,201910,201905,201910
2019-03-08,201905,201910,201905,201910
2019-03-11,201905,201910,201905,201910
2019-03-12,201905,201910,201905,201910
2019-03-13,201905,201910,201905,201910
2019-03-14,201905,201910,201905,201910
2019-03-15,201905,201910,201905,201910
2019-03-18,201905,201910,201905,201910
2019-03-19,201905,201910,201905,201910
2019-03-20,201905,201910,201905,201910
2019-03-21,201905,201910,201905,201910
2019-03-22,201905,201910,201905,201910
2019-03-25,201905,201910,201905,201910
2019-03-26,201905,201910,201905,201910
2019-03-27,201905,201910,201905,201910
2019-03-28,201905,201910,201905,201910
2019-03-29,201905,201910,201905,201910
2019-04-01,201905,201910,201905,201910
2019-04-02,201905,201910,201905,201910
2019-04-03,201905,201910,201905,201910
2019-04-04,201910,201905,201905,201910
2019-04-08,201910,201905,201905,201910
2019-04-09,201910,201905,201905,201910
2019-04-10,201910,201905,201905,201910
2019-04-11,201910,201905,201905,201910
2019-04-12,201910,201905,201905,201910
2019-04-15,201910,201905,201905,201910
2019-04-16,201910,201905,201905,201910
2019-04-17,201910,201905,201905,201910
2019-04-18,201910,201905,201905,201910
2019-04-19,201910,201905,201905,201910
2019-04-22,201910,201905,201905,201910
2019-04-23,201910,201905,201905,201910
2019-04-24,201910,201905,201905,201910
2019-04-25,201910,201905,201905,201910
2019-04-26,201910,201905,201905,201910
2019-04-29,201910,201905,201905,201910
2019-04-30,201910,202001,201910,202001
2019-05-06,201910,202001,201910,202001
2019-05-07,201910,202001,201910,202001
2019-05-08,201910,202001,201910,202001
2019-05-09,201910,202001,201910,202001
2019-05-10,201910,202001,201910,202001
2019-05-13,201910,202001,201910,202001
2019-05-14,201910,202001,201910,202001
2019-05-15,201910,202001,201910,202001
2019-05-16,201910,202001,201910,202001
2019-05-17,201910,202001,201910,202001
2019-05-20,201910,202001,201910,202001
2019-05-21,201910,202001,201910,202001
2019-05-22,201910,202001,201910,202001
2019-05-23,201910,202001,201910,202001
2019-05-24,201910,202001,201910,202001
2019-05-27,201910,202001,201910,202001
2019-05-28,201910,202001,201910,202001
2019-05-29,201910,202001,201910,202001
2019-05-30,201910,202001,201910,202001
2019-05-31,201910,202001,201910,202001
2019-06-03,201910,202001,201910,202001
2019-06-04,201910,202001,201910,202001
2019-06-05,201910,202001,201910,202001
2019-06-06,201910,202001,201910,202001
2019-06-10,201910,202001,201910,202001
2019-06-11,201910,202001,201910,202001
2019-06-12,201910,202001,201910,202001
2019-06-13,201910,202001,201910,202001
2019-06-14,201910,202001,201910,202001
2019-06-17,201910,202001,201910,202001
2019-06-18,201910,202001,201910,202001
2019-06-19,201910,202001,201910,202001
2019-06-20,201910,202001,201910,202001
2019-06-21,201910,202001,201910,202001
2019-06-24,201910,202001,201910,202001
2019-06-25,201910,202001,201910,202001
2019-06-26,201910,202001,201910,202001
2019-06-27,201910,202001,201910,202001
2019-06-28,201910,202001,201910,202001
2019-07-01,201910,202001,201910,202001
2019-07-02,201910,202001,201910,202001
2019-07-03,201910,202001,201910,202001
2019-07-04,201910,202001,201910,202001
2019-07-05,201910,202001,201910,202001
2019-07-08,201910,202001,201910,202001
2019-07-09,201910,202001,201910,202001
2019-07-10,201910,202001,201910,202001
2019-07-11,201910,202001,201910,202001
2019-07-12,201910,202001,201910,202001
2019-07-15,201910,202001,201910,202001
2019-07-16,201910,202001,201910,202001
2019-07-17,201910,202001,201910,202001
2019-07-18,201910,202001,201910,202001
2019-07-19,201910,202001,201910,202001
2019-07-22,201910,202001,201910,202001
2019-07-23,201910,202001,201910,202001
2019-07-24,201910,202001,201910,202001
2019-07-25,201910,202001,201910,202001
2019-07-26,201910,202001,201910,202001
2019-07-29,201910,202001,201910,202001
2019-07-30,201910,202001,201910,202001
2019-07-31,201910,202001,201910,202001
2019-08-01,201910,202001,201910,202001
2019-08-02,201910,202001,201910,202001
2019-08-05,201910,202001,201910,202001
2019-08-06,201910,202001,201910,202001
2019-08-07,201910,202001,201910,202001
2019-08-08,201910,202001,201910,202001
2019-08-09,201910,202001,201910,202001
2019-08-12,201910,202001,201910,202001
2019-08-13,201910,202001,201910,202001
2019-08-14,201910,202001,201910,202001
2019-08-15,201910,202001,201910,202001
2019-08-16,201910,202001,201910,202001
2019-08-19,201910,202001,201910,202001
2019-08-20,201910,202001,201910,202001
2019-08-21,201910,202001,201910,202001
2019-08-22,201910,202001,201910,202001
2019-08-23,201910,202001,201910,202001
2019-08-26,201910,202001,201910,202001
2019-08-27,201910,202001,201910,202001
2019-08-28,201910,202001,201910,202001
2019-08-29,202001,201910,201910,202001
2019-08-30,202001,201910,201910,202001
2019-09-02,202001,201910,201910,202001
2019-09-03,202001,201910,201910,202001
2019-09-04,202001,201910,201910,202001
2019-09-05,202001,201910,201910,202001
2019-09-06,202001,201910,201910,202001
2019-09-09,202001,201910,201910,202001
2019-09-10,202001,201910,201910,202001
2019-09-11,202001,201910,201910,202001
2019-09-12,202001,201910,201910,202001
2019-09-16,202001,201910,201910,202001
2019-09-17,202001,201910,201910,202001
2019-09-18,202001,201910,201910,202001
2019-09-19,202001,201910,201910,202001
2019-09-20,202001,201910,201910,202001
2019-09-23,202001,201910,201910,202001
2019-09-24,202001,202005,202001,202005
2019-09-25,202001,202005,202001,202005
2019-09-26,202001,202005,202001,202005
2019-09-27,202001,202005,202001,202005
2019-09-30,202001,202005,202001,202005
2019-10-08,202001,202005,202001,202005
2019-10-09,202001,202005,202001,202005
2019-10-10,202001,202005,202001,202005
2019-10-11,202001,202005,202001,202005
2019-10-14,202001,202005,202001,202005
2019-10-15,202001,202005,202001,202005
2019-10-16,202001,202005,202001,202005
2019-10-17,202001,202005,202001,202005
2019-10-18,202001,202005,202001,202005
2019-10-21,202001,202005,202001,202005
2019-10-22,202001,202005,202001,202005
2019-10-23,202001,202005,202001,202005
2019-10-24,202001,202005,202001,202005
2019-10-25,202001,202005,202001,202005
2019-10-28,202001,202005,202001,202005
2019-10-29,202001,202005,202001,202005
2019-10-30,202001,202005,202001,202005
2019-10-31,202001,202005,202001,202005
2019-11-01,202001,202005,202001,202005
2019-11-04,202001,202005,202001,202005
2019-11-05,202001,202005,202001,202005
2019-11-06,202001,202005,202001,202005
2019-11-07,202001,202005,202001,202005
2019-11-08,202001,202005,202001,202005
2019-11-11,202001,202005,202001,202005
2019-11-12,202001,202005,202001,202005
2019-11-13,202001,202005,202001,202005
2019-11-14,202001,202005,202001,202005
2019-11-15,202001,202005,202001,202005
2019-11-18,202001,202005,202001,202005
2019-11-19,202001,202005,202001,202005
2019-11-20,202001,202005,202001,202005
2019-11-21,202001,202005,202001,202005
2019-11-22,202001,202005,202001,202005
2019-11-25,202001,202005,202001,202005
2019-11-26,202001,202005,202001,202005
2019-11-27,202001,202005,202001,202005
2019-11-28,202001,202005,202001,202005
2019-11-29,202001,202005,202001,202005
2019-12-02,202001,202005,202001,202005
2019-12-03,202001,202005,202001,202005
2019-12-04,202001,202005,202001,202005
2019-12-05,202001,202005,202001,202005
2019-12-06,202001,202005,202001,202005
2019-12-09,202001,202005,202001,202005
2019-12-10,202001,202005,202001,202005
2019-12-11,202001,202005,202001,202005
2019-12-12,202001,202005,202001,202005
2019-12-13,202005,202001,202001,202005
2019-12-16,202005,202001,202001,202005
2019-12-17,202005,202001,202001,202005
2019-12-18,202005,202001,202001,202005
2019-12-19,202005,202001,202001,202005
2019-12-20,202005,202001,202001,202005
2019-12-23,202005,202001,202001,202005
2019-12-24,202005,202001,202001,202005
2019-12-25,202005,202001,202001,202005
2019-12-26,202005,202001,202001,202005
2019-12-27,202005,202001,202001,202005
2019-12-30,202005,202001,202001,202005
2019-12-31,202005,202001,202001,202005
2020-01-02,202005,202010,202005,202010
2020-01-03,202005,202010,202005,202010
2020-01-06,202005,202010,202005,202010
2020-01-07,202005,202010,202005,202010
2020-01-08,202005,202010,202005,202010
2020-01-09,202005,202010,202005,202010
2020-01-10,202005,202010,202005,202010
2020-01-13,202005,202010,202005,202010
2020-01-14,202005,202010,202005,202010
2020-01-15,202005,202010,202005,202010
2020-01-16,202005,202010,202005,202010
2020-01-17,202005,202010,202005,202010
2020-01-20,202005,202010,202005,202010
2020-01-21,202005,202010,202005,202010
2020-01-22,202005,202010,202005,202010
2020-01-23,202005,202010,202005,202010
2020-02-03,202005,202010,202005,202010
2020-02-04,202005,202010,202005,202010
2020-02-05,202005,202010,202005,202010
2020-02-06,202005,202010,202005,202010
2020-02-07,202005,202010,202005,202010
2020-02-10,202005,202010,202005,202010
2020-02-11,202005,202010,202005,202010
2020-02-12,202005,202010,202005,202010
2020-02-13,202005,202010,202005,202010
2020-02-14,202005,202010,202005,202010
2020-02-17,202005,202010,202005,202010
2020-02-18,202005,202010,202005,202010
2020-02-19,202005,202010,202005,202010
2020-02-20,202005,202010,202005,202010
2020-02-21,202005,202010,202005,202010
2020-02-24,202005,202010,202005,202010
2020-02-25,202005,202010,202005,202010
2020-02-26,202005,202010,202005,202010
2020-02-27,202005,202010,202005,202010
2020-02-28,202005,202010,202005,202010
2020-03-02,202005,202010,202005,202010
2020-03-03,202005,202010,202005,202010
2020-03-04,202005,202010,202005,202010
2020-03-05,202005,202010,202005,202010
2020-03-06,202005,202010,202005,202010
2020-03-09,202005,202010,202005,202010
2020-03-10,202005,202010,202005,202010
2020-03-11,202005,202010,202005,202010
2020-03-12,202005,202010,202005,202010
2020-03-13,202005,202010,202005,202010
2020-03-16,202005,202010,202005,202010
2020-03-17,202005,202010,202005,202010
2020-03-18,202005,202010,202005,202010
2020-03-19,202005,202010,202005,202010
2020-03-20,202005,202010,202005,202010
2020-03-23,202005,202010,202005,202010
2020-03-24,202005,202010,202005,202010
2020-03-25,202005,202010,202005,202010
2020-03-26,202005,202010,202005,202010
2020-03-27,202010,202005,202005,202010
2020-03-30,202010,202005,202005,202010
2020-03-31,202010,202005,202005,202010
2020-04-01,202010,202005,202005,202010
2020-04-02,202010,202005,202005,202010
2020-04-03,202010,202005,202005,202010
2020-04-07,202010,202005,202005,202010
2020-04-08,202010,202005,202005,202010
2020-04-09,202010,202005,202005,202010
2020-04-10,202010,202005,202005,202010
2020-04-13,202010,202005,202005,202010
2020-04-14,202010,202005,202005,202010
2020-04-15,202010,202005,202005,202010
2020-04-16,202010,202005,202005,202010
2020-04-17,202010,202005,202005,202010
2020-04-20,202010,202005,202005,202010
2020-04-21,202010,202005,202005,202010
2020-04-22,202010,202005,202005,202010
2020-04-23,202010,202101,202010,202101
2020-04-24,202010,202101,202010,202101
2020-04-27,202010,202101,202010,202101
2020-04-28,202010,202101,202010,202101
2020-04-29,202010,202101,202010,202101
2020-04-30,202010,202101,202010,202101
2020-05-06,202010,202101,202010,202101
2020-05-07,202010,202101,202010,202101
2020-05-08,202010,202101,202010,202101
2020-05-11,202010,202101,202010,202101
2020-05-12,202010,202101,202010,202101
2020-05-13,202010,202101,202010,202101
2020-05-14,202010,202101,202010,202101
2020-05-15,202010,202101,202010,202101
2020-05-18,202010,202101,202010,202101
2020-05-19,202010,202101,202010,202101
2020-05-20,202010,202101,202010,202101
2020-05-21,202010,202101,202010,202101
2020-05-22,202010,202101,202010,202101
2020-05-25,202010,202101,202010,202101
2020-05-26,202010,202101,202010,202101
2020-05-27,202010,202101,202010,202101
2020-05-28,202010,202101,202010,202101
2020-05-29,202010,202101,202010,202101
2020-06-01,202010,202101,202010,202101
2020-06-02,202010,202101,202010,202101
2020-06-03,202010,202101,202010,202101
2020-06-04,202010,202101,202010,202101
2020-06-05,202010,202101,202010,202101
2020-06-08,202010,202101,202010,202101
2020-06-09,202010,202101,202010,202101
2020-06-10,202010,202101,202010,202101
2020-06-11,202010,202101,202010,202101
2020-06-12,202010,202101,202010,202101
2020-06-15,202010,202101,202010,202101
2020-06-16,202010,202101,202010,202101
2020-06-17,202010,202101,202010,202101
2020-06-18,202010,202101,202010,202101
2020-06-19,202010,202101,202010,202101
2020-06-22,202010,202101,202010,202101
2020-06-23,202010,202101,202010,202101
2020-06-24,202010,202101,202010,202101
2020-06-29,202010,202101,202010,202101
2020-06-30,202010,202101,202010,202101
2020-07-01,202010,202101,202010,202101
2020-07-02,202010,202101,202010,202101
2020-07-03,202010,202103,202010,202103
2020-07-06,202010,202103,202010,202103
2020-07-07,202010,202101,202010,202103
2020-07-08,202010,202101,202010,202101
2020-07-09,202010,202101,202010,202101
2020-07-10,202010,202101,202010,202101
2020-07-13,202010,202101,202010,202101
2020-07-14,202010,202101,202010,202101
2020-07-15,202010,202101,202010,202101
2020-07-16,202010,202101,202010,202101
2020-07-17,202010,202101,202010,202101
2020-07-20,202010,202101,202010,202101
2020-07-21,202010,202101,202010,202101
2020-07-22,202010,202101,202010,202101
2020-07-23,202010,202101,202010,202101
2020-07-24,202010,202101,202010,202101
2020-07-27,202010,202101,202010,202101
2020-07-28,202010,202101,202010,202101
2020-07-29,202010,202101,202010,202101
2020-07-30,202010,202101,202010,202101
2020-07-31,202010,202101,202010,202101
2020-08-03,202010,202101,202010,202101
2020-08-04,202010,202101,202010,202101
2020-08-05,202010,202101,202010,202101
2020-08-06,202010,202101,202010,202101
2020-08-07,202010,202101,202010,202101
2020-08-10,202010,202101,202010,202101
2020-08-11,202010,202101,202010,202101
2020-08-12,202010,202101,202010,202101
2020-08-13,202010,202101,202010,202101
2020-08-14,202010,202101,202010,202101
2020-08-17,202010,202101,202010,202101
2020-08-18,202010,202101,202010,202101
2020-08-19,202010,202101,202010,202101
2020-08-20,202010,202101,202010,202101
2020-08-21,202010,202101,202010,202101
2020-08-24,202010,202101,202010,202101
2020-08-25,202010,202101,202010,202101
2020-08-26,202010,202101,202010,202101
2020-08-27,202010,202101,202010,202101
2020-08-28,202010,202101,202010,202101
2020-08-31,202010,202101,202010,202101
2020-09-01,202010,202101,202010,202101
2020-09-02,202101,202010,202010,202101
2020-09-03,202101,202010,202010,202101
2020-09-04,202101,202010,202010,202101
2020-09-07,202101,202010,202010,202101
2020-09-08,202101,202010,202010,202101
2020-09-09,202101,202010,202010,202101
2020-09-10,202101,202010,202010,202101
2020-09-11,202101,202010,202010,202101
2020-09-14,202101,202010,202010,202101
2020-09-15,202101,202010,202010,202101
2020-09-16,202101,202010,202010,202101
2020-09-17,202101,202010,202010,202101
2020-09-18,202101,202010,202010,202101
2020-09-21,202101,202010,202010,202101
2020-09-22,202101,202010,202010,202101
2020-09-23,202101,202103,202101,202103
2020-09-24,202101,202103,202101,202103
2020-09-25,202101,202103,202101,202103
2020-09-28,202101,202103,202101,202103
2020-09-29,202101,202103,202101,202103
2020-09-30,202101,202103,202101,202103
2020-10-09,202101,202103,202101,202103
2020-10-12,202101,202105,202101,202105
2020-10-13,202101,202103,202101,202105
2020-10-14,202101,202103,202101,202103
2020-10-15,202101,202105,202101,202105
2020-10-16,202101,202105,202101,202105
2020-10-19,202101,202105,202101,202105
2020-10-20,202101,202105,202101,202105
2020-10-21,202101,202105,202101,202105
2020-10-22,202101,202105,202101,202105
2020-10-23,202101,202105,202101,202105
2020-10-26,202101,202105,202101,202105
2020-10-27,202101,202105,202101,202105
2020-10-28,202101,202105,202101,202105
2020-10-29,202101,202105,202101,202105
2020-10-30,202101,202105,202101,202105
2020-11-02,202101,202105,202101,202105
2020-11-03,202101,202105,202101,202105
2020-11-04,202101,202105,202101,202105
2020-11-05,202101,202105,202101,202105
2020-11-06,202101,202103,202101,202105
2020-11-09,202101,202105,202101,202105
2020-11-10,202101,202105,202101,202105
2020-11-11,202101,202105,202101,202105
2020-11-12,202101,202105,202101,202105
2020-11-13,202101,202105,202101,202105
2020-11-16,202101,202105,202101,202105
2020-11-17,202101,202105,202101,202105
2020-11-18,202101,202105,202101,202105
2020-11-19,202101,202105,202101,202105
2020-11-20,202101,202105,202101,202105
2020-11-23,202101,202105,202101,202105
2020-11-24,202101,202105,202101,202105
2020-11-25,202101,202105,202101,202105
2020-11-26,202101,202105,202101,202105
2020-11-27,202101,202105,202101,202105
2020-11-30,202101,202105,202101,202105
2020-12-01,202101,202105,202101,202105
2020-12-02,202101,202105,202101,202105
2020-12-03,202101,202105,202101,202105
2020-12-04,202101,202105,202101,202105
2020-12-07,202101,202105,202101,202105
2020-12-08,202105,202101,202101,202105
2020-12-09,202105,202101,202101,202105
2020-12-10,202105,202101,202101,202105
2020-12-11,202105,202101,202101,202105
2020-12-14,202105,202101,202101,202105
2020-12-15,202105,202101,202101,202105
2020-12-16,202105,202101,202101,202105
2020-12-17,202105,202101,202101,202105
2020-12-18,202105,202101,202101,202105
2020-12-21,202105,202101,202101,202105
2020-12-22,202105,202101,202101,202105
2020-12-23,202105,202101,202101,202105
2020-12-24,202105,202103,202103,202105
2020-12-25,202105,202103,202103,202105
2020-12-28,202105,202103,202103,202105
2020-12-29,202105,202103,202103,202105
2020-12-30,202105,202110,202105,202110
2020-12-31,202105,202103,202105,202110
2021-01-04,202105,202110,202105,202110
2021-01-05,202105,202110,202105,202110
2021-01-06,202105,202110,202105,202110
2021-01-07,202105,202110,202105,202110
2021-01-08,202105,202110,202105,202110
2021-01-11,202105,202110,202105,202110
2021-01-12,202105,202110,202105,202110
2021-01-13,202105,202106,202105,202110
2021-01-14,202105,202106,202105,202106
2021-01-15,202105,202106,202105,202106
2021-01-18,202105,202106,202105,202106
2021-01-19,202105,202106,202105,202106
2021-01-20,202105,202106,202105,202106
2021-01-21,202105,202110,202105,202110
2021-01-22,202105,202110,202105,202110
2021-01-25,202105,202110,202105,202110
2021-01-26,202105,202110,202105,202110
2021-01-27,202105,202110,202105,202110
2021-01-28,202105,202110,202105,202110
2021-01-29,202105,202110,202105,202110
2021-02-01,202105,202110,202105,202110
2021-02-02,202105,202110,202105,202110
2021-02-03,202105,202110,202105,202110
2021-02-04,202105,202110,202105,202110
2021-02-05,202105,202110,202105,202110
2021-02-08,202105,202110,202105,202110
2021-02-09,202105,202110,202105,202110
2021-02-10,202105,202110,202105,202110
2021-02-18,202105,202110,202105,202110
2021-02-19,202105,202110,202105,202110
2021-02-22,202105,202110,202105,202110
2021-02-23,202105,202110,202105,202110
2021-02-24,202105,202110,202105,202110
2021-02-25,202105,202110,202105,202110
2021-02-26,202105,202110,202105,202110
2021-03-01,202105,202110,202105,202110
2021-03-02,202105,202110,202105,202110
2021-03-03,202105,202110,202105,202110
2021-03-04,202105,202110,202105,202110
2021-03-05,202105,202110,202105,202110
2021-03-08,202105,202110,202105,202110
2021-03-09,202105,202110,202105,202110
2021-03-10,202105,202110,202105,202110
2021-03-11,202105,202110,202105,202110
2021-03-12,202105,202110,202105,202110
2021-03-15,202105,202110,202105,202110
2021-03-16,202105,202110,202105,202110
2021-03-17,202105,202110,202105,202110
2021-03-18,202105,202110,202105,202110
2021-03-19,202105,202110,202105,202110
2021-03-22,202105,202110,202105,202110
2021-03-23,202105,202110,202105,202110
2021-03-24,202105,202110,202105,202110
2021-03-25,202105,202110,202105,202110
2021-03-26,202105,202110,202105,202110
2021-03-29,202105,202110,202105,202110
2021-03-30,202105,202110,202105,202110
2021-03-31,202105,202110,202105,202110
2021-04-01,202105,202110,202105,202110
2021-04-02,202105,202110,202105,202110
2021-04-06,202105,202110,202105,202110
2021-04-07,202105,202110,202105,202110
2021-04-08,202105,202110,202105,202110
2021-04-09,202110,202105,202105,202110
2021-04-12,202110,202105,202105,202110
2021-04-13,202110,202105,202105,202110
2021-04-14,202110,202105,202105,202110
2021-04-15,202110,202105,202105,202110
2021-04-16,202110,202105,202105,202110
2021-04-19,202110,202105,202105,202110
2021-04-20,202110,202105,202105,202110
2021-04-21,202110,202105,202105,202110
2021-04-22,202110,202105,202105,202110
2021-04-23,202110,202105,202105,202110
2021-04-26,202110,202105,202105,202110
2021-04-27,202110,202105,202105,202110
2021-04-28,202110,202201,202110,202201
2021-04-29,202110,202201,202110,202201
2021-04-30,202110,202201,202110,202201
2021-05-06,202110,202201,202110,202201
2021-05-07,202110,202201,202110,202201
2021-05-10,202110,202201,202110,202201
2021-05-11,202110,202201,202110,202201
2021-05-12,202110,202201,202110,202201
2021-05-13,202110,202201,202110,202201
2021-05-14,202110,202201,202110,202201
2021-05-17,202110,202201,202110,202201
2021-05-18,202110,202201,202110,202201
2021-05-19,202110,202201,202110,202201
2021-05-20,202110,202201,202110,202201
2021-05-21,202110,202201,202110,202201
2021-05-24,202110,202201,202110,202201
2021-05-25,202110,202201,202110,202201
2021-05-26,202110,202201,202110,202201
2021-05-27,202110,202201,202110,202201
2021-05-28,202110,202201,202110,202201
2021-05-31,202110,202201,202110,202201
2021-06-01,202110,202201,202110,202201
2021-06-02,202110,202201,202110,202201
2021-06-03,202110,202201,202110,202201
2021-06-04,202110,202201,202110,202201
2021-06-07,202110,202201,202110,202201
2021-06-08,202110,202201,202110,202201
2021-06-09,202110,202201,202110,202201
2021-06-10,202110,202201,202110,202201
2021-06-11,202110,202201,202110,202201
2021-06-15,202110,202201,202110,202201
2021-06-16,202110,202201,202110,202201
2021-06-17,202110,202201,202110,202201
2021-06-18,202110,202201,202110,202201
2021-06-21,202110,202201,202110,202201
2021-06-22,202110,202201,202110,202201
2021-06-23,202110,202201,202110,202201
2021-06-24,202110,202201,202110,202201
2021-06-25,202110,202201,202110,202201
2021-06-28,202110,202201,202110,202201
2021-06-29,202110,202201,202110,202201
2021-06-30,202110,202201,202110,202201
2021-07-01,202110,202201,202110,202201
2021-07-02,202110,202201,202110,202201
2021-07-05,202110,202201,202110,202201
2021-07-06,202110,202201,202110,202201
2021-07-07,202110,202201,202110,202201
2021-07-08,202110,202201,202110,202201
2021-07-09,202110,202201,202110,202201
2021-07-12,202110,202201,202110,202201
2021-07-13,202110,202201,202110,202201
2021-07-14,202110,202201,202110,202201
2021-07-15,202110,202201,202110,202201
2021-07-16,202110,202201,202110,202201
2021-07-19,202110,202201,202110,202201
2021-07-20,202110,202201,202110,202201
2021-07-21,202110,202201,202110,202201
2021-07-22,202110,202201,202110,202201
2021-07-23,202110,202201,202110,202201
2021-07-26,202110,202201,202110,202201
2021-07-27,202110,202201,202110,202201
2021-07-28,202110,202201,202110,202201
2021-07-29,202110,202201,202110,202201
2021-07-30,202110,202201,202110,202201
2021-08-02,202110,202201,202110,202201
2021-08-03,202110,202201,202110,202201
2021-08-04,202110,202201,202110,202201
2021-08-05,202110,202201,202110,202201
2021-08-06,202110,202201,202110,202201
2021-08-09,202110,202201,202110,202201
2021-08-10,202110,202201,202110,202201
2021-08-11,202110,202201,202110,202201
2021-08-12,202110,202201,202110,202201
2021-08-13,202110,202201,202110,202201
2021-08-16,202201,202110,202110,202201
2021-08-17,202201,202110,202110,202201
2021-08-18,202201,202110,202110,202201
2021-08-19,202201,202110,202110,202201
2021-08-20,202201,202110,202110,202201
2021-08-23,202201,202110,202110,202201
2021-08-24,202201,202110,202110,202201
2021-08-25,202201,202110,202110,202201
2021-08-26,202201,202110,202110,202201
2021-08-27,202201,202110,202110,202201
2021-08-30,202201,202110,202110,202201
2021-08-31,202201,202110,202110,202201
2021-09-01,202201,202110,202110,202201
2021-09-02,202201,202110,202110,202201
2021-09-03,202201,202110,202110,202201
2021-09-06,202201,202110,202110,202201
2021-09-07,202201,202110,202110,202201
2021-09-08,202201,202110,202110,202201
2021-09-09,202201,202110,202110,202201
2021-09-10,202201,202110,202110,202201
2021-09-13,202201,202110,202110,202201
2021-09-14,202201,202110,202110,202201
2021-09-15,202201,202112,202112,202201
2021-09-16,202201,202112,202112,202201
2021-09-17,202201,202112,202112,202201
2021-09-22,202201,202205,202201,202205
2021-09-23,202201,202205,202201,202205
2021-09-24,202201,202205,202201,202205
2021-09-27,202201,202205,202201,202205
2021-09-28,202201,202205,202201,202205
2021-09-29,202201,202205,202201,202205
2021-09-30,202201,202202,202201,202205
2021-10-08,202201,202202,202201,202202
2021-10-11,202201,202202,202201,202202
2021-10-12,202201,202202,202201,202202
2021-10-13,202201,202205,202201,202205
2021-10-14,202201,202205,202201,202205
2021-10-15,202201,202205,202201,202205
2021-10-18,202201,202205,202201,202205
2021-10-19,202201,202205,202201,202205
2021-10-20,202201,202205,202201,202205
2021-10-21,202201,202205,202201,202205
2021-10-22,202201,202205,202201,202205
2021-10-25,202201,202205,202201,202205
2021-10-26,202201,202205,202201,202205
2021-10-27,202201,202205,202201,202205
2021-10-28,202201,202205,202201,202205
2021-10-29,202201,202205,202201,202205
2021-11-01,202201,202205,202201,202205
2021-11-02,202201,202205,202201,202205
2021-11-03,202201,202205,202201,202205
2021-11-04,202201,202205,202201,202205
2021-11-05,202201,202205,202201,202205
2021-11-08,202201,202205,202201,202205
2021-11-09,202201,202205,202201,202205
2021-11-10,202201,202205,202201,202205
2021-11-11,202201,202205,202201,202205
2021-11-12,202201,202205,202201,202205
2021-11-15,202201,202205,202201,202205
2021-11-16,202201,202205,202201,202205
2021-11-17,202201,202205,202201,202205
2021-11-18,202201,202205,202201,202205
2021-11-19,202201,202205,202201,202205
2021-11-22,202201,202205,202201,202205
2021-11-23,202201,202205,202201,202205
2021-11-24,202201,202205,202201,202205
2021-11-25,202201,202205,202201,202205
2021-11-26,202201,202205,202201,202205
2021-11-29,202201,202205,202201,202205
2021-11-30,202201,202205,202201,202205
2021-12-01,202201,202205,202201,202205
2021-12-02,202205,202201,202201,202205
2021-12-03,202205,202201,202201,202205
2021-12-06,202205,202201,202201,202205
2021-12-07,202205,202201,202201,202205
2021-12-08,202205,202201,202201,202205
2021-12-09,202205,202201,202201,202205
2021-12-10,202205,202201,202201,202205
2021-12-13,202205,202201,202201,202205
2021-12-14,202205,202201,202201,202205
2021-12-15,202205,202201,202201,202205
2021-12-16,202205,202201,202201,202205
2021-12-17,202205,202201,202201,202205
2021-12-20,202205,202201,202201,202205
2021-12-21,202205,202201,202201,202205
2021-12-22,202205,202201,202201,202205
2021-12-23,202205,202201,202201,202205
2021-12-24,202205,202201,202201,202205
2021-12-27,202205,202201,202201,202205
2021-12-28,202205,202201,202201,202205
2021-12-29,202205,202210,202205,202210
2021-12-30,202205,202210,202205,202210
2021-12-31,202205,202210,202205,202210
2022-01-04,202205,202204,202205,202210
2022-01-05,202205,202210,202205,202210
2022-01-06,202205,202210,202205,202210
2022-01-07,202205,202210,202205,202210
2022-01-10,202205,202210,202205,202210
2022-01-11,202205,202210,202205,202210
2022-01-12,202205,202210,202205,202210
2022-01-13,202205,202210,202205,202210
2022-01-14,202205,202210,202205,202210
2022-01-17,202205,202210,202205,202210
2022-01-18,202205,202210,202205,202210
2022-01-19,202205,202210,202205,202210
2022-01-20,202205,202210,202205,202210
2022-01-21,202205,202210,202205,202210
2022-01-24,202205,202210,202205,202210
2022-01-25,202205,202210,202205,202210
2022-01-26,202205,202204,202205,202210
2022-01-27,202205,202210,202205,202210
2022-01-28,202205,202210,202205,202210
2022-02-07,202205,202210,202205,202210
2022-02-08,202205,202210,202205,202210
2022-02-09,202205,202210,202205,202210
2022-02-10,202205,202210,202205,202210
2022-02-11,202205,202210,202205,202210
2022-02-14,202205,202210,202205,202210
2022-02-15,202205,202210,202205,202210
2022-02-16,202205,202210,202205,202210
2022-02-17,202205,202210,202205,202210
2022-02-18,202205,202210,202205,202210
2022-02-21,202205,202210,202205,202210
2022-02-22,202205,202210,202205,202210
2022-02-23,202205,202210,202205,202210
2022-02-24,202205,202210,202205,202210
2022-02-25,202205,202210,202205,202210
2022-02-28,202205,202210,202205,202210
2022-03-01,202205,202210,202205,202210
2022-03-02,202205,202210,202205,202210
2022-03-03,202205,202210,202205,202210
2022-03-04,202205,202210,202205,202210
2022-03-07,202205,202210,202205,202210
2022-03-08,202205,202210,202205,202210
2022-03-09,202205,202210,202205,202210
2022-03-10,202205,202210,202205,202210
2022-03-11,202205,202210,202205,202210
2022-03-14,202205,202210,202205,202210
2022-03-15,202205,202210,202205,202210
2022-03-16,202205,202210,202205,202210
2022-03-17,202205,202210,202205,202210
2022-03-18,202205,202210,202205,202210
2022-03-21,202205,202210,202205,202210
2022-03-22,202205,202210,202205,202210
2022-03-23,202205,202210,202205,202210
2022-03-24,202205,202210,202205,202210
2022-03-25,202205,202210,202205,202210
2022-03-28,202205,202210,202205,202210
2022-03-29,202205,202210,202205,202210
2022-03-30,202210,202205,202205,202210
2022-03-31,202210,202205,202205,202210
2022-04-01,202210,202205,202205,202210
2022-04-06,202210,202205,202205,202210
2022-04-07,202210,202205,202205,202210
2022-04-08,202210,202205,202205,202210
2022-04-11,202210,202205,202205,202210
2022-04-12,202210,202205,202205,202210
2022-04-13,202210,202205,202205,202210
2022-04-14,202210,202205,202205,202210
2022-04-15,202210,202205,202205,202210
2022-04-18,202210,202205,202205,202210
2022-04-19,202210,202205,202205,202210
2022-04-20,202210,202205,202205,202210
2022-04-21,202210,202205,202205,202210
2022-04-22,202210,202205,202205,202210
2022-04-25,202210,202205,202205,202210
2022-04-26,202210,202209,202209,202210
2022-04-27,202210,202209,202209,202210
2022-04-28,202210,202211,202210,202211
2022-04-29,202210,202211,202210,202211
2022-05-05,202210,202209,202210,202211
2022-05-06,202210,202209,202209,202210
2022-05-09,202210,202211,202210,202211
2022-05-10,202210,202209,202210,202211
2022-05-11,202210,202211,202210,202211
2022-05-12,202210,202209,202210,202211
2022-05-13,202210,202211,202210,202211
2022-05-16,202210,202209,202210,202211
2022-05-17,202210,202209,202209,202210
2022-05-18,202210,202211,202210,202211
2022-05-19,202210,202209,202210,202211
2022-05-20,202210,202211,202210,202211
2022-05-23,202210,202211,202210,202211
2022-05-24,202210,202209,202210,202211
2022-05-25,202210,202211,202210,202211
2022-05-26,202210,202209,202210,202211
2022-05-27,202210,202211,202210,202211
2022-05-30,202210,202211,202210,202211
2022-05-31,202210,202211,202210,202211
2022-06-01,202210,202211,202210,202211
2022-06-02,202210,202211,202210,202211
2022-06-06,202210,202209,202210,202211
2022-06-07,202210,202211,202210,202211
2022-06-08,202210,202211,202210,202211
2022-06-09,202210,202211,202210,202211
2022-06-10,202210,202211,202210,202211
2022-06-13,202210,202211,202210,202211
2022-06-14,202210,202211,202210,202211
2022-06-15,202210,202211,202210,202211
2022-06-16,202210,202211,202210,202211
2022-06-17,202210,202211,202210,202211
2022-06-20,202210,202211,202210,202211
2022-06-21,202210,202211,202210,202211
2022-06-22,202210,202211,202210,202211
2022-06-23,202210,202301,202210,202301
2022-06-24,202210,202211,202210,202301
2022-06-27,202210,202211,202210,202211
2022-06-28,202210,202211,202210,202211
2022-06-29,202210,202211,202210,202211
2022-06-30,202210,202211,202210,202211
2022-07-01,202210,202211,202210,202211
2022-07-04,202210,202211,202210,202211
2022-07-05,202210,202211,202210,202211
2022-07-06,202210,202211,202210,202211
2022-07-07,202210,202211,202210,202211
2022-07-08,202210,202301,202210,202301
2022-07-11,202210,202301,202210,202301
2022-07-12,202210,202301,202210,202301
2022-07-13,202210,202301,202210,202301
2022-07-14,202210,202301,202210,202301
2022-07-15,202210,202301,202210,202301
2022-07-18,202210,202301,202210,202301
2022-07-19,202210,202301,202210,202301
2022-07-20,202210,202301,202210,202301
2022-07-21,202210,202301,202210,202301
2022-07-22,202210,202301,202210,202301
2022-07-25,202210,202301,202210,202301
2022-07-26,202210,202301,202210,202301
2022-07-27,202210,202301,202210,202301
2022-07-28,202210,202301,202210,202301
2022-07-29,202210,202301,202210,202301
2022-08-01,202210,202301,202210,202301
2022-08-02,202210,202301,202210,202301
2022-08-03,202210,202301,202210,202301
2022-08-04,202210,202301,202210,202301
2022-08-05,202210,202301,202210,202301
2022-08-08,202210,202301,202210,202301
2022-08-09,202210,202301,202210,202301
2022-08-10,202210,202301,202210,202301
2022-08-11,202210,202301,202210,202301
2022-08-12,202210,202301,202210,202301
2022-08-15,202210,202301,202210,202301
2022-08-16,202210,202301,202210,202301
2022-08-17,202210,202301,202210,202301
2022-08-18,202210,202301,202210,202301
2022-08-19,202210,202301,202210,202301
2022-08-22,202210,202301,202210,202301
2022-08-23,202210,202301,202210,202301
2022-08-24,202210,202301,202210,202301
2022-08-25,202210,202301,202210,202301
2022-08-26,202210,202301,202210,202301
2022-08-29,202210,202301,202210,202301
2022-08-30,202210,202301,202210,202301
2022-08-31,202301,202210,202210,202301
2022-09-01,202301,202210,202210,202301
2022-09-02,202301,202210,202210,202301
2022-09-05,202301,202210,202210,202301
2022-09-06,202301,202210,202210,202301
2022-09-07,202301,202210,202210,202301
2022-09-08,202301,202210,202210,202301
2022-09-09,202301,202210,202210,202301
2022-09-13,202301,202210,202210,202301
2022-09-14,202301,202210,202210,202301
2022-09-15,202301,202210,202210,202301
2022-09-16,202301,202210,202210,202301
2022-09-19,202301,202210,202210,202301
2022-09-20,202301,202210,202210,202301
2022-09-21,202301,202210,202210,202301
2022-09-22,202301,202210,202210,202301
2022-09-23,202301,202210,202210,202301
2022-09-26,202301,202210,202210,202301
2022-09-27,202301,202210,202210,202301
2022-09-28,202301,202210,202210,202301
2022-09-29,202301,202303,202301,202303
2022-09-30,202301,202303,202301,202303
2022-10-10,202301,202303,202301,202303
2022-10-11,202301,202303,202301,202303
2022-10-12,202301,202303,202301,202303
2022-10-13,202301,202305,202301,202305
2022-10-14,202301,202303,202301,202305
2022-10-17,202301,202303,202301,202303
2022-10-18,202301,202305,202301,202305
2022-10-19,202301,202305,202301,202305
2022-10-20,202301,202305,202301,202305
2022-10-21,202301,202305,202301,202305
2022-10-24,202301,202302,202301,202305
2022-10-25,202301,202302,202301,202302
2022-10-26,202301,202305,202301,202305
2022-10-27,202301,202302,202301,202305
2022-10-28,202301,202302,202301,202302
2022-10-31,202301,202302,202301,202302
2022-11-01,202301,202305,202301,202305
2022-11-02,202301,202305,202301,202305
2022-11-03,202301,202305,202301,202305
2022-11-04,202301,202305,202301,202305
2022-11-07,202301,202305,202301,202305
2022-11-08,202301,202305,202301,202305
2022-11-09,202301,202305,202301,202305
2022-11-10,202301,202305,202301,202305
2022-11-11,202301,202305,202301,202305
2022-11-14,202301,202305,202301,202305
2022-11-15,202301,202305,202301,202305
2022-11-16,202301,202305,202301,202305
2022-11-17,202301,202305,202301,202305
2022-11-18,202301,202305,202301,202305
2022-11-21,202301,202305,202301,202305
2022-11-22,202301,202305,202301,202305
2022-11-23,202301,202305,202301,202305
2022-11-24,202301,202305,202301,202305
2022-11-25,202301,202305,202301,202305
2022-11-28,202301,202305,202301,202305
2022-11-29,202301,202305,202301,202305
2022-11-30,202301,202305,202301,202305
2022-12-01,202301,202305,202301,202305
2022-12-02,202301,202305,202301,202305
2022-12-05,202305,202301,202301,202305
2022-12-06,202305,202301,202301,202305
2022-12-07,202305,202301,202301,202305
2022-12-08,202305,202301,202301,202305
2022-12-09,202305,202301,202301,202305
2022-12-12,202305,202301,202301,202305
2022-12-13,202305,202301,202301,202305
2022-12-14,202305,202301,202301,202305
2022-12-15,202305,202301,202301,202305
2022-12-16,202305,202301,202301,202305
2022-12-19,202305,202301,202301,202305
2022-12-20,202305,202301,202301,202305
2022-12-21,202305,202301,202301,202305
2022-12-22,202305,202301,202301,202305
2022-12-23,202305,202301,202301,202305
2022-12-26,202305,202301,202301,202305
2022-12-27,202305,202301,202301,202305
2022-12-28,202305,202307,202305,202307
2022-12-29,202305,202307,202305,202307
2022-12-30,202305,202307,202305,202307
2023-01-03,202305,202307,202305,202307
2023-01-04,202305,202307,202305,202307
2023-01-05,202305,202307,202305,202307
2023-01-06,202305,202307,202305,202307
2023-01-09,202305,202307,202305,202307
2023-01-10,202305,202307,202305,202307
2023-01-11,202305,202307,202305,202307
2023-01-12,202305,202307,202305,202307
2023-01-13,202305,202307,202305,202307
2023-01-16,202305,202307,202305,202307
2023-01-17,202305,202307,202305,202307
2023-01-18,202305,202307,202305,202307
2023-01-19,202305,202307,202305,202307
2023-01-20,202305,202307,202305,202307
2023-01-30,202305,202307,202305,202307
2023-01-31,202305,202307,202305,202307
2023-02-01,202305,202307,202305,202307
2023-02-02,202305,202307,202305,202307
2023-02-03,202305,202307,202305,202307
2023-02-06,202305,202307,202305,202307
2023-02-07,202305,202307,202305,202307
2023-02-08,202305,202306,202305,202307
2023-02-09,202305,202306,202305,202306
2023-02-10,202305,202306,202305,202306
2023-02-13,202305,202306,202305,202306
2023-02-14,202305,202306,202305,202306
2023-02-15,202305,202306,202305,202306
2023-02-16,202305,202306,202305,202306
2023-02-17,202305,202306,202305,202306
2023-02-20,202305,202306,202305,202306
2023-02-21,202305,202306,202305,202306
2023-02-22,202305,202306,202305,202306
2023-02-23,202305,202306,202305,202306
2023-02-24,202305,202306,202305,202306
2023-02-27,202305,202306,202305,202306
2023-02-28,202305,202307,202305,202307
2023-03-01,202305,202307,202305,202307
2023-03-02,202305,202307,202305,202307
2023-03-03,202305,202310,202305,202310
2023-03-06,202305,202310,202305,202310
2023-03-07,202305,202307,202305,202310
2023-03-08,202305,202307,202305,202307
2023-03-09,202305,202310,202305,202310
2023-03-10,202305,202310,202305,202310
2023-03-13,202305,202310,202305,202310
2023-03-14,202305,202310,202305,202310
2023-03-15,202305,202310,202305,202310
2023-03-16,202305,202310,202305,202310
2023-03-17,202305,202310,202305,202310
2023-03-20,202305,202310,202305,202310
2023-03-21,202305,202310,202305,202310
2023-03-22,202305,202310,202305,202310
2023-03-23,202305,202310,202305,202310
2023-03-24,202305,202310,202305,202310
2023-03-27,202305,202310,202305,202310
2023-03-28,202305,202310,202305,202310
2023-03-29,202305,202310,202305,202310
2023-03-30,202305,202310,202305,202310
2023-03-31,202305,202310,202305,202310
2023-04-03,202305,202310,202305,202310
2023-04-04,202310,202305,202305,202310
2023-04-06,202310,202305,202305,202310
2023-04-07,202310,202305,202305,202310
2023-04-10,202310,202305,202305,202310
2023-04-11,202310,202305,202305,202310
2023-04-12,202310,202305,202305,202310
2023-04-13,202310,202305,202305,202310
2023-04-14,202310,202305,202305,202310
2023-04-17,202310,202305,202305,202310
2023-04-18,202310,202305,202305,202310
2023-04-19,202310,202305,202305,202310
2023-04-20,202310,202305,202305,202310
2023-04-21,202310,202305,202305,202310
2023-04-24,202310,202305,202305,202310
2023-04-25,202310,202308,202308,202310
2023-04-26,202310,202308,202308,202310
2023-04-27,202310,202305,202305,202310
2023-04-28,202310,202311,202310,202311
2023-05-04,202310,202311,202310,202311
2023-05-05,202310,202311,202310,202311
2023-05-08,202310,202311,202310,202311
2023-05-09,202310,202311,202310,202311
2023-05-10,202310,202311,202310,202311
2023-05-11,202310,202311,202310,202311
2023-05-12,202310,202311,202310,202311
2023-05-15,202310,202311,202310,202311
2023-05-16,202310,202311,202310,202311
2023-05-17,202310,202311,202310,202311
2023-05-18,202310,202311,202310,202311
2023-05-19,202310,202311,202310,202311
2023-05-22,202310,202311,202310,202311
2023-05-23,202310,202311,202310,202311
2023-05-24,202310,202311,202310,202311
2023-05-25,202310,202311,202310,202311
2023-05-26,202310,202311,202310,202311
2023-05-29,202310,202311,202310,202311
2023-05-30,202310,202311,202310,202311
2023-05-31,202310,202311,202310,202311
2023-06-01,202310,202311,202310,202311
2023-06-02,202310,202311,202310,202311
2023-06-05,202310,202311,202310,202311
2023-06-06,202310,202311,202310,202311
2023-06-07,202310,202311,202310,202311
2023-06-08,202310,202311,202310,202311
2023-06-09,202310,202311,202310,202311
2023-06-12,202310,202311,202310,202311
2023-06-13,202310,202311,202310,202311
2023-06-14,202310,202311,202310,202311
2023-06-15,202310,202311,202310,202311
2023-06-16,202310,202311,202310,202311
2023-06-19,202310,202311,202310,202311
2023-06-20,202310,202311,202310,202311
2023-06-21,202310,202311,202310,202311
2023-06-26,202310,202311,202310,202311
2023-06-27,202310,202311,202310,202311
2023-06-28,202310,202311,202310,202311
2023-06-29,202310,202311,202310,202311
2023-06-30,202310,202311,202310,202311
2023-07-03,202310,202311,202310,202311
2023-07-04,202310,202311,202310,202311
2023-07-05,202310,202311,202310,202311
2023-07-06,202310,202311,202310,202311
2023-07-07,202310,202311,202310,202311
2023-07-10,202310,202311,202310,202311
2023-07-11,202310,202311,202310,202311
2023-07-12,202310,202311,202310,202311
2023-07-13,202310,202311,202310,202311
2023-07-14,202310,202311,202310,202311
2023-07-17,202310,202311,202310,202311
2023-07-18,202310,202311,202310,202311
2023-07-19,202310,202311,202310,202311
2023-07-20,202310,202311,202310,202311
2023-07-21,202310,202401,202310,202401
2023-07-24,202310,202401,202310,202401
2023-07-25,202310,202401,202310,202401
2023-07-26,202310,202401,202310,202401
2023-07-27,202310,202401,202310,202401
2023-07-28,202310,202401,202310,202401
2023-07-31,202310,202401,202310,202401
2023-08-01,202310,202401,202310,202401
2023-08-02,202310,202401,202310,202401
2023-08-03,202310,202401,202310,202401
2023-08-04,202310,202401,202310,202401
2023-08-07,202310,202401,202310,202401
2023-08-08,202310,202401,202310,202401
2023-08-09,202310,202401,202310,202401
2023-08-10,202310,202401,202310,202401
2023-08-11,202310,202401,202310,202401
2023-08-14,202310,202401,202310,202401
2023-08-15,202310,202401,202310,202401
2023-08-16,202310,202401,202310,202401
2023-08-17,202310,202401,202310,202401
2023-08-18,202310,202401,202310,202401
2023-08-21,202310,202401,202310,202401
2023-08-22,202310,202401,202310,202401
2023-08-23,202310,202401,202310,202401
2023-08-24,202310,202401,202310,202401
2023-08-25,202310,202401,202310,202401
2023-08-28,202310,202401,202310,202401
2023-08-29,202310,202401,202310,202401
2023-08-30,202401,202310,202310,202401
2023-08-31,202401,202310,202310,202401
2023-09-01,202401,202310,202310,202401
2023-09-04,202401,202310,202310,202401
2023-09-05,202401,202310,202310,202401
2023-09-06,202401,202310,202310,202401
2023-09-07,202401,202310,202310,202401
2023-09-08,202401,202310,202310,202401
2023-09-11,202401,202310,202310,202401
2023-09-12,202401,202310,202310,202401
2023-09-13,202401,202310,202310,202401
2023-09-14,202401,202310,202310,202401
2023-09-15,202401,202310,202310,202401
2023-09-18,202401,202310,202310,202401
2023-09-19,202401,202310,202310,202401
2023-09-20,202401,202311,202311,202401
2023-09-21,202401,202310,202310,202401
2023-09-22,202401,202311,202311,202401
2023-09-25,202401,202311,202311,202401
2023-09-26,202401,202311,202311,202401
2023-09-27,202401,202403,202401,202403
2023-09-28,202401,202403,202401,202403
2023-10-09,202401,202403,202401,202403
2023-10-10,202401,202403,202401,202403
2023-10-11,202401,202403,202401,202403
2023-10-12,202401,202403,202401,202403
2023-10-13,202401,202403,202401,202403
2023-10-16,202401,202403,202401,202403
2023-10-17,202401,202403,202401,202403
2023-10-18,202401,202403,202401,202403
2023-10-19,202401,202403,202401,202403
2023-10-20,202401,202403,202401,202403
2023-10-23,202401,202403,202401,202403
2023-10-24,202401,202403,202401,202403
2023-10-25,202401,202403,202401,202403
2023-10-26,202401,202403,202401,202403
2023-10-27,202401,202403,202401,202403
2023-10-30,202401,202403,202401,202403
2023-10-31,202401,202403,202401,202403
2023-11-01,202401,202403,202401,202403
2023-11-02,202401,202403,202401,202403
2023-11-03,202401,202405,202401,202405
2023-11-06,202401,202405,202401,202405
2023-11-07,202401,202405,202401,202405
2023-11-08,202401,202405,202401,202405
2023-11-09,202401,202405,202401,202405
2023-11-10,202401,202405,202401,202405
2023-11-13,202401,202405,202401,202405
2023-11-14,202401,202405,202401,202405
2023-11-15,202401,202405,202401,202405
2023-11-16,202401,202405,202401,202405
2023-11-17,202401,202405,202401,202405
2023-11-20,202401,202405,202401,202405
2023-11-21,202401,202405,202401,202405
2023-11-22,202401,202405,202401,202405
2023-11-23,202401,202405,202401,202405
2023-11-24,202401,202405,202401,202405
2023-11-27,202401,202405,202401,202405
2023-11-28,202401,202405,202401,202405
2023-11-29,202401,202405,202401,202405
2023-11-30,202401,202405,202401,202405
2023-12-01,202405,202401,202401,202405
2023-12-04,202405,202401,202401,202405
2023-12-05,202405,202401,202401,202405
2023-12-06,202405,202401,202401,202405
2023-12-07,202405,202401,202401,202405
2023-12-08,202405,202401,202401,202405
2023-12-11,202405,202401,202401,202405
2023-12-12,202405,202401,202401,202405
2023-12-13,202405,202401,202401,202405
2023-12-14,202405,202401,202401,202405
2023-12-15,202405,202401,202401,202405
2023-12-18,202405,202401,202401,202405
2023-12-19,202405,202401,202401,202405
2023-12-20,202405,202401,202401,202405
2023-12-21,202405,202401,202401,202405
2023-12-22,202405,202401,202401,202405
2023-12-25,202405,202401,202401,202405
2023-12-26,202405,202401,202401,202405
2023-12-27,202405,202401,202401,202405
2023-12-28,202405,202401,202401,202405
2023-12-29,202405,202401,202401,202405
2024-01-16,202501,202307,202307,202501
2024-01-17,202501,202307,202307,202501
2024-01-18,202501,202307,202307,202501
2024-01-19,202501,202307,202307,202501
2024-01-22,202501,202307,202307,202501
2024-01-23,202501,202307,202307,202501
2024-01-24,202501,202307,202307,202501
2024-01-25,202501,202307,202307,202501
2024-01-26,202501,202307,202307,202501
2024-01-29,202501,202502,202501,202502
2024-01-30,202501,202502,202501,202502
2024-01-31,202501,202502,202501,202502
2024-02-01,202501,202502,202501,202502
2024-02-02,202501,202502,202501,202502
2024-02-05,202501,202502,202501,202502
2024-02-06,202501,202502,202501,202502
2024-02-07,202501,202502,202501,202502
2024-02-08,202501,202502,202501,202502
2024-02-19,202501,202502,202501,202502
2024-02-20,202501,202502,202501,202502
2024-02-21,202501,202502,202501,202502
2024-02-22,202501,202502,202501,202502
2024-02-23,202501,202502,202501,202502
2024-02-26,202501,202502,202501,202502
2024-02-27,202501,202502,202501,202502
2024-02-28,202501,202502,202501,202502
2024-02-29,202501,202502,202501,202502
2024-03-01,202501,202502,202501,202502
2024-03-04,202501,202502,202501,202502
2024-03-05,202501,202502,202501,202502
2024-03-06,202501,202502,202501,202502
2024-03-07,202501,202502,202501,202502
2024-03-08,202501,202502,202501,202502
2024-03-11,202501,202502,202501,202502
2024-03-12,202501,202502,202501,202502
2024-03-13,202501,202502,202501,202502
2024-03-14,202501,202502,202501,202502
2024-03-15,202501,202502,202501,202502
2024-03-18,202501,202502,202501,202502
2024-03-19,202501,202502,202501,202502
2024-03-20,202501,202503,202501,202503
2024-03-21,202501,202502,202501,202503
2024-03-22,202501,202502,202501,202502
2024-03-25,202501,202502,202501,202502
2024-03-26,202501,202503,202501,202503
2024-03-27,202501,202503,202501,202503
2024-03-28,202501,202503,202501,202503
2024-03-29,202501,202503,202501,202503
2024-04-01,202501,202503,202501,202503
2024-04-02,202501,202503,202501,202503
2024-04-03,202501,202503,202501,202503
2024-04-08,202501,202502,202501,202503
2024-04-09,202501,202502,202501,202502
2024-04-10,202501,202503,202501,202503
2024-04-11,202501,202502,202501,202503
2024-04-12,202501,202503,202501,202503
2024-04-15,202501,202503,202501,202503
2024-04-16,202501,202503,202501,202503
2024-04-17,202501,202502,202501,202503
2024-04-18,202501,202503,202501,202503
2024-04-19,202501,202502,202501,202503
2024-04-22,202501,202502,202501,202502
