symbol,date,open,high,low,close,volume,open_interest,turnover,settle,pre_settle,variety
IF1301,20130104,2565.0,2567.4,2503.2,2533.2,572312,80197.0,43549994.958,2538.8,2537.4,IF
IF1302,20130104,2565.0,2581.4,2518.2,2547.0,11656,4490.0,892362.882,2553.6,2551.2,IF
IF1303,20130104,2583.8,2597.2,2532.8,2562.6,20649,19824.0,1590745.008,2568.8,2565.8,IF
IF1306,20130104,2603.6,2621.2,2555.8,2586.2,3079,5262.0,239247.18,2591.2,2588.2,IF
IF1301,20130107,2537.8,2554.4,2523.2,2533.2,615196,77931.0,46815861.804,2537.0,2538.8,IF
IF1302,20130107,2548.2,2568.0,2538.2,2548.4,10109,5258.0,773567.604,2550.8,2553.6,IF
IF1303,20130107,2568.8,2582.8,2553.8,2562.8,14602,20882.0,1123862.508,2566.2,2568.8,IF
IF1306,20130107,2580.0,2605.0,2578.2,2588.8,2027,5481.0,157444.92,2591.2,2591.2,IF
IF1301,20130108,2537.0,2548.8,2506.6,2531.2,729477,74965.0,55348267.602,2526.8,2537.0,IF
IF1302,20130108,2548.6,2561.2,2521.2,2544.0,13369,5842.0,1019289.87,2539.8,2550.8,IF
IF1303,20130108,2563.0,2574.8,2535.8,2558.2,21707,21026.0,1664499.444,2554.4,2566.2,IF
IF1306,20130108,2588.8,2599.6,2562.6,2583.2,2329,5709.0,180322.818,2579.4,2591.2,IF
IF1301,20130109,2531.6,2543.8,2509.0,2525.4,629921,72606.0,47797606.938,2522.6,2526.8,IF
IF1302,20130109,2543.8,2556.0,2522.0,2537.0,12696,7197.0,967590.678,2533.4,2539.8,IF
IF1303,20130109,2557.8,2569.6,2536.0,2551.8,18693,22529.0,1433159.934,2548.4,2554.4,IF
IF1306,20130109,2583.2,2592.8,2562.0,2576.8,2052,5864.0,158720.34,2574.0,2579.4,IF
IF1301,20130110,2529.4,2562.2,2512.6,2537.8,724539,71891.0,55187898.876,2527.8,2522.6,IF
IF1302,20130110,2537.8,2573.8,2526.2,2549.2,18938,7985.0,1449348.996,2539.4,2533.4,IF
IF1303,20130110,2553.0,2587.0,2540.4,2563.8,22703,23697.0,1747507.968,2554.0,2548.4,IF
IF1306,20130110,2580.0,2611.8,2567.0,2590.4,2392,5953.0,185863.308,2578.0,2574.0,IF
IF1301,20130111,2542.0,2547.8,2481.8,2498.6,784689,69875.0,59291461.404,2493.4,2527.8,IF
IF1302,20130111,2548.2,2558.8,2495.2,2508.8,27121,10587.0,2055880.746,2506.0,2539.4,IF
IF1303,20130111,2567.0,2572.8,2509.2,2523.0,26326,25471.0,2008172.868,2519.6,2554.0,IF
IF1306,20130111,2589.0,2597.0,2535.0,2548.0,4479,6670.0,344716.14,2545.6,2578.0,IF
IF1301,20130114,2497.2,2598.2,2489.8,2586.6,744878,67427.0,56946374.112,2587.8,2493.4,IF
IF1302,20130114,2507.0,2609.2,2502.0,2601.6,67580,20638.0,5194153.464,2599.8,2506.0,IF
IF1303,20130114,2519.6,2620.0,2514.6,2613.0,38299,25464.0,2952831.474,2611.6,2519.6,IF
IF1306,20130114,2541.0,2645.0,2540.4,2637.6,4935,6910.0,384972.936,2636.6,2545.6,IF
IF1301,20130115,2587.8,2608.6,2583.0,2596.4,445268,42949.0,34655003.754,2601.4,2587.8,IF
IF1302,20130115,2602.2,2623.0,2599.0,2613.0,118505,37622.0,9278486.298,2616.6,2599.8,IF
IF1303,20130115,2614.2,2634.4,2612.0,2626.6,23933,27143.0,1882888.878,2628.8,2611.6,IF
IF1306,20130115,2636.0,2660.2,2632.2,2652.0,2802,7019.0,222555.108,2655.2,2636.6,IF
IF1301,20130116,2597.4,2602.8,2528.0,2570.0,381661,18722.0,29498265.192,2571.6,2601.4,IF
IF1302,20130116,2616.6,2619.2,2545.8,2583.0,410412,52840.0,31889031.054,2583.8,2616.6,IF
IF1303,20130116,2628.0,2632.0,2565.0,2596.6,37500,30312.0,2929631.43,2598.6,2628.8,IF
IF1306,20130116,2653.8,2657.4,2600.0,2622.6,5695,7993.0,449390.148,2626.0,2655.2,IF
IF1301,20130117,2571.6,2575.8,2539.6,2561.0,126436,8653.0,9707145.6,2557.4,2571.6,IF
IF1302,20130117,2583.8,2593.0,2548.6,2576.8,692567,56520.0,53401628.85,2569.2,2583.8,IF
IF1303,20130117,2592.2,2607.0,2562.6,2591.0,43916,31090.0,3405044.868,2582.6,2598.6,IF
IF1306,20130117,2626.0,2633.6,2591.2,2617.6,4274,8100.0,334957.74,2610.2,2626.0,IF
IF1301,20130118,2568.2,2598.0,2552.0,2592.6,46770,0.0,3611229.186,2592.54,2557.4,IF
IF1302,20130118,2580.4,2628.0,2565.2,2610.4,822573,64116.0,64064593.104,2607.8,2569.2,IF
IF1303,20130118,2592.4,2639.6,2580.0,2624.2,57051,32995.0,4466328.636,2621.8,2582.6,IF
IF1306,20130118,2627.0,2665.0,2609.0,2650.6,5832,8206.0,461648.01,2648.4,2610.2,IF
IF1302,20130121,2614.0,2621.0,2587.0,2608.2,646027,62810.0,50531545.35,2608.4,2607.8,IF
IF1303,20130121,2624.0,2633.6,2601.2,2620.4,44396,32645.0,3489695.22,2621.8,2621.8,IF
IF1306,20130121,2655.4,2660.0,2630.0,2646.8,5173,8367.0,411055.974,2649.0,2648.4,IF
IF1309,20130121,2678.0,2685.0,2655.6,2673.8,1057,305.0,84793.932,2675.0,2648.4,IF
IF1302,20130122,2610.8,2616.8,2579.2,2602.6,774966,57939.0,60442331.52,2592.4,2608.4,IF
IF1303,20130122,2626.0,2628.8,2594.0,2615.8,56562,31841.0,4434027.126,2606.6,2621.8,IF
IF1306,20130122,2652.8,2654.2,2619.4,2639.2,5267,8098.0,416778.582,2631.0,2649.0,IF
IF1309,20130122,2678.0,2678.2,2647.6,2668.0,1113,541.0,88948.98,2658.2,2675.0,IF
IF1302,20130123,2604.0,2616.2,2582.4,2615.6,694347,60301.0,54126122.784,2602.0,2592.4,IF
IF1303,20130123,2617.2,2629.6,2596.6,2629.6,47108,31866.0,3691089.192,2616.0,2606.6,IF
IF1306,20130123,2641.0,2654.2,2622.0,2653.6,4872,8241.0,385534.062,2642.2,2631.0,IF
IF1309,20130123,2668.0,2678.6,2649.6,2678.6,968,709.0,77295.198,2665.0,2658.2,IF
IF1302,20130124,2614.8,2673.6,2572.8,2590.6,955841,59709.0,75141244.14,2590.0,2602.0,IF
IF1303,20130124,2628.8,2686.6,2587.4,2603.8,76816,34123.0,6074754.216,2603.2,2616.0,IF
IF1306,20130124,2655.8,2711.8,2615.2,2629.2,9257,8724.0,740688.738,2629.4,2642.2,IF
IF1309,20130124,2678.0,2735.0,2641.0,2663.6,1835,983.0,147920.286,2653.4,2665.0,IF
IF1302,20130125,2598.0,2601.2,2581.6,2592.8,511247,61245.0,39731876.376,2588.2,2590.0,IF
IF1303,20130125,2610.0,2614.6,2595.6,2606.4,32513,35189.0,2540573.706,2601.6,2603.2,IF
IF1306,20130125,2632.8,2641.8,2623.8,2633.4,2649,8988.0,209258.106,2629.0,2629.4,IF
IF1309,20130125,2659.8,2667.2,2649.0,2658.0,940,1150.0,74945.946,2654.0,2653.4,IF
IF1302,20130128,2593.0,2660.6,2590.4,2654.4,757860,67310.0,59815054.368,2648.6,2588.2,IF
IF1303,20130128,2606.6,2672.0,2604.2,2666.4,59245,35612.0,4697830.536,2660.8,2601.6,IF
IF1306,20130128,2639.6,2696.0,2633.0,2692.8,5322,9013.0,426266.406,2684.4,2629.0,IF
IF1309,20130128,2651.2,2721.0,2651.2,2716.4,1090,1211.0,88138.704,2711.6,2654.0,IF
IF1302,20130129,2656.0,2687.4,2653.6,2671.0,583643,56989.0,46679494.65,2673.8,2648.6,IF
IF1303,20130129,2668.6,2698.8,2666.0,2683.4,41866,35429.0,3363792.162,2686.4,2660.8,IF
IF1306,20130129,2692.4,2723.6,2691.0,2709.4,3720,9208.0,301661.748,2712.0,2684.4,IF
IF1309,20130129,2719.0,2747.6,2717.4,2732.6,1088,1337.0,89034.264,2735.4,2711.6,IF
IF1302,20130130,2681.0,2700.4,2661.2,2699.0,608180,54492.0,48853119.174,2684.2,2673.8,IF
IF1303,20130130,2688.2,2713.2,2676.4,2713.0,49659,36486.0,4009106.094,2698.8,2686.4,IF
IF1306,20130130,2711.8,2737.8,2704.0,2737.0,4102,9544.0,334370.22,2724.6,2712.0,IF
IF1309,20130130,2744.6,2761.0,2726.8,2760.4,659,1330.0,54186.6,2748.6,2735.4,IF
IF1302,20130131,2699.0,2703.6,2676.6,2699.8,613606,50386.0,49505046.036,2691.8,2684.2,IF
IF1303,20130131,2713.0,2717.2,2692.2,2712.6,61530,41799.0,4992051.156,2705.6,2698.8,IF
IF1306,20130131,2735.2,2743.6,2720.6,2740.0,4911,10615.0,402425.514,2733.0,2724.6,IF
IF1309,20130131,2763.4,2765.6,2742.4,2762.6,874,1451.0,72263.148,2757.6,2748.6,IF
IF1302,20130201,2695.2,2753.8,2675.2,2746.4,802633,50768.0,65247068.13,2738.8,2691.8,IF
IF1303,20130201,2706.0,2766.4,2691.0,2759.4,111751,45087.0,9126886.152,2751.4,2705.6,IF
IF1306,20130201,2735.4,2793.0,2720.0,2786.0,10530,11831.0,869349.06,2783.0,2733.0,IF
IF1309,20130201,2760.0,2816.8,2741.8,2810.0,1591,1652.0,132582.0,2802.6,2757.6,IF
IF1302,20130204,2751.0,2768.4,2739.2,2749.4,573541,47006.0,47388563.016,2753.4,2738.8,IF
IF1303,20130204,2771.0,2782.8,2754.2,2764.4,108158,53158.0,8985243.108,2768.0,2751.4,IF
IF1306,20130204,2792.0,2808.8,2783.4,2790.8,7387,12464.0,619593.402,2793.6,2783.0,IF
IF1309,20130204,2818.8,2834.6,2807.2,2815.0,932,1685.0,78860.4,2818.4,2802.6,IF
IF1302,20130205,2737.8,2795.2,2737.0,2773.4,605971,43394.0,50298998.436,2779.0,2753.4,IF
IF1303,20130205,2753.2,2809.2,2752.2,2788.2,207361,64702.0,17306756.382,2793.4,2768.0,IF
IF1306,20130205,2785.8,2836.8,2778.6,2815.8,8309,13186.0,699808.314,2820.6,2793.6,IF
IF1309,20130205,2793.4,2860.2,2793.4,2840.6,1255,1858.0,106591.482,2846.2,2818.4,IF
IF1302,20130206,2779.0,2797.6,2776.4,2785.6,287375,31017.0,24015414.288,2788.2,2779.0,IF
IF1303,20130206,2796.0,2814.4,2791.8,2802.4,284877,76302.0,23943015.696,2804.2,2793.4,IF
IF1306,20130206,2824.6,2840.8,2820.6,2833.6,8101,14788.0,687641.22,2832.2,2820.6,IF
IF1309,20130206,2848.4,2865.0,2844.4,2854.6,717,1955.0,61364.058,2855.2,2846.2,IF
IF1302,20130207,2780.4,2786.8,2740.2,2779.8,212072,19192.0,17623740.468,2779.2,2788.2,IF
IF1303,20130207,2798.0,2808.4,2756.8,2800.4,605910,95248.0,50682740.064,2800.4,2804.2,IF
IF1306,20130207,2833.0,2837.6,2789.4,2831.8,12482,16872.0,1055642.712,2830.6,2832.2,IF
IF1309,20130207,2851.2,2859.6,2811.4,2853.4,2529,2595.0,215464.44,2854.6,2855.2,IF
IF1302,20130208,2776.6,2799.0,2762.8,2765.2,84067,9371.0,7017675.768,2778.2,2779.2,IF
IF1303,20130208,2801.0,2830.2,2778.8,2784.2,621985,100096.0,52431633.6,2801.6,2800.4,IF
IF1306,20130208,2833.8,2863.0,2814.0,2819.6,14761,19338.0,1259000.844,2838.0,2830.6,IF
IF1309,20130208,2853.0,2883.8,2838.8,2842.2,2031,2849.0,174558.822,2855.0,2854.6,IF
IF1302,20130218,2766.4,2779.8,2730.2,2745.6,32647,0.0,2700398.484,2746.29,2778.2,IF
IF1303,20130218,2792.0,2800.8,2738.0,2752.4,612964,102076.0,50888547.792,2756.6,2801.6,IF
IF1306,20130218,2841.0,2841.0,2774.0,2786.0,15124,21403.0,1272582.984,2790.8,2838.0,IF
IF1309,20130218,2848.2,2860.2,2800.2,2812.2,2316,3295.0,196366.68,2813.8,2855.0,IF
IF1303,20130219,2753.2,2756.8,2696.8,2709.2,646104,105182.0,52748653.2,2707.4,2756.6,IF
IF1304,20130219,2763.6,2768.4,2712.2,2725.4,9873,3126.0,809854.14,2722.8,2756.6,IF
IF1306,20130219,2786.0,2789.0,2733.0,2745.2,16775,21283.0,1387878.486,2743.6,2790.8,IF
IF1309,20130219,2813.6,2813.8,2759.0,2770.2,1846,3459.0,154265.406,2767.6,2813.8,IF
IF1303,20130220,2713.2,2717.4,2696.0,2710.4,546146,103771.0,44361337.05,2711.4,2707.4,IF
IF1304,20130220,2728.0,2733.0,2711.4,2725.4,8724,5304.0,712717.962,2727.0,2722.8,IF
IF1306,20130220,2745.0,2754.4,2733.2,2746.0,9577,22150.0,788364.822,2747.2,2743.6,IF
IF1309,20130220,2777.0,2777.0,2756.6,2772.0,972,3585.0,80760.084,2773.8,2767.6,IF
IF1303,20130221,2697.0,2697.8,2590.4,2615.2,771496,85980.0,60967345.248,2619.2,2711.4,IF
IF1304,20130221,2710.0,2713.0,2604.8,2629.4,15010,5408.0,1192850.532,2633.2,2727.0,IF
IF1306,20130221,2737.8,2737.8,2622.6,2644.8,18262,20556.0,1461611.994,2650.2,2747.2,IF
IF1309,20130221,2763.0,2763.0,2646.6,2668.2,1847,3494.0,149150.37,2674.0,2773.8,IF
IF1303,20130222,2615.2,2625.4,2593.2,2593.2,450508,85493.0,35345684.85,2605.6,2619.2,IF
IF1304,20130222,2626.0,2639.0,2609.2,2609.2,5520,5483.0,435308.67,2619.8,2633.2,IF
IF1306,20130222,2643.8,2656.4,2624.4,2624.4,6682,20127.0,530015.886,2635.2,2650.2,IF
IF1309,20130222,2669.6,2680.4,2652.0,2652.0,912,3540.0,73060.236,2661.0,2674.0,IF
IF1303,20130225,2587.8,2642.0,2584.0,2605.0,724593,82218.0,56781602.082,2613.6,2605.6,IF
IF1304,20130225,2610.4,2656.2,2599.4,2618.2,16110,6460.0,1269677.208,2629.4,2619.8,IF
IF1306,20130225,2624.0,2670.0,2613.4,2632.6,14521,19555.0,1151056.482,2641.4,2635.2,IF
IF1309,20130225,2645.0,2693.0,2641.0,2657.8,1684,3540.0,134817.324,2667.2,2661.0,IF
IF1303,20130226,2591.2,2638.8,2560.0,2564.6,822719,74542.0,64349544.66,2578.4,2613.6,IF
IF1304,20130226,2610.6,2652.2,2573.0,2576.6,19797,6783.0,1555662.948,2593.4,2629.4,IF
IF1306,20130226,2618.0,2666.0,2587.6,2591.8,16714,18165.0,1319301.174,2602.0,2641.4,IF
IF1309,20130226,2648.0,2689.6,2613.4,2615.2,1497,3555.0,119371.692,2630.8,2667.2,IF
IF1303,20130227,2581.0,2622.0,2572.2,2587.6,875982,73801.0,68130562.686,2591.6,2578.4,IF
IF1304,20130227,2584.0,2634.4,2584.0,2600.2,22244,7151.0,1739423.1,2603.4,2593.4,IF
IF1306,20130227,2602.0,2649.0,2601.0,2616.4,19722,16878.0,1551180.528,2620.2,2602.0,IF
IF1309,20130227,2623.8,2672.6,2623.8,2641.6,1777,3617.0,141113.082,2645.8,2630.8,IF
IF1303,20130228,2605.0,2685.0,2597.4,2678.4,875442,74621.0,69309780.234,2669.4,2591.6,IF
IF1304,20130228,2615.0,2697.8,2610.4,2691.2,23754,8042.0,1893441.606,2683.0,2603.4,IF
IF1306,20130228,2630.4,2712.2,2626.4,2708.4,18584,17310.0,1489390.956,2698.0,2620.2,IF
IF1309,20130228,2657.0,2735.0,2653.4,2732.0,2257,3646.0,182541.96,2722.6,2645.8,IF
IF1303,20130301,2671.4,2683.0,2622.4,2666.6,735902,66070.0,58700182.29,2664.0,2669.4,IF
IF1304,20130301,2684.4,2696.2,2635.2,2679.0,17190,8165.0,1377696.39,2676.6,2683.0,IF
IF1306,20130301,2701.8,2712.4,2651.6,2694.2,17325,17749.0,1396732.98,2692.0,2698.0,IF
IF1309,20130301,2729.0,2734.4,2678.0,2719.4,2067,3882.0,168145.506,2716.6,2722.6,IF
IF1303,20130304,2651.4,2653.0,2537.4,2548.0,854502,77151.0,66368588.478,2549.8,2664.0,IF
IF1304,20130304,2666.8,2666.8,2551.8,2561.2,27329,11247.0,2134877.934,2564.2,2676.6,IF
IF1306,20130304,2680.6,2680.6,2569.6,2577.8,23337,19267.0,1835770.128,2581.0,2692.0,IF
IF1309,20130304,2700.0,2702.0,2593.0,2601.2,3114,4290.0,246552.654,2602.8,2716.6,IF
IF1303,20130305,2553.0,2628.0,2549.6,2616.0,911314,71084.0,70621789.968,2614.8,2549.8,IF
IF1304,20130305,2561.4,2641.6,2561.4,2630.0,30142,12466.0,2350323.882,2627.8,2564.2,IF
IF1306,20130305,2582.6,2655.0,2581.6,2645.8,19730,18399.0,1547288.46,2643.0,2581.0,IF
IF1309,20130305,2601.4,2678.8,2601.4,2666.8,2506,4423.0,198382.962,2665.0,2602.8,IF
IF1303,20130306,2627.8,2664.0,2621.0,2648.0,841192,64366.0,66694109.538,2646.8,2614.8,IF
IF1304,20130306,2640.2,2677.6,2635.8,2661.8,33889,13738.0,2701139.538,2660.6,2627.8,IF
IF1306,20130306,2655.0,2694.8,2652.2,2679.0,20890,19523.0,1675918.68,2677.8,2643.0,IF
IF1309,20130306,2680.0,2714.8,2675.0,2701.6,2154,4583.0,174260.244,2700.2,2665.0,IF
IF1303,20130307,2653.0,2659.4,2588.2,2615.6,913853,62076.0,72129362.778,2617.8,2646.8,IF
IF1304,20130307,2661.8,2671.8,2601.8,2627.8,46070,15020.0,3651699.876,2630.4,2660.6,IF
IF1306,20130307,2684.0,2687.8,2619.2,2645.0,21569,19291.0,1721955.816,2647.6,2677.8,IF
IF1309,20130307,2703.0,2710.2,2641.6,2668.0,2050,4664.0,164791.368,2669.0,2700.2,IF
IF1303,20130308,2623.0,2637.8,2602.0,2611.6,759730,60136.0,59672658.3,2613.4,2617.8,IF
IF1304,20130308,2633.8,2649.6,2615.2,2623.6,41619,17574.0,3284829.66,2625.2,2630.4,IF
IF1306,20130308,2650.0,2667.6,2633.0,2641.0,15533,19729.0,1234450.422,2643.2,2647.6,IF
IF1309,20130308,2677.6,2690.0,2656.6,2664.0,1727,4768.0,138562.056,2666.4,2669.0,IF
IF1303,20130311,2615.4,2619.2,2569.0,2592.6,720874,57651.0,56091067.668,2590.4,2613.4,IF
IF1304,20130311,2635.4,2635.4,2583.2,2604.6,69104,20063.0,5403221.67,2603.0,2625.2,IF
IF1306,20130311,2641.0,2649.0,2601.0,2621.0,20219,21426.0,1591138.386,2620.0,2643.2,IF
IF1309,20130311,2669.6,2671.2,2624.0,2645.0,1765,5048.0,140065.404,2642.0,2666.4,IF
IF1303,20130312,2596.0,2624.0,2526.2,2552.8,856038,46642.0,66069316.086,2543.0,2590.4,IF
IF1304,20130312,2604.0,2630.8,2539.2,2563.4,141719,28495.0,10981940.772,2555.0,2603.0,IF
IF1306,20130312,2618.2,2647.0,2554.8,2579.0,25766,21572.0,2009605.692,2570.8,2620.0,IF
IF1309,20130312,2647.0,2668.6,2574.2,2596.0,3030,5319.0,238048.446,2590.2,2642.0,IF
IF1303,20130313,2550.0,2555.4,2510.0,2529.0,617195,35301.0,46872620.352,2525.2,2543.0,IF
IF1304,20130313,2560.2,2565.0,2521.2,2533.6,213856,37148.0,16307255.916,2533.8,2555.0,IF
IF1306,20130313,2585.0,2585.0,2537.4,2546.8,19467,22343.0,1493307.354,2547.8,2570.8,IF
IF1309,20130313,2581.4,2598.2,2553.2,2566.0,2304,5367.0,178051.206,2564.8,2590.2,IF
IF1303,20130314,2520.0,2547.8,2505.2,2524.0,250020,18150.0,18960204.516,2527.0,2525.2,IF
IF1304,20130314,2528.0,2557.6,2507.6,2529.0,595975,52002.0,45326120.622,2532.0,2533.8,IF
IF1306,20130314,2519.8,2565.4,2515.0,2538.2,18286,23239.0,1394156.97,2541.6,2547.8,IF
IF1309,20130314,2548.4,2581.2,2535.4,2554.0,2742,5630.0,210537.54,2557.0,2564.8,IF
IF1303,20130315,2526.2,2610.6,2503.6,2568.6,92810,0.0,7096245.6,2568.41,2527.0,IF
IF1304,20130315,2534.6,2615.8,2503.4,2533.4,1064394,58572.0,81535420.842,2543.0,2532.0,IF
IF1306,20130315,2540.8,2622.4,2515.6,2544.0,42428,25851.0,3265523.85,2554.4,2541.6,IF
IF1309,20130315,2558.0,2635.4,2530.0,2557.2,4737,5877.0,366878.508,2565.4,2557.0,IF
IF1304,20130318,2505.2,2555.0,2501.0,2510.8,786031,66097.0,59491464.204,2510.2,2543.0,IF
IF1305,20130318,2524.8,2560.6,2509.6,2516.8,7527,1254.0,571211.172,2517.0,2543.0,IF
IF1306,20130318,2518.0,2561.8,2510.0,2514.4,25021,25964.0,1900484.484,2517.0,2554.4,IF
IF1309,20130318,2549.4,2576.4,2528.8,2531.6,3008,6083.0,229803.306,2534.2,2565.4,IF
IF1304,20130319,2520.0,2544.0,2497.0,2529.8,808569,67406.0,61109900.412,2524.4,2510.2,IF
IF1305,20130319,2517.0,2548.8,2504.0,2532.6,7577,2143.0,573671.826,2528.6,2517.0,IF
IF1306,20130319,2525.0,2546.2,2504.8,2530.0,26767,24751.0,2026642.872,2526.4,2517.0,IF
IF1309,20130319,2539.0,2560.8,2518.2,2542.0,2664,6350.0,202747.434,2539.6,2534.2,IF
IF1304,20130320,2529.0,2613.2,2525.8,2610.0,1027964,69845.0,79568819.046,2606.0,2524.4,IF
IF1305,20130320,2531.8,2616.2,2528.6,2614.2,9944,2990.0,770067.858,2607.8,2528.6,IF
IF1306,20130320,2530.0,2615.0,2526.8,2613.6,38232,25376.0,2956842.354,2605.6,2526.4,IF
IF1309,20130320,2540.0,2624.0,2540.0,2620.8,3444,6406.0,267601.02,2613.6,2539.6,IF
IF1304,20130321,2621.0,2633.0,2604.0,2617.0,646577,69785.0,50815346.304,2612.8,2606.0,IF
IF1305,20130321,2622.0,2635.0,2607.0,2619.2,10422,3252.0,820411.674,2615.2,2607.8,IF
IF1306,20130321,2617.0,2633.4,2605.0,2617.6,25193,27132.0,1981078.158,2613.0,2605.6,IF
IF1309,20130321,2629.0,2645.0,2610.0,2622.8,2857,6519.0,225195.036,2617.0,2613.6,IF
IF1304,20130322,2613.2,2634.8,2607.6,2625.8,702983,70726.0,55277669.664,2625.0,2612.8,IF
IF1305,20130322,2615.2,2636.0,2611.0,2628.6,8718,3401.0,686129.7,2627.0,2615.2,IF
IF1306,20130322,2614.8,2635.0,2609.0,2628.0,25593,27229.0,2012900.964,2626.2,2613.0,IF
IF1309,20130322,2617.0,2639.8,2614.0,2633.4,1882,6522.0,148388.706,2632.4,2617.0,IF
IF1304,20130325,2630.2,2652.8,2609.0,2622.6,735213,71941.0,57887182.914,2621.0,2625.0,IF
IF1305,20130325,2636.0,2655.2,2613.0,2625.4,9148,3557.0,721870.812,2624.2,2627.0,IF
IF1306,20130325,2635.2,2654.8,2610.4,2622.8,30155,27355.0,2377017.474,2622.4,2626.2,IF
IF1309,20130325,2645.6,2662.2,2624.0,2636.0,2591,6686.0,205049.088,2633.2,2632.4,IF
IF1304,20130326,2617.0,2617.4,2553.0,2572.4,813445,64823.0,62931104.088,2578.8,2621.0,IF
IF1305,20130326,2622.8,2622.8,2558.4,2577.0,10399,4787.0,805542.324,2583.4,2624.2,IF
IF1306,20130326,2616.8,2616.8,2554.2,2573.2,31937,27960.0,2472665.856,2580.2,2622.4,IF
IF1309,20130326,2630.2,2630.2,2569.0,2586.2,2899,7064.0,225545.256,2593.0,2633.2,IF
IF1304,20130327,2578.8,2617.8,2562.0,2573.6,854050,65040.0,66300355.854,2575.4,2578.8,IF
IF1305,20130327,2582.2,2622.0,2567.6,2577.8,10254,5300.0,797504.166,2579.8,2583.4,IF
IF1306,20130327,2581.0,2617.2,2565.2,2574.4,30744,28426.0,2389297.386,2576.8,2580.2,IF
IF1309,20130327,2592.2,2630.0,2579.0,2589.0,2637,7164.0,205872.414,2590.6,2593.0,IF
IF1304,20130328,2566.0,2566.8,2492.6,2506.8,733851,64001.0,55312579.146,2502.0,2575.4,IF
IF1305,20130328,2570.0,2570.2,2495.2,2509.4,12127,4565.0,915696.912,2504.4,2579.8,IF
IF1306,20130328,2580.2,2580.2,2494.2,2505.6,32674,28791.0,2466000.06,2502.8,2576.8,IF
IF1309,20130328,2583.0,2583.0,2511.0,2516.2,2507,7076.0,190247.274,2515.4,2590.6,IF
IF1304,20130329,2501.4,2515.4,2482.0,2483.8,604019,61713.0,45326368.332,2497.0,2502.0,IF
IF1305,20130329,2504.8,2518.6,2486.0,2486.8,8855,4530.0,665834.382,2499.6,2504.4,IF
IF1306,20130329,2490.0,2515.0,2480.0,2481.0,23071,28337.0,1730816.85,2494.2,2502.8,IF
IF1309,20130329,2500.2,2525.4,2494.4,2494.4,1645,6987.0,123972.144,2507.0,2515.4,IF
IF1304,20130401,2481.2,2512.2,2471.2,2483.2,686779,62268.0,51334931.958,2486.0,2497.0,IF
IF1305,20130401,2482.6,2512.8,2475.6,2485.2,8408,4592.0,629012.136,2488.2,2499.6,IF
IF1306,20130401,2482.0,2508.6,2469.2,2481.6,24283,28211.0,1813207.308,2484.0,2494.2,IF
IF1309,20130401,2504.0,2520.0,2482.0,2495.6,2673,7036.0,200603.772,2496.8,2507.0,IF
IF1304,20130402,2490.0,2529.0,2467.0,2505.8,897398,61450.0,67164442.662,2488.6,2486.0,IF
IF1305,20130402,2490.0,2530.6,2469.8,2506.0,13415,4935.0,1005420.624,2490.8,2488.2,IF
IF1306,20130402,2485.2,2526.4,2466.0,2503.2,36579,28530.0,2736930.18,2487.6,2484.0,IF
IF1309,20130402,2504.0,2538.6,2479.2,2514.4,2598,7321.0,195172.026,2498.4,2496.8,IF
IF1304,20130403,2502.2,2515.0,2474.4,2478.6,779825,61395.0,58340770.458,2483.6,2488.6,IF
IF1305,20130403,2509.8,2516.8,2478.2,2480.4,13030,5077.0,976200.6,2485.4,2490.8,IF
IF1306,20130403,2507.6,2513.0,2474.0,2476.4,30698,29173.0,2296274.586,2482.2,2487.6,IF
IF1309,20130403,2515.0,2521.8,2485.2,2486.0,2303,7350.0,172795.56,2490.4,2498.4,IF
IF1304,20130408,2450.0,2478.0,2435.2,2463.8,657765,65969.0,48529603.452,2470.6,2483.6,IF
IF1305,20130408,2445.0,2478.0,2417.0,2465.6,14141,6117.0,1043379.366,2471.6,2485.4,IF
IF1306,20130408,2452.0,2475.8,2434.8,2463.2,31878,29851.0,2349169.164,2468.6,2482.2,IF
IF1309,20130408,2461.2,2483.2,2445.0,2470.4,2178,7489.0,160978.278,2477.0,2490.4,IF
IF1304,20130409,2473.0,2511.6,2471.0,2480.6,823777,60580.0,61516571.628,2486.4,2470.6,IF
IF1305,20130409,2478.0,2511.8,2472.8,2480.8,19310,6755.0,1442644.356,2486.6,2471.6,IF
IF1306,20130409,2469.2,2509.2,2469.2,2478.2,43924,30596.0,3278020.464,2484.4,2468.6,IF
IF1309,20130409,2479.8,2517.8,2479.0,2488.2,2673,7505.0,200309.988,2493.2,2477.0,IF
IF1304,20130410,2485.6,2491.2,2464.0,2481.0,659770,58702.0,49085984.268,2480.2,2486.4,IF
IF1305,20130410,2483.4,2492.0,2465.8,2481.0,13788,7161.0,1026230.292,2480.8,2486.6,IF
IF1306,20130410,2485.0,2489.8,2463.0,2477.6,33316,32155.0,2477202.492,2478.4,2484.4,IF
IF1309,20130410,2492.0,2498.8,2472.8,2485.8,1675,7634.0,125044.542,2486.6,2493.2,IF
IF1304,20130411,2493.8,2512.0,2465.4,2472.4,662650,62113.0,49431651.678,2470.4,2480.2,IF
IF1305,20130411,2492.4,2510.6,2467.2,2473.2,19045,8335.0,1421965.602,2471.8,2480.8,IF
IF1306,20130411,2489.0,2508.6,2463.8,2469.8,35781,33268.0,2668261.314,2468.8,2478.4,IF
IF1309,20130411,2496.0,2516.0,2472.0,2477.6,2609,7605.0,195455.76,2476.8,2486.6,IF
IF1304,20130412,2474.4,2482.0,2454.0,2461.8,578596,53184.0,42838104.024,2459.6,2470.4,IF
IF1305,20130412,2471.0,2482.6,2457.2,2464.0,18907,9001.0,1400758.38,2461.8,2471.8,IF
IF1306,20130412,2469.4,2479.8,2452.6,2460.0,30350,33892.0,2245532.748,2457.8,2468.8,IF
IF1309,20130412,2479.0,2488.6,2462.0,2466.6,1606,7617.0,119228.61,2466.0,2476.8,IF
IF1304,20130415,2442.8,2463.8,2422.6,2441.2,611821,49788.0,44734258.032,2433.8,2459.6,IF
IF1305,20130415,2450.0,2462.2,2423.8,2441.2,37673,12343.0,2755777.182,2434.2,2461.8,IF
IF1306,20130415,2445.0,2455.0,2418.4,2434.0,35878,34626.0,2618673.264,2428.0,2457.8,IF
IF1309,20130415,2453.8,2465.0,2429.0,2444.2,2982,7692.0,218570.724,2437.2,2466.0,IF
IF1304,20130416,2426.4,2457.6,2417.2,2450.0,675784,42907.0,49376443.278,2449.2,2433.8,IF
IF1305,20130416,2423.0,2455.4,2417.0,2449.6,94593,20381.0,6907996.59,2447.6,2434.2,IF
IF1306,20130416,2410.8,2449.4,2410.2,2443.6,45208,35717.0,3293340.066,2442.4,2428.0,IF
IF1309,20130416,2423.8,2456.6,2418.0,2452.0,3285,7918.0,240102.3,2449.2,2437.2,IF
IF1304,20130417,2457.0,2459.6,2428.2,2454.0,539176,26707.0,39555821.766,2451.4,2449.2,IF
IF1305,20130417,2455.0,2458.8,2431.2,2451.4,176346,30783.0,12943794.918,2450.8,2447.6,IF
IF1306,20130417,2448.0,2452.2,2423.0,2445.8,44487,36490.0,3255903.066,2444.2,2442.4,IF
IF1309,20130417,2459.0,2459.8,2430.0,2453.0,2764,7983.0,202901.1,2451.6,2449.2,IF
IF1304,20130418,2436.2,2479.6,2424.2,2459.8,232529,11904.0,17112677.01,2461.2,2451.4,IF
IF1305,20130418,2430.0,2480.0,2421.6,2456.2,701296,47534.0,51621664.854,2458.6,2450.8,IF
IF1306,20130418,2433.0,2472.4,2416.0,2450.4,62830,37036.0,4609054.896,2451.6,2444.2,IF
IF1309,20130418,2439.0,2475.8,2423.8,2457.6,3613,8036.0,265655.004,2457.8,2451.6,IF
IF1304,20130419,2463.6,2530.8,2463.4,2528.2,65061,0.0,4873452.102,2528.79,2461.2,IF
IF1305,20130419,2462.0,2547.4,2461.0,2535.2,860653,60597.0,64759593.738,2536.8,2458.6,IF
IF1306,20130419,2458.6,2538.6,2455.6,2527.4,81795,40167.0,6135079.788,2528.6,2451.6,IF
IF1309,20130419,2460.0,2542.8,2460.0,2534.8,5373,8249.0,404378.976,2536.0,2457.8,IF
IF1305,20130422,2526.8,2543.0,2521.0,2531.8,470977,60817.0,35756691.798,2527.8,2536.8,IF
IF1306,20130422,2526.8,2536.2,2514.8,2524.4,39272,41244.0,2974147.878,2521.0,2528.6,IF
IF1309,20130422,2529.8,2542.0,2523.8,2531.2,3997,8614.0,303554.106,2528.4,2536.0,IF
IF1312,20130422,2536.0,2559.6,2536.0,2551.0,1137,484.0,87034.8,2550.0,2536.0,IF
IF1305,20130423,2534.8,2540.8,2440.8,2448.4,683054,55897.0,50674756.542,2448.4,2527.8,IF
IF1306,20130423,2529.8,2533.8,2432.6,2434.8,62129,40682.0,4602434.094,2439.2,2521.0,IF
IF1309,20130423,2538.6,2541.2,2441.8,2446.0,5547,8623.0,412269.714,2447.6,2528.4,IF
IF1312,20130423,2558.8,2560.4,2464.2,2468.8,853,621.0,63906.84,2469.4,2550.0,IF
IF1305,20130424,2459.6,2514.4,2443.6,2492.6,815775,55373.0,60587147.442,2488.2,2448.4,IF
IF1306,20130424,2446.0,2502.8,2433.6,2482.6,73524,39669.0,5444906.676,2477.8,2439.2,IF
IF1309,20130424,2456.0,2512.0,2442.4,2490.8,5250,8698.0,389843.172,2487.0,2447.6,IF
IF1312,20130424,2479.0,2534.0,2465.8,2511.0,1030,622.0,77220.408,2506.0,2469.4,IF
IF1305,20130425,2488.2,2507.8,2450.4,2460.8,948447,56743.0,70514414.136,2469.8,2488.2,IF
IF1306,20130425,2490.0,2496.2,2441.2,2450.8,79261,40487.0,5869023.474,2459.8,2477.8,IF
IF1309,20130425,2493.0,2505.0,2452.2,2461.0,6780,8973.0,503770.794,2470.0,2487.0,IF
IF1312,20130425,2516.4,2524.6,2471.2,2479.0,993,694.0,74336.508,2489.8,2506.0,IF
IF1305,20130426,2469.8,2490.0,2430.6,2439.8,723431,48592.0,53437679.424,2444.2,2469.8,IF
IF1306,20130426,2460.2,2479.6,2423.6,2428.8,63496,41274.0,4672934.67,2434.6,2459.8,IF
IF1309,20130426,2470.0,2488.8,2432.8,2439.8,5513,9060.0,407376.162,2443.8,2470.0,IF
IF1312,20130426,2482.0,2506.8,2453.2,2459.0,682,742.0,50768.184,2463.4,2489.8,IF
IF1305,20130502,2426.0,2446.6,2415.0,2439.4,548723,49430.0,40018449.708,2435.4,2444.2,IF
IF1306,20130502,2416.2,2435.8,2405.6,2429.2,47737,41747.0,3466495.146,2424.8,2434.6,IF
IF1309,20130502,2439.8,2446.8,2415.0,2438.4,4192,9086.0,305633.844,2436.6,2443.8,IF
IF1312,20130502,2450.2,2465.8,2435.0,2458.8,449,771.0,32991.804,2456.6,2463.4,IF
IF1305,20130503,2451.6,2521.2,2447.2,2486.6,817425,51681.0,61039299.45,2483.8,2435.4,IF
IF1306,20130503,2442.0,2505.2,2437.8,2476.2,87880,42654.0,6531769.326,2473.6,2424.8,IF
IF1309,20130503,2446.2,2516.4,2446.2,2486.0,6188,8932.0,461895.36,2483.2,2436.6,IF
IF1312,20130503,2472.2,2534.8,2467.4,2507.4,1273,899.0,95651.436,2503.6,2456.6,IF
IF1305,20130506,2503.8,2527.8,2492.4,2509.2,704012,52686.0,53049046.92,2515.8,2483.8,IF
IF1306,20130506,2491.0,2515.8,2482.4,2499.2,78922,43109.0,5920738.686,2505.0,2473.6,IF
IF1309,20130506,2499.6,2524.6,2493.0,2509.4,6999,9330.0,527296.692,2515.6,2483.2,IF
IF1312,20130506,2522.6,2547.0,2514.4,2530.4,650,952.0,49350.252,2536.0,2503.6,IF
IF1305,20130507,2509.0,2531.6,2495.0,2525.0,664753,52751.0,50117222.532,2515.4,2515.8,IF
IF1306,20130507,2499.0,2519.8,2485.0,2514.0,75045,44088.0,5634309.216,2505.0,2505.0,IF
IF1309,20130507,2512.0,2529.4,2495.8,2523.4,5411,9596.0,407734.224,2514.0,2515.6,IF
IF1312,20130507,2530.0,2550.0,2518.2,2542.2,1075,1041.0,81689.268,2534.0,2536.0,IF
IF1305,20130508,2533.6,2563.0,2525.6,2542.8,705759,59097.0,53795602.518,2535.8,2515.4,IF
IF1306,20130508,2523.8,2550.2,2517.4,2533.4,100884,51085.0,7662981.744,2526.8,2505.0,IF
IF1309,20130508,2529.0,2560.0,2526.4,2543.2,7841,10663.0,597559.128,2537.0,2514.0,IF
IF1312,20130508,2552.0,2580.6,2546.0,2563.8,944,1123.0,72523.518,2555.8,2534.0,IF
IF1305,20130509,2538.0,2542.0,2502.2,2520.8,645378,52911.0,48856989.66,2518.8,2535.8,IF
IF1306,20130509,2529.8,2531.6,2493.2,2510.4,95366,53689.0,7193290.872,2509.0,2526.8,IF
IF1309,20130509,2539.6,2541.6,2502.2,2519.4,6038,10940.0,456862.338,2518.0,2537.0,IF
IF1312,20130509,2564.4,2564.4,2522.6,2539.8,882,1289.0,67271.784,2538.2,2555.8,IF
IF1305,20130510,2511.8,2545.6,2508.0,2541.4,725644,50888.0,55005164.844,2532.2,2518.8,IF
IF1306,20130510,2509.0,2535.8,2498.4,2535.4,136898,59157.0,10343593.782,2524.6,2509.0,IF
IF1309,20130510,2519.0,2545.2,2508.6,2545.2,10213,12782.0,774331.89,2534.2,2518.0,IF
IF1312,20130510,2534.0,2574.0,2529.2,2574.0,1033,1439.0,78965.736,2555.2,2538.2,IF
IF1305,20130513,2541.0,2544.8,2505.8,2514.6,594826,43760.0,45044628.582,2519.4,2532.2,IF
IF1306,20130513,2533.0,2538.6,2502.0,2507.4,189022,68590.0,14284760.268,2513.0,2524.6,IF
IF1309,20130513,2542.2,2547.4,2513.2,2516.0,9678,14375.0,734351.97,2523.6,2534.2,IF
IF1312,20130513,2565.0,2568.0,2535.8,2540.8,748,1431.0,57235.734,2546.6,2555.2,IF
IF1305,20130514,2516.2,2522.8,2461.6,2484.6,531640,35854.0,39675893.7,2479.8,2519.4,IF
IF1306,20130514,2510.0,2515.6,2455.6,2472.2,314353,73576.0,23395496.784,2469.6,2513.0,IF
IF1309,20130514,2516.0,2524.2,2466.4,2480.4,10489,14365.0,783578.388,2478.6,2523.6,IF
IF1312,20130514,2539.0,2545.8,2487.2,2503.0,1274,1603.0,96006.594,2500.4,2546.6,IF
IF1305,20130515,2492.8,2497.2,2480.2,2488.0,194885,24512.0,14548611.774,2489.8,2479.8,IF
IF1306,20130515,2480.0,2488.0,2466.6,2471.0,463073,81414.0,34396998.384,2475.2,2469.6,IF
IF1309,20130515,2481.6,2495.6,2476.4,2480.4,7940,14545.0,591923.76,2484.4,2478.6,IF
IF1312,20130515,2514.2,2516.8,2497.2,2502.8,935,1620.0,70293.69,2504.4,2500.4,IF
IF1305,20130516,2487.6,2549.8,2480.0,2549.0,118777,11865.0,8964859.104,2539.6,2489.8,IF
IF1306,20130516,2474.4,2529.0,2453.0,2525.0,863420,84886.0,64747871.376,2518.2,2475.2,IF
IF1309,20130516,2480.4,2537.8,2463.2,2536.0,13270,15331.0,997716.132,2527.0,2484.4,IF
IF1312,20130516,2499.0,2556.8,2484.0,2554.6,2127,1771.0,161317.71,2546.6,2504.4,IF
IF1305,20130517,2548.4,2579.0,2543.2,2576.6,44914,0.0,3446565.87,2576.94,2539.6,IF
IF1306,20130517,2525.0,2585.6,2519.2,2572.6,756828,101324.0,57825645.744,2575.8,2518.2,IF
IF1309,20130517,2536.2,2593.2,2528.6,2581.4,15515,16927.0,1191832.23,2584.4,2527.0,IF
IF1312,20130517,2554.6,2613.8,2549.0,2602.8,1924,1926.0,148610.508,2604.2,2546.6,IF
IF1306,20130520,2579.2,2617.0,2574.4,2593.8,696900,99789.0,54270597.72,2598.4,2575.8,IF
IF1307,20130520,2577.8,2609.4,2570.0,2587.0,13734,2836.0,1066114.2,2591.0,2575.8,IF
IF1309,20130520,2585.8,2622.8,2583.4,2596.6,12543,16837.0,978800.094,2602.8,2584.4,IF
IF1312,20130520,2604.2,2644.6,2604.2,2621.2,1715,2045.0,134908.26,2626.0,2604.2,IF
IF1306,20130521,2593.6,2607.0,2582.4,2599.6,582493,102812.0,45354660.72,2598.4,2598.4,IF
IF1307,20130521,2594.0,2599.4,2576.6,2592.4,10945,3829.0,850146.948,2592.0,2591.0,IF
IF1309,20130521,2599.0,2612.2,2589.2,2606.0,9858,16913.0,769496.466,2606.0,2602.8,IF
IF1312,20130521,2621.8,2635.6,2612.0,2629.2,893,2084.0,70314.156,2629.0,2626.0,IF
IF1306,20130522,2602.0,2616.8,2590.6,2602.0,720708,102876.0,56281496.508,2599.2,2598.4,IF
IF1307,20130522,2593.4,2609.6,2584.4,2595.6,15514,4778.0,1208264.508,2591.8,2592.0,IF
IF1309,20130522,2610.0,2622.8,2598.4,2609.4,11561,16930.0,905388.054,2605.8,2606.0,IF
IF1312,20130522,2630.4,2645.2,2621.6,2632.4,1019,2151.0,80490.0,2629.6,2629.0,IF
IF1306,20130523,2589.6,2613.8,2562.0,2570.8,809119,101710.0,62866517.256,2573.8,2599.2,IF
IF1307,20130523,2590.4,2605.6,2555.2,2563.4,17953,5736.0,1390734.504,2566.0,2591.8,IF
IF1309,20130523,2601.0,2620.0,2568.6,2573.2,12962,17037.0,1009353.84,2580.0,2605.8,IF
IF1312,20130523,2629.4,2642.8,2591.8,2599.0,1434,2143.0,112614.534,2603.4,2629.6,IF
IF1306,20130524,2583.8,2605.0,2558.8,2588.0,849492,95847.0,65871113.868,2589.0,2573.8,IF
IF1307,20130524,2575.6,2596.6,2552.4,2581.0,23706,9198.0,1833915.228,2581.8,2566.0,IF
IF1309,20130524,2583.0,2609.4,2565.6,2593.0,13486,16880.0,1048278.21,2595.8,2580.0,IF
IF1312,20130524,2610.0,2632.4,2589.0,2617.2,1668,2259.0,130740.936,2618.8,2603.4,IF
IF1306,20130527,2578.0,2602.0,2572.0,2573.6,635012,95491.0,49249843.722,2579.0,2589.0,IF
IF1307,20130527,2583.0,2594.8,2565.4,2567.0,17929,10958.0,1386983.79,2571.6,2581.8,IF
IF1309,20130527,2584.8,2608.0,2579.2,2580.0,10081,17298.0,783951.12,2585.0,2595.8,IF
IF1312,20130527,2617.2,2630.0,2602.0,2603.4,898,2354.0,70455.492,2609.0,2618.8,IF
IF1306,20130528,2573.6,2634.8,2565.8,2633.2,812248,100064.0,63225436.116,2624.6,2579.0,IF
IF1307,20130528,2565.2,2626.8,2559.6,2625.4,22413,12515.0,1739630.226,2617.6,2571.6,IF
IF1309,20130528,2580.2,2641.4,2573.0,2639.8,12525,17202.0,978022.062,2630.8,2585.0,IF
IF1312,20130528,2605.2,2663.0,2597.2,2662.4,1351,2354.0,106414.968,2653.0,2609.0,IF
IF1306,20130529,2638.0,2656.0,2623.0,2627.2,600387,93685.0,47547812.862,2631.0,2624.6,IF
IF1307,20130529,2629.6,2648.2,2616.6,2620.6,19966,14746.0,1577123.502,2623.4,2617.6,IF
IF1309,20130529,2645.8,2662.6,2631.2,2635.4,9407,18244.0,747253.5,2637.6,2630.8,IF
IF1312,20130529,2677.0,2684.4,2654.2,2658.0,1103,2396.0,88320.15,2662.0,2653.0,IF
IF1306,20130530,2625.6,2637.2,2612.0,2625.0,590059,94193.0,46515151.296,2628.0,2631.0,IF
IF1307,20130530,2620.4,2629.8,2605.6,2618.6,17212,15849.0,1353145.332,2620.8,2623.4,IF
IF1309,20130530,2628.0,2644.4,2620.4,2633.6,8650,18774.0,683790.96,2636.2,2637.6,IF
IF1312,20130530,2645.8,2666.8,2644.6,2656.6,1194,2572.0,95209.434,2659.6,2662.0,IF
IF1306,20130531,2633.6,2639.4,2588.0,2600.0,662696,87934.0,52076554.632,2602.4,2628.0,IF
IF1307,20130531,2627.0,2632.2,2581.2,2592.0,20621,17937.0,1615886.334,2595.8,2620.8,IF
IF1309,20130531,2640.2,2647.8,2598.2,2607.2,9895,19059.0,780144.222,2611.6,2636.2,IF
IF1312,20130531,2665.4,2671.2,2626.0,2634.0,1213,2685.0,96405.24,2637.8,2659.6,IF
IF1306,20130603,2604.4,2620.0,2589.0,2597.0,579487,89068.0,45257882.556,2595.6,2602.4,IF
IF1307,20130603,2598.0,2612.0,2582.2,2589.6,22059,19226.0,1718305.902,2588.4,2595.8,IF
IF1309,20130603,2609.8,2626.0,2596.8,2604.0,9266,18435.0,725551.026,2603.0,2611.6,IF
IF1312,20130603,2624.0,2653.0,2624.0,2630.0,968,2650.0,76592.946,2630.0,2637.8,IF
IF1306,20130604,2597.0,2599.8,2550.2,2562.6,670940,87583.0,51715806.642,2560.6,2595.6,IF
IF1307,20130604,2590.0,2591.8,2544.0,2555.8,24815,21563.0,1908070.182,2553.4,2588.4,IF
IF1309,20130604,2604.0,2606.2,2558.4,2569.2,10687,18616.0,826401.102,2567.4,2603.0,IF
IF1312,20130604,2632.2,2632.2,2585.8,2597.0,1178,2721.0,92046.708,2596.0,2630.0,IF
IF1306,20130605,2564.6,2567.4,2544.2,2553.8,470589,87691.0,36076458.216,2553.2,2560.6,IF
IF1307,20130605,2557.6,2560.0,2538.0,2546.2,16358,23268.0,1250711.79,2546.2,2553.4,IF
IF1309,20130605,2568.0,2574.8,2552.6,2560.0,5921,18728.0,455303.55,2560.8,2567.4,IF
IF1312,20130605,2606.6,2606.6,2580.6,2587.0,870,2734.0,67615.884,2587.8,2596.0,IF
IF1306,20130606,2548.0,2559.0,2530.4,2534.8,579967,87686.0,44276525.682,2535.0,2553.2,IF
IF1307,20130606,2541.8,2551.0,2523.8,2526.8,25279,24768.0,1923718.032,2528.0,2546.2,IF
IF1309,20130606,2554.8,2569.2,2537.2,2540.8,8732,18674.0,668434.146,2541.6,2560.8,IF
IF1312,20130606,2581.8,2591.4,2565.0,2566.8,1123,2809.0,86838.51,2568.2,2587.8,IF
IF1306,20130607,2536.2,2539.6,2467.0,2476.4,603987,79190.0,45375025.626,2477.8,2535.0,IF
IF1307,20130607,2527.2,2533.0,2460.4,2467.4,36957,28152.0,2767759.56,2469.6,2528.0,IF
IF1309,20130607,2535.6,2546.0,2474.8,2483.2,10073,18537.0,758854.572,2484.0,2541.6,IF
IF1312,20130607,2568.0,2573.0,2503.0,2508.6,1457,2745.0,110875.446,2511.4,2568.2,IF
IF1306,20130613,2459.4,2459.8,2365.2,2383.6,569989,72904.0,40946277.048,2386.0,2477.8,IF
IF1307,20130613,2440.0,2450.6,2358.0,2375.2,63244,33270.0,4533656.142,2377.4,2469.6,IF
IF1309,20130613,2470.0,2470.0,2373.6,2389.8,12378,18676.0,892869.288,2393.4,2484.0,IF
IF1312,20130613,2488.8,2491.0,2403.8,2421.4,2498,2730.0,182494.164,2424.0,2511.4,IF
IF1306,20130614,2394.0,2409.0,2386.2,2395.6,448656,62463.0,32264086.23,2400.4,2386.0,IF
IF1307,20130614,2382.8,2399.6,2379.0,2389.0,60288,35866.0,4321167.768,2392.6,2377.4,IF
IF1309,20130614,2396.2,2414.4,2394.0,2402.0,7368,18681.0,531272.19,2405.8,2393.4,IF
IF1312,20130614,2429.0,2441.8,2424.8,2430.0,1281,2828.0,93496.062,2435.0,2424.0,IF
IF1306,20130617,2406.4,2421.0,2385.8,2396.2,513790,52857.0,36995836.938,2395.0,2400.4,IF
IF1307,20130617,2400.2,2412.8,2380.0,2386.8,96756,41620.0,6946705.908,2387.0,2392.6,IF
IF1309,20130617,2410.2,2425.0,2391.6,2398.8,9833,19573.0,709504.332,2398.4,2405.8,IF
IF1312,20130617,2440.0,2451.4,2421.4,2428.4,1258,2919.0,91889.382,2428.4,2435.0,IF
IF1306,20130618,2406.0,2414.2,2365.2,2405.2,525066,41914.0,37799024.028,2404.8,2395.0,IF
IF1307,20130618,2397.0,2401.0,2362.2,2394.4,170601,48605.0,12226072.422,2393.4,2387.0,IF
IF1309,20130618,2403.4,2410.2,2371.2,2402.8,10947,19687.0,787530.762,2402.2,2398.4,IF
IF1312,20130618,2435.0,2439.2,2399.6,2428.0,1871,3044.0,136096.836,2427.4,2428.4,IF
IF1306,20130619,2404.0,2404.0,2350.4,2395.0,400730,27751.0,28594545.564,2391.0,2404.8,IF
IF1307,20130619,2392.4,2392.8,2336.6,2377.8,451346,60532.0,32023950.174,2377.2,2393.4,IF
IF1309,20130619,2417.0,2417.0,2348.4,2383.0,14880,19880.0,1059852.27,2382.6,2402.2,IF
IF1312,20130619,2428.2,2428.2,2370.0,2408.6,2522,3100.0,181412.694,2407.8,2427.4,IF
IF1306,20130620,2380.0,2384.0,2324.0,2329.8,115623,13893.0,8186927.976,2331.2,2391.0,IF
IF1307,20130620,2365.0,2368.0,2306.8,2316.8,619261,78055.0,43423269.024,2313.4,2377.2,IF
IF1309,20130620,2373.2,2373.2,2314.0,2322.0,16683,20301.0,1172721.954,2320.2,2382.6,IF
IF1312,20130620,2403.8,2403.8,2336.2,2345.2,3100,3330.0,220519.602,2343.4,2407.8,IF
IF1306,20130621,2312.8,2322.6,2277.6,2315.6,57266,0.0,3959638.722,2315.0,2331.2,IF
IF1307,20130621,2291.0,2315.0,2263.2,2296.4,768198,84649.0,52907007.594,2304.0,2313.4,IF
IF1309,20130621,2300.0,2319.2,2270.0,2300.8,21557,20512.0,1487065.578,2309.0,2320.2,IF
IF1312,20130621,2327.8,2341.0,2293.8,2325.2,2462,3434.0,171350.184,2331.6,2343.4,IF
IF1307,20130624,2290.2,2291.4,2131.0,2133.0,891789,91287.0,59182924.776,2158.0,2304.0,IF
IF1308,20130624,2300.0,2300.0,2134.0,2135.0,7406,914.0,493495.494,2162.2,2304.0,IF
IF1309,20130624,2300.0,2300.0,2138.2,2140.0,31840,20149.0,2119664.898,2164.4,2309.0,IF
IF1312,20130624,2311.4,2318.6,2167.0,2169.0,4880,3195.0,326660.532,2194.2,2331.6,IF
IF1307,20130625,2129.8,2147.8,1996.0,2112.8,1264711,73401.0,79531709.592,2122.0,2158.0,IF
IF1308,20130625,2134.8,2153.0,2002.4,2116.6,14351,1777.0,903773.754,2126.2,2162.2,IF
IF1309,20130625,2135.0,2156.4,2006.4,2121.0,52019,17115.0,3277517.928,2127.8,2164.4,IF
IF1312,20130625,2167.8,2183.8,2036.0,2148.2,6472,3226.0,413711.034,2154.0,2194.2,IF
IF1307,20130626,2125.0,2151.0,2093.6,2122.4,954148,69358.0,60612301.854,2119.0,2122.0,IF
IF1308,20130626,2132.0,2155.0,2097.8,2125.4,8356,1887.0,531903.348,2121.8,2126.2,IF
IF1309,20130626,2127.8,2155.8,2100.2,2129.2,29732,16265.0,1894980.012,2125.8,2127.8,IF
IF1312,20130626,2148.2,2178.8,2123.2,2148.6,4302,3524.0,277150.29,2146.6,2154.0,IF
IF1307,20130627,2134.6,2180.0,2095.0,2119.0,1050165,70151.0,67416037.842,2119.6,2119.0,IF
IF1308,20130627,2134.4,2181.4,2097.8,2121.2,12429,2378.0,799460.616,2121.8,2121.8,IF
IF1309,20130627,2136.4,2185.4,2104.2,2127.0,35816,15525.0,2308444.518,2127.8,2125.8,IF
IF1312,20130627,2154.6,2204.6,2125.0,2147.6,3761,3203.0,244501.308,2148.2,2146.6,IF
IF1307,20130628,2116.0,2217.8,2098.0,2168.6,1253068,59806.0,80874561.174,2144.6,2119.6,IF
IF1308,20130628,2124.0,2217.2,2100.0,2163.2,16881,2674.0,1090932.33,2144.2,2121.8,IF
IF1309,20130628,2130.0,2218.0,2106.6,2171.0,47052,13669.0,3045677.742,2150.4,2127.8,IF
IF1312,20130628,2145.6,2236.2,2126.4,2190.2,5502,3758.0,359364.6,2166.8,2148.2,IF
IF1307,20130701,2158.0,2173.8,2106.8,2163.4,932091,59268.0,60060985.704,2162.2,2144.6,IF
IF1308,20130701,2158.0,2168.2,2107.0,2159.0,11307,3470.0,728280.39,2158.8,2144.2,IF
IF1309,20130701,2160.6,2174.8,2112.2,2163.4,30564,14558.0,1972328.106,2163.8,2150.4,IF
IF1312,20130701,2185.6,2191.8,2133.0,2183.4,3329,3884.0,216541.59,2180.4,2166.8,IF
IF1307,20130702,2170.0,2173.4,2133.0,2161.4,889217,59207.0,57506589.78,2160.0,2162.2,IF
IF1308,20130702,2159.0,2168.4,2129.4,2155.0,10063,3914.0,649572.288,2155.4,2158.8,IF
IF1309,20130702,2171.0,2173.0,2133.0,2157.2,28618,15903.0,1849820.676,2155.8,2163.8,IF
IF1312,20130702,2189.0,2189.8,2157.4,2176.0,2845,3833.0,185534.118,2176.2,2180.4,IF
IF1307,20130703,2150.4,2162.6,2109.6,2146.0,936496,60286.0,60072125.322,2152.8,2160.0,IF
IF1308,20130703,2155.0,2155.0,2104.0,2132.0,12928,4331.0,826007.01,2138.2,2155.4,IF
IF1309,20130703,2150.0,2153.6,2106.8,2131.4,30044,16811.0,1920183.396,2136.4,2155.8,IF
IF1312,20130703,2175.6,2175.6,2127.6,2151.0,3184,3779.0,205333.656,2155.8,2176.2,IF
IF1307,20130704,2140.6,2203.0,2122.2,2171.0,1118878,61103.0,72581494.338,2169.2,2152.8,IF
IF1308,20130704,2132.6,2199.8,2108.6,2153.2,18170,5989.0,1170696.45,2153.4,2138.2,IF
IF1309,20130704,2131.4,2180.0,2109.8,2155.6,39691,17916.0,2554811.382,2152.8,2136.4,IF
IF1312,20130704,2154.6,2197.2,2127.6,2168.8,4034,3779.0,261405.558,2169.6,2155.8,IF
IF1307,20130705,2180.0,2205.0,2170.2,2173.6,881296,62511.0,57744261.264,2175.8,2169.2,IF
IF1308,20130705,2160.2,2182.0,2152.0,2152.8,13242,7015.0,860252.544,2156.4,2153.4,IF
IF1309,20130705,2159.6,2179.2,2152.6,2153.6,29207,18452.0,1895854.992,2157.0,2152.8,IF
IF1312,20130705,2174.6,2192.6,2168.0,2169.4,2821,4099.0,184317.192,2171.4,2169.6,IF
IF1307,20130708,2145.0,2165.0,2104.0,2128.8,872452,60003.0,55906876.83,2130.4,2175.8,IF
IF1308,20130708,2139.0,2139.6,2087.4,2107.2,19539,7436.0,1240493.046,2109.4,2156.4,IF
IF1309,20130708,2138.0,2138.8,2088.0,2101.0,33316,19635.0,2113365.984,2107.0,2157.0,IF
IF1312,20130708,2159.0,2159.0,2105.0,2115.2,3789,4383.0,241841.064,2118.2,2171.4,IF
IF1307,20130709,2135.0,2144.0,2122.8,2127.2,640361,59456.0,41007230.658,2133.2,2130.4,IF
IF1308,20130709,2110.4,2119.8,2102.0,2105.4,14693,8808.0,931059.714,2110.6,2109.4,IF
IF1309,20130709,2107.0,2115.6,2095.2,2095.4,21600,20439.0,1365207.684,2103.6,2107.0,IF
IF1312,20130709,2118.2,2127.0,2106.0,2106.0,1917,4621.0,121783.008,2112.6,2118.2,IF
IF1307,20130710,2117.0,2207.0,2112.0,2204.0,1026508,62035.0,66392371.272,2184.4,2133.2,IF
IF1308,20130710,2106.6,2178.2,2091.0,2176.8,29032,10290.0,1858469.076,2158.0,2110.6,IF
IF1309,20130710,2095.4,2162.8,2083.4,2160.6,36824,20530.0,2342984.748,2143.4,2103.6,IF
IF1312,20130710,2109.0,2166.2,2096.4,2165.8,4128,4790.0,263308.692,2147.0,2112.6,IF
IF1307,20130711,2215.0,2360.8,2211.0,2321.0,1176960,51385.0,80613938.424,2317.2,2184.4,IF
IF1308,20130711,2194.0,2348.0,2185.8,2309.4,62606,12515.0,4251192.792,2300.6,2158.0,IF
IF1309,20130711,2180.0,2343.8,2169.4,2308.8,67051,19717.0,4528304.412,2299.4,2143.4,IF
IF1312,20130711,2167.2,2347.4,2167.2,2314.6,7368,4746.0,498378.222,2305.0,2147.0,IF
IF1307,20130712,2318.0,2325.6,2255.0,2277.0,776084,42672.0,53447402.958,2270.8,2317.2,IF
IF1308,20130712,2307.4,2310.6,2244.2,2261.6,52268,13224.0,3579889.854,2259.0,2300.6,IF
IF1309,20130712,2308.6,2313.6,2247.8,2263.2,41014,19093.0,2811557.856,2260.8,2299.4,IF
IF1312,20130712,2312.0,2316.6,2259.4,2273.8,6069,5336.0,417747.54,2269.8,2305.0,IF
IF1307,20130715,2297.6,2342.0,2266.0,2291.4,934391,40050.0,64454935.56,2290.8,2270.8,IF
IF1308,20130715,2278.8,2330.0,2256.2,2283.8,109374,17703.0,7515963.306,2283.2,2259.0,IF
IF1309,20130715,2275.0,2324.4,2259.0,2283.0,43961,19537.0,3019781.034,2281.6,2260.8,IF
IF1312,20130715,2279.6,2327.2,2270.0,2287.8,5341,5203.0,368240.916,2286.2,2269.8,IF
IF1307,20130716,2287.6,2311.8,2261.2,2305.0,833735,34210.0,57244596.576,2297.8,2290.8,IF
IF1308,20130716,2285.0,2295.0,2250.2,2289.8,148199,25311.0,10118542.326,2281.4,2283.2,IF
IF1309,20130716,2287.2,2288.8,2252.6,2287.4,34763,20050.0,2372489.616,2279.0,2281.6,IF
IF1312,20130716,2288.0,2293.4,2260.8,2291.6,3428,5319.0,234431.766,2284.2,2286.2,IF
IF1307,20130717,2295.4,2325.8,2275.6,2282.4,712757,22596.0,49163358.324,2283.0,2297.8,IF
IF1308,20130717,2279.6,2317.4,2262.0,2264.2,335868,36341.0,23066761.962,2270.6,2281.4,IF
IF1309,20130717,2280.0,2311.4,2264.0,2265.0,44271,21452.0,3038494.722,2272.0,2279.0,IF
IF1312,20130717,2292.0,2311.8,2269.6,2270.0,4721,5373.0,324331.788,2275.6,2284.2,IF
IF1307,20130718,2275.6,2282.6,2233.2,2243.4,218387,11648.0,14770532.892,2249.0,2283.0,IF
IF1308,20130718,2265.2,2268.8,2213.0,2229.6,746212,43230.0,50074307.934,2232.8,2270.6,IF
IF1309,20130718,2260.0,2268.6,2216.6,2229.2,38041,21560.0,2554895.394,2233.4,2272.0,IF
IF1312,20130718,2267.8,2272.2,2223.0,2236.2,4141,5413.0,278847.342,2240.0,2275.6,IF
IF1307,20130719,2251.8,2257.8,2216.8,2217.0,70856,0.0,4762828.56,2216.81,2249.0,IF
IF1308,20130719,2236.2,2244.4,2148.8,2155.0,922230,59882.0,61091664.336,2166.0,2232.8,IF
IF1309,20130719,2233.4,2244.6,2146.4,2151.4,50058,22274.0,3309882.372,2165.0,2233.4,IF
IF1312,20130719,2237.8,2251.8,2156.8,2163.0,6075,5676.0,401954.766,2173.0,2240.0,IF
IF1308,20130722,2140.0,2181.4,2124.0,2168.0,852452,59841.0,55217312.616,2170.0,2166.0,IF
IF1309,20130722,2143.6,2174.6,2122.0,2162.0,40828,22411.0,2635021.278,2163.2,2165.0,IF
IF1312,20130722,2163.0,2182.8,2134.8,2173.2,4776,5929.0,309622.38,2174.2,2173.0,IF
IF1403,20130722,2167.2,2194.0,2146.6,2184.8,861,219.0,56091.51,2185.6,2173.0,IF
IF1308,20130723,2171.6,2269.2,2171.6,2243.0,1123777,58776.0,75305341.53,2238.6,2170.0,IF
IF1309,20130723,2165.6,2259.2,2165.6,2236.6,70996,21357.0,4740941.814,2231.0,2163.2,IF
IF1312,20130723,2174.0,2268.0,2174.0,2244.2,8781,5731.0,588958.59,2240.2,2174.2,IF
IF1403,20130723,2191.4,2279.8,2190.0,2257.8,795,359.0,53585.97,2250.4,2185.6,IF
IF1308,20130724,2228.6,2242.8,2171.2,2232.4,980054,58908.0,65075970.144,2230.6,2238.6,IF
IF1309,20130724,2230.8,2235.2,2164.0,2223.2,60001,21426.0,3966550.92,2221.0,2231.0,IF
IF1312,20130724,2240.6,2242.0,2175.0,2228.0,9984,6248.0,662102.412,2226.8,2240.2,IF
IF1403,20130724,2239.0,2254.8,2185.8,2241.6,1041,410.0,69450.672,2239.0,2250.4,IF
IF1308,20130725,2227.8,2259.8,2191.0,2209.8,1113890,56908.0,74370938.688,2220.0,2230.6,IF
IF1309,20130725,2215.0,2249.8,2183.8,2201.4,72784,22363.0,4842985.542,2212.0,2221.0,IF
IF1312,20130725,2225.2,2255.4,2187.8,2204.2,11049,6487.0,736335.246,2214.2,2226.8,IF
IF1403,20130725,2241.0,2264.8,2200.0,2214.8,1021,536.0,68321.166,2221.0,2239.0,IF
IF1308,20130726,2200.8,2218.2,2171.6,2192.0,879735,55903.0,58008108.828,2195.4,2220.0,IF
IF1309,20130726,2196.0,2208.4,2165.6,2184.2,49418,22175.0,3246006.282,2187.4,2212.0,IF
IF1312,20130726,2203.0,2208.4,2170.0,2183.8,5594,6567.0,367548.966,2186.0,2214.2,IF
IF1403,20130726,2200.0,2215.4,2178.0,2194.8,671,571.0,44242.488,2195.6,2221.0,IF
IF1308,20130729,2169.0,2169.8,2126.4,2163.6,761328,61406.0,49051968.378,2143.6,2195.4,IF
IF1309,20130729,2160.0,2160.0,2119.0,2151.0,47343,23394.0,3039782.358,2135.4,2187.4,IF
IF1312,20130729,2168.8,2168.8,2125.0,2156.0,6188,6745.0,397977.348,2141.6,2186.0,IF
IF1403,20130729,2166.2,2171.4,2133.0,2165.8,801,589.0,51691.812,2148.0,2195.6,IF
IF1308,20130730,2158.0,2212.0,2144.2,2168.2,940386,65684.0,61266986.472,2165.6,2143.6,IF
IF1309,20130730,2149.0,2198.8,2136.0,2155.0,55885,23405.0,3625326.864,2154.8,2135.4,IF
IF1312,20130730,2154.6,2200.0,2139.8,2160.0,6143,6798.0,399653.784,2159.2,2141.6,IF
IF1403,20130730,2160.2,2214.0,2150.0,2171.8,1069,767.0,69838.068,2170.8,2148.0,IF
IF1308,20130731,2179.8,2224.0,2162.0,2165.0,887075,65439.0,58179128.724,2170.0,2165.6,IF
IF1309,20130731,2163.0,2208.8,2153.8,2155.0,51900,24032.0,3387767.07,2159.8,2154.8,IF
IF1312,20130731,2164.6,2213.0,2158.2,2159.6,5728,6837.0,374932.602,2165.0,2159.2,IF
IF1403,20130731,2180.0,2222.2,2170.2,2172.0,860,817.0,56549.88,2176.4,2170.8,IF
IF1308,20130801,2174.0,2246.0,2173.6,2244.2,1118932,67542.0,74247386.604,2225.0,2170.0,IF
IF1309,20130801,2165.0,2233.6,2164.8,2231.6,72254,23206.0,4770512.61,2214.0,2159.8,IF
IF1312,20130801,2168.0,2239.0,2166.0,2235.8,8023,6667.0,530901.126,2216.2,2165.0,IF
IF1403,20130801,2178.0,2249.8,2178.0,2249.8,1144,891.0,76170.378,2233.4,2176.4,IF
IF1308,20130802,2254.8,2271.6,2229.2,2240.0,859756,60364.0,57984135.636,2239.4,2225.0,IF
IF1309,20130802,2240.0,2259.8,2220.2,2230.4,54857,24918.0,3684302.19,2229.4,2214.0,IF
IF1312,20130802,2241.4,2262.6,2224.0,2233.0,5230,6653.0,352015.398,2233.0,2216.2,IF
IF1403,20130802,2255.8,2275.0,2236.6,2246.0,961,1046.0,65020.218,2245.0,2233.4,IF
IF1308,20130805,2244.8,2274.4,2228.8,2265.8,833863,64187.0,56262331.35,2264.4,2239.4,IF
IF1309,20130805,2236.0,2265.0,2222.0,2256.8,58897,25363.0,3960083.826,2256.2,2229.4,IF
IF1312,20130805,2238.8,2264.4,2224.2,2256.8,5670,6837.0,381521.952,2256.0,2233.0,IF
IF1403,20130805,2243.0,2271.8,2236.8,2266.2,1067,1194.0,72268.176,2264.6,2245.0,IF
IF1308,20130806,2261.6,2299.0,2241.8,2278.8,887686,64816.0,60373554.24,2288.0,2264.4,IF
IF1309,20130806,2261.0,2288.0,2234.0,2270.4,65851,26474.0,4462537.302,2278.2,2256.2,IF
IF1312,20130806,2259.6,2286.0,2235.0,2270.0,6336,7123.0,429152.172,2276.2,2256.0,IF
IF1403,20130806,2276.2,2289.6,2245.0,2276.2,1326,1369.0,90178.062,2282.0,2264.6,IF
IF1308,20130807,2272.4,2310.0,2256.2,2258.4,970873,61995.0,66617530.272,2270.0,2288.0,IF
IF1309,20130807,2259.0,2299.0,2247.0,2249.6,76206,27154.0,5207696.118,2260.0,2278.2,IF
IF1312,20130807,2260.0,2296.0,2247.2,2249.4,7324,7243.0,500273.196,2259.2,2276.2,IF
IF1403,20130807,2272.0,2302.4,2252.2,2253.4,759,1400.0,51954.168,2263.8,2282.0,IF
IF1308,20130808,2270.0,2296.0,2254.8,2265.4,844524,60291.0,57581887.386,2263.6,2270.0,IF
IF1309,20130808,2260.0,2287.2,2247.2,2259.2,71475,29231.0,4856404.428,2256.6,2260.0,IF
IF1312,20130808,2259.8,2286.0,2248.0,2259.6,7460,7163.0,506691.192,2256.0,2259.2,IF
IF1403,20130808,2259.8,2291.6,2255.6,2263.0,1141,1374.0,77638.284,2262.4,2263.8,IF
IF1308,20130809,2272.0,2297.8,2235.4,2288.2,985805,55338.0,67242372.018,2279.0,2263.6,IF
IF1309,20130809,2268.0,2289.4,2230.2,2280.2,94070,31122.0,6395741.016,2271.0,2256.6,IF
IF1312,20130809,2264.6,2290.0,2235.6,2279.4,10503,7226.0,714552.624,2272.8,2256.0,IF
IF1403,20130809,2279.8,2296.0,2244.0,2289.2,1279,1286.0,87325.74,2279.2,2262.4,IF
IF1308,20130812,2294.6,2358.8,2289.4,2348.4,923594,56694.0,64388333.646,2347.4,2279.0,IF
IF1309,20130812,2288.0,2352.6,2282.6,2344.0,142396,41769.0,9897079.824,2340.8,2271.0,IF
IF1312,20130812,2284.6,2350.8,2283.6,2344.2,10062,7166.0,699179.532,2340.8,2272.8,IF
IF1403,20130812,2294.8,2351.2,2290.2,2346.4,1677,1545.0,117250.626,2343.6,2279.2,IF
IF1308,20130813,2359.6,2362.0,2338.4,2354.6,607564,39953.0,42811760.91,2352.4,2347.4,IF
IF1309,20130813,2349.0,2357.6,2335.8,2355.0,141471,51187.0,9954041.322,2349.8,2340.8,IF
IF1312,20130813,2355.0,2356.6,2336.6,2355.0,5056,7311.0,355884.672,2350.4,2340.8,IF
IF1403,20130813,2349.8,2358.4,2340.0,2356.6,723,1604.0,50960.124,2354.4,2343.6,IF
IF1308,20130814,2359.0,2389.8,2336.0,2349.0,396091,18205.0,28080761.034,2349.0,2352.4,IF
IF1309,20130814,2363.0,2394.8,2342.6,2353.4,583797,70809.0,41474340.312,2354.4,2349.8,IF
IF1312,20130814,2364.6,2398.0,2350.2,2360.0,10091,7274.0,718573.992,2360.8,2350.4,IF
IF1403,20130814,2341.0,2407.0,2341.0,2368.6,1876,1732.0,134069.292,2371.4,2354.4,IF
IF1308,20130815,2349.0,2359.6,2314.4,2324.2,124573,9874.0,8753225.232,2325.4,2349.0,IF
IF1309,20130815,2360.0,2369.4,2318.0,2329.6,732032,75792.0,51530423.544,2329.4,2354.4,IF
IF1312,20130815,2364.6,2376.0,2327.8,2338.8,10007,7060.0,707050.056,2338.0,2360.8,IF
IF1403,20130815,2364.0,2386.4,2337.0,2347.6,1486,1846.0,105245.334,2347.2,2371.4,IF
IF1308,20130816,2310.0,2399.8,2294.8,2330.0,76605,0.0,5360851.368,2330.22,2325.4,IF
IF1309,20130816,2319.8,2408.0,2283.0,2286.2,1220406,81087.0,85220304.204,2302.0,2329.4,IF
IF1312,20130816,2327.6,2417.8,2296.2,2298.8,26718,7947.0,1878344.94,2310.6,2338.0,IF
IF1403,20130816,2340.2,2426.4,2302.8,2307.6,3184,2111.0,224572.554,2317.8,2347.2,IF
IF1309,20130819,2283.0,2348.0,2275.8,2329.4,893124,84364.0,62009142.696,2331.4,2302.0,IF
IF1310,20130819,2288.8,2351.2,2280.0,2334.6,9829,1273.0,682970.694,2335.8,2302.0,IF
IF1312,20130819,2278.0,2356.2,2278.0,2340.2,16956,7858.0,1182363.606,2341.2,2310.6,IF
IF1403,20130819,2280.0,2369.6,2280.0,2352.4,1664,2226.0,116575.902,2351.2,2317.8,IF
IF1309,20130820,2325.0,2358.0,2298.8,2308.6,905244,85443.0,63247036.44,2307.6,2331.4,IF
IF1310,20130820,2333.6,2361.8,2304.6,2314.6,8512,1616.0,596048.58,2312.2,2335.8,IF
IF1312,20130820,2336.0,2367.6,2310.2,2320.6,14741,7992.0,1034831.712,2318.8,2341.2,IF
IF1403,20130820,2348.6,2376.4,2320.2,2329.0,1176,2225.0,82813.392,2326.8,2351.2,IF
IF1309,20130821,2321.0,2329.6,2288.8,2314.0,908202,84422.0,62878932.876,2307.2,2307.6,IF
IF1310,20130821,2314.8,2334.2,2294.2,2317.4,7017,1718.0,486869.394,2311.8,2312.2,IF
IF1312,20130821,2326.6,2339.8,2301.2,2325.0,14201,8027.0,988182.156,2318.6,2318.8,IF
IF1403,20130821,2329.8,2348.6,2311.8,2334.0,1517,2235.0,105964.662,2327.8,2326.8,IF
IF1309,20130822,2299.8,2336.0,2297.0,2309.0,853021,88103.0,59286652.47,2307.0,2307.2,IF
IF1310,20130822,2309.0,2339.4,2302.2,2313.2,7683,2574.0,534957.714,2311.2,2311.8,IF
IF1312,20130822,2305.6,2345.0,2305.6,2320.4,12958,8129.0,905017.554,2318.0,2318.6,IF
IF1403,20130822,2325.2,2353.6,2317.6,2328.0,984,2269.0,68990.892,2328.0,2327.8,IF
IF1309,20130823,2323.0,2328.6,2243.6,2279.2,884883,88383.0,60890179.098,2283.8,2307.0,IF
IF1310,20130823,2348.0,2348.0,2249.4,2283.0,9700,3118.0,667546.434,2287.6,2311.2,IF
IF1312,20130823,2344.6,2344.6,2258.0,2290.2,17749,8188.0,1225033.164,2294.4,2318.0,IF
IF1403,20130823,2352.0,2352.0,2272.0,2302.0,1638,2267.0,113453.088,2307.0,2328.0,IF
IF1309,20130826,2300.2,2344.0,2285.2,2340.0,924234,92353.0,64330748.172,2337.0,2283.8,IF
IF1310,20130826,2299.0,2347.6,2290.2,2345.6,10990,3528.0,765774.564,2341.0,2287.6,IF
IF1312,20130826,2308.2,2354.6,2298.4,2350.2,16593,8203.0,1159731.87,2347.0,2294.4,IF
IF1403,20130826,2315.0,2363.0,2312.0,2362.0,1304,2355.0,91561.578,2358.4,2307.0,IF
IF1309,20130827,2340.0,2347.0,2318.6,2338.4,667709,83662.0,46737783.99,2336.2,2337.0,IF
IF1310,20130827,2340.8,2350.8,2323.2,2342.0,9398,3474.0,659012.748,2340.0,2341.0,IF
IF1312,20130827,2353.0,2358.0,2330.6,2349.2,10878,8134.0,765311.118,2347.2,2347.0,IF
IF1403,20130827,2360.2,2367.8,2342.0,2362.0,749,2268.0,52910.226,2358.6,2358.4,IF
IF1309,20130828,2329.8,2347.8,2288.8,2322.8,934856,82229.0,65216328.648,2329.8,2336.2,IF
IF1310,20130828,2335.8,2354.0,2298.6,2326.6,13140,4040.0,918399.954,2333.4,2340.0,IF
IF1312,20130828,2335.0,2358.0,2306.2,2333.8,18218,8123.0,1276585.458,2340.4,2347.2,IF
IF1403,20130828,2355.0,2369.4,2319.8,2344.6,1439,2302.0,101307.624,2351.8,2358.6,IF
IF1309,20130829,2333.6,2343.8,2295.6,2314.8,883943,77581.0,61460228.022,2314.2,2329.8,IF
IF1310,20130829,2330.4,2347.0,2299.0,2318.0,16215,3923.0,1129212.612,2317.4,2333.4,IF
IF1312,20130829,2342.0,2353.8,2308.0,2326.0,15639,8208.0,1092557.046,2325.0,2340.4,IF
IF1403,20130829,2348.2,2364.0,2319.8,2337.0,897,2363.0,62927.766,2336.6,2351.8,IF
IF1309,20130830,2310.2,2328.0,2290.4,2302.2,909314,77539.0,63029639.778,2302.2,2314.2,IF
IF1310,20130830,2314.6,2331.0,2294.2,2304.6,13680,4215.0,949377.264,2305.4,2317.4,IF
IF1312,20130830,2330.0,2338.8,2302.6,2312.8,14576,8387.0,1015007.994,2313.2,2325.0,IF
IF1403,20130830,2335.2,2348.6,2315.0,2325.2,1211,2404.0,84718.194,2324.4,2336.6,IF
IF1309,20130902,2316.0,2329.2,2291.8,2329.2,810715,78931.0,56182882.962,2315.2,2302.2,IF
IF1310,20130902,2315.4,2330.8,2295.4,2330.2,13511,4850.0,937521.402,2318.6,2305.4,IF
IF1312,20130902,2318.8,2338.0,2303.4,2332.0,14575,8574.0,1014737.76,2327.0,2313.2,IF
IF1403,20130902,2330.0,2349.8,2315.0,2349.8,1103,2475.0,77196.246,2339.2,2324.4,IF
IF1309,20130903,2334.2,2354.0,2320.8,2349.0,845034,78642.0,59296743.552,2348.2,2315.2,IF
IF1310,20130903,2334.6,2356.0,2324.0,2351.8,17373,5120.0,1220487.888,2350.4,2318.6,IF
IF1312,20130903,2338.0,2363.0,2331.6,2359.4,14702,8864.0,1035996.978,2358.6,2327.0,IF
IF1403,20130903,2398.8,2398.8,2343.4,2369.2,1583,2593.0,112038.048,2368.2,2339.2,IF
IF1309,20130904,2349.0,2352.0,2339.4,2342.6,519443,75542.0,36553983.612,2345.0,2348.2,IF
IF1310,20130904,2355.0,2355.0,2342.4,2344.0,7667,5522.0,540078.504,2347.0,2350.4,IF
IF1312,20130904,2357.0,2361.6,2350.2,2351.8,7053,8934.0,498459.276,2354.2,2358.6,IF
IF1403,20130904,2389.8,2389.8,2351.4,2362.6,1078,2719.0,76539.42,2365.0,2368.2,IF
IF1309,20130905,2349.0,2349.8,2329.2,2341.8,597405,73915.0,41927805.27,2340.6,2345.0,IF
IF1310,20130905,2350.0,2351.0,2331.8,2342.0,10826,6106.0,760330.86,2341.2,2347.0,IF
IF1312,20130905,2354.2,2359.0,2340.0,2348.4,8186,8926.0,576939.936,2349.8,2354.2,IF
IF1403,20130905,2364.8,2368.2,2350.0,2360.8,792,2769.0,56054.334,2360.4,2365.0,IF
IF1309,20130906,2334.2,2359.0,2330.6,2355.2,691661,73442.0,48642894.984,2351.6,2340.6,IF
IF1310,20130906,2340.8,2358.2,2331.2,2355.8,16989,6674.0,1195311.498,2351.8,2341.2,IF
IF1312,20130906,2348.4,2365.6,2340.4,2362.6,10532,9093.0,743612.532,2360.2,2349.8,IF
IF1403,20130906,2354.8,2377.0,2350.6,2373.8,889,2779.0,63085.134,2371.4,2360.4,IF
TF1312,20130906,94.22,94.54,94.14,94.17,34248,2625.0,3231067.288,94.192,94.168,TF
TF1403,20130906,94.694,94.694,94.2,94.288,1840,218.0,173856.172,94.312,94.188,TF
TF1406,20130906,94.9,94.9,94.306,94.344,547,116.0,51735.122,94.358,94.218,TF
IF1309,20130909,2363.0,2447.6,2361.4,2434.8,867771,75449.0,62839376.124,2437.0,2351.6,IF
IF1310,20130909,2366.0,2447.4,2362.6,2436.4,40105,9943.0,2904987.516,2437.8,2351.8,IF
IF1312,20130909,2370.6,2451.0,2369.8,2442.4,18447,9724.0,1338124.572,2442.4,2360.2,IF
IF1403,20130909,2374.8,2459.6,2374.8,2453.8,2181,3043.0,159041.514,2451.8,2371.4,IF
TF1312,20130909,94.156,94.156,93.858,93.906,11831,2797.0,1111516.426,93.916,94.192,TF
TF1403,20130909,94.26,94.26,93.982,94.0,855,234.0,80425.426,94.022,94.312,TF
TF1406,20130909,94.306,94.306,94.048,94.07,124,111.0,11670.49,94.074,94.358,TF
IF1309,20130910,2437.6,2475.8,2433.4,2472.6,638193,74151.0,46848219.378,2459.2,2437.0,IF
IF1310,20130910,2437.8,2477.2,2435.6,2475.0,33294,12668.0,2446443.702,2461.0,2437.8,IF
IF1312,20130910,2446.8,2483.2,2439.8,2481.4,12342,10225.0,908829.72,2468.0,2442.4,IF
IF1403,20130910,2457.0,2493.6,2451.2,2491.0,1098,2965.0,81199.17,2478.8,2451.8,IF
TF1312,20130910,93.87,93.916,93.806,93.842,5375,2708.0,504553.84,93.846,93.916,TF
TF1403,20130910,94.0,94.0,93.9,93.93,311,154.0,29222.472,93.926,94.022,TF
TF1406,20130910,94.072,94.074,93.98,94.008,78,89.0,7335.398,94.008,94.074,TF
IF1309,20130911,2479.0,2497.6,2467.6,2480.8,681874,73110.0,50789689.986,2478.0,2459.2,IF
IF1310,20130911,2485.0,2501.0,2471.8,2484.0,42446,17496.0,3166962.414,2481.2,2461.0,IF
IF1312,20130911,2488.0,2508.0,2479.4,2491.0,13039,10738.0,975645.366,2488.2,2468.0,IF
IF1403,20130911,2493.2,2517.6,2493.2,2502.8,1718,3142.0,129135.744,2502.4,2478.8,IF
TF1312,20130911,93.718,93.78,93.494,93.598,8830,3293.0,826583.424,93.556,93.846,TF
TF1403,20130911,93.792,93.86,93.596,93.688,348,221.0,32607.62,93.63,93.926,TF
TF1406,20130911,93.962,93.962,93.698,93.766,72,85.0,6753.724,93.732,94.008,TF
IF1309,20130912,2480.8,2525.0,2471.0,2503.4,808410,70000.0,60546708.852,2510.2,2478.0,IF
IF1310,20130912,2484.2,2527.4,2474.4,2506.6,64818,21855.0,4866330.75,2513.2,2481.2,IF
IF1312,20130912,2482.0,2533.0,2480.2,2514.8,15770,11103.0,1186514.238,2520.4,2488.2,IF
IF1403,20130912,2504.0,2544.4,2491.8,2524.0,1521,3247.0,114885.684,2530.0,2502.4,IF
TF1312,20130912,93.59,93.83,93.59,93.728,8379,2871.0,785382.346,93.752,93.556,TF
TF1403,20130912,93.706,93.942,93.706,93.842,328,202.0,30779.412,93.868,93.63,TF
TF1406,20130912,93.796,94.0,93.796,93.926,57,100.0,5353.122,93.95,93.732,TF
IF1309,20130913,2499.2,2512.8,2482.0,2497.2,610236,62007.0,45694720.152,2494.0,2510.2,IF
IF1310,20130913,2509.8,2514.8,2486.8,2501.2,66823,27252.0,5011185.0,2497.6,2513.2,IF
IF1312,20130913,2511.0,2522.6,2493.8,2507.4,11784,11314.0,886274.808,2505.0,2520.4,IF
IF1403,20130913,2521.0,2532.8,2505.0,2519.0,1019,3210.0,76963.146,2516.8,2530.0,IF
TF1312,20130913,93.7,93.846,93.678,93.764,6901,3000.0,647037.948,93.768,93.752,TF
TF1403,20130913,93.828,93.956,93.79,93.892,159,182.0,14924.2,93.884,93.868,TF
TF1406,20130913,93.906,94.01,93.88,93.972,31,93.0,2912.472,93.97,93.95,TF
IF1309,20130916,2505.8,2509.4,2471.0,2479.4,600405,47403.0,44797847.55,2480.6,2494.0,IF
IF1310,20130916,2504.8,2515.0,2479.4,2484.6,153057,43326.0,11452881.57,2486.4,2497.6,IF
IF1312,20130916,2509.8,2521.6,2492.4,2498.6,15890,12710.0,1194318.12,2500.2,2505.0,IF
IF1403,20130916,2524.0,2533.6,2504.6,2515.0,1252,3307.0,94621.122,2515.8,2516.8,IF
TF1312,20130916,93.764,93.938,93.74,93.854,3850,3189.0,361328.69,93.86,93.768,TF
TF1403,20130916,93.9,94.042,93.898,93.966,91,169.0,8550.938,93.98,93.884,TF
TF1406,20130916,93.964,94.096,93.964,94.052,38,93.0,3573.29,94.05,93.97,TF
IF1309,20130917,2475.0,2479.4,2431.2,2440.4,457781,30464.0,33750035.61,2438.6,2480.6,IF
IF1310,20130917,2480.0,2485.8,2438.6,2443.2,352975,55361.0,26078290.944,2444.8,2486.4,IF
IF1312,20130917,2495.6,2500.0,2455.2,2459.0,17270,13733.0,1283646.264,2461.6,2500.2,IF
IF1403,20130917,2508.2,2516.2,2470.6,2473.2,1896,3282.0,141809.07,2475.8,2515.8,IF
TF1312,20130917,93.87,94.558,93.842,94.234,22275,5022.0,2098985.08,94.244,93.86,TF
TF1403,20130917,94.002,94.648,93.98,94.044,528,166.0,49819.438,94.298,93.98,TF
TF1406,20130917,94.06,94.696,94.06,94.396,137,98.0,12926.496,94.42,94.05,TF
IF1309,20130918,2440.4,2442.6,2409.6,2432.2,175395,13052.0,12789881.784,2434.8,2438.6,IF
IF1310,20130918,2443.8,2448.2,2413.8,2437.2,608732,63379.0,44492540.64,2440.4,2444.8,IF
IF1312,20130918,2455.2,2464.0,2430.2,2451.2,14651,14049.0,1077265.794,2454.8,2461.6,IF
IF1403,20130918,2470.0,2480.2,2448.0,2471.6,1803,3538.0,133536.024,2473.8,2475.8,IF
TF1312,20130918,94.25,94.378,94.1,94.206,10692,4465.0,1007516.842,94.218,94.244,TF
TF1403,20130918,94.294,94.45,94.2,94.31,220,172.0,20747.102,94.284,94.298,TF
TF1406,20130918,94.426,94.498,94.256,94.364,68,105.0,6418.476,94.386,94.42,TF
IF1309,20130923,2434.4,2465.0,2425.2,2463.6,51166,0.0,3762442.338,2464.15,2434.8,IF
IF1310,20130923,2438.0,2483.8,2428.0,2468.8,741907,76370.0,54859440.096,2477.8,2440.4,IF
IF1312,20130923,2451.2,2497.6,2442.4,2483.0,18636,14944.0,1385626.134,2491.8,2454.8,IF
IF1403,20130923,2471.6,2517.8,2463.8,2506.2,1673,3720.0,125389.344,2512.2,2473.8,IF
TF1312,20130923,94.55,94.592,94.27,94.35,7345,4527.0,693197.146,94.36,94.218,TF
TF1403,20130923,94.6,94.6,94.37,94.438,212,194.0,20025.27,94.458,94.284,TF
TF1406,20130923,94.446,94.696,94.406,94.45,117,110.0,11056.664,94.504,94.386,TF
IF1310,20130924,2470.4,2474.0,2421.2,2448.4,771533,74656.0,56641932.702,2445.6,2477.8,IF
IF1311,20130924,2477.6,2480.8,2428.4,2455.6,3693,621.0,272027.1,2451.6,2477.8,IF
IF1312,20130924,2482.8,2488.6,2436.2,2461.2,22954,15743.0,1694967.06,2458.6,2491.8,IF
IF1403,20130924,2506.0,2511.4,2460.2,2485.2,1761,3730.0,131219.262,2482.6,2512.2,IF
TF1312,20130924,94.312,94.4,94.242,94.34,5063,4493.0,477509.446,94.33,94.36,TF
TF1403,20130924,94.422,94.45,94.314,94.43,123,202.0,11609.39,94.406,94.458,TF
TF1406,20130924,94.496,94.498,94.38,94.482,38,113.0,3589.114,94.446,94.504,TF
IF1310,20130925,2450.0,2461.2,2428.4,2434.8,688034,75385.0,50465959.518,2435.0,2445.6,IF
IF1311,20130925,2455.8,2466.8,2434.0,2438.6,3524,979.0,259028.796,2439.6,2451.6,IF
IF1312,20130925,2461.0,2473.0,2441.6,2447.0,17902,15881.0,1319755.8,2447.6,2458.6,IF
IF1403,20130925,2482.8,2495.8,2464.2,2470.4,1032,3674.0,76769.082,2468.8,2482.6,IF
TF1312,20130925,94.35,94.55,94.35,94.42,8207,4731.0,775134.314,94.43,94.33,TF
TF1403,20130925,94.444,94.602,94.444,94.49,173,202.0,16352.092,94.49,94.406,TF
TF1406,20130925,94.496,94.618,94.494,94.52,88,121.0,8320.65,94.522,94.446,TF
IF1310,20130926,2433.0,2434.2,2383.4,2391.0,779590,75323.0,56170022.802,2392.2,2435.0,IF
IF1311,20130926,2432.8,2437.8,2388.8,2394.8,5123,1382.0,370088.85,2396.6,2439.6,IF
IF1312,20130926,2442.0,2446.0,2396.0,2401.2,23551,15860.0,1705894.596,2403.4,2447.6,IF
IF1403,20130926,2465.6,2470.0,2419.0,2421.0,2103,3686.0,153539.202,2423.6,2468.8,IF
TF1312,20130926,94.448,94.614,94.448,94.572,5405,4752.0,511068.59,94.572,94.43,TF
TF1403,20130926,94.59,94.654,94.586,94.636,52,203.0,4920.53,94.638,94.49,TF
TF1406,20130926,94.546,94.668,94.546,94.668,56,133.0,5298.96,94.644,94.522,TF
IF1310,20130927,2385.2,2403.0,2380.8,2398.4,563695,68500.0,40463511.99,2397.4,2392.2,IF
IF1311,20130927,2394.2,2407.0,2386.0,2403.8,2845,1385.0,204559.428,2401.8,2396.6,IF
IF1312,20130927,2398.0,2413.0,2392.2,2408.6,14970,15541.0,1079195.064,2407.6,2403.4,IF
IF1403,20130927,2416.0,2431.8,2411.6,2428.8,1046,3701.0,76036.326,2427.2,2423.6,IF
TF1312,20130927,94.55,94.552,94.3,94.346,4453,4109.0,420224.524,94.362,94.572,TF
TF1403,20130927,94.596,94.596,94.36,94.404,103,215.0,9725.488,94.422,94.638,TF
TF1406,20130927,94.606,94.606,94.398,94.406,51,120.0,4817.232,94.422,94.644,TF
IF1310,20130930,2396.0,2424.6,2395.0,2409.6,476830,65134.0,34463938.086,2408.4,2397.4,IF
IF1311,20130930,2397.8,2428.6,2397.8,2413.2,3189,1533.0,230989.656,2413.4,2401.8,IF
IF1312,20130930,2408.4,2433.6,2405.4,2417.0,14416,15376.0,1046581.116,2418.4,2407.6,IF
IF1403,20130930,2429.6,2450.6,2427.8,2437.8,1071,3571.0,78368.142,2438.0,2427.2,IF
TF1312,20130930,94.346,94.5,94.202,94.462,3515,4094.0,331884.37,94.444,94.362,TF
TF1403,20130930,94.342,94.548,94.316,94.484,58,222.0,5479.05,94.486,94.422,TF
TF1406,20130930,94.36,94.55,94.356,94.496,48,128.0,4534.632,94.486,94.422,TF
IF1310,20131008,2401.2,2449.0,2390.4,2440.0,609153,67580.0,44284248.666,2441.4,2408.4,IF
IF1311,20131008,2413.4,2451.8,2394.2,2444.2,9084,2930.0,661582.794,2445.4,2413.4,IF
IF1312,20131008,2412.0,2452.6,2398.2,2446.2,21108,15265.0,1538920.866,2447.6,2418.4,IF
IF1403,20131008,2435.6,2472.2,2415.8,2465.0,1844,3791.0,135288.27,2467.0,2438.0,IF
TF1312,20131008,94.52,94.546,94.402,94.412,2399,3955.0,226579.948,94.422,94.444,TF
TF1403,20131008,94.564,94.576,94.462,94.462,32,221.0,3024.17,94.478,94.486,TF
TF1406,20131008,94.546,94.546,94.456,94.456,31,126.0,2929.368,94.462,94.486,TF
IF1310,20131009,2435.0,2457.8,2426.6,2457.0,542702,67189.0,39711862.794,2445.8,2441.4,IF
IF1311,20131009,2438.0,2460.0,2431.8,2458.6,8751,4261.0,641447.712,2450.0,2445.4,IF
IF1312,20131009,2447.6,2462.4,2432.6,2461.8,17452,15056.0,1280140.77,2452.6,2447.6,IF
IF1403,20131009,2462.0,2484.4,2453.6,2484.4,1278,3873.0,94464.42,2471.6,2467.0,IF
TF1312,20131009,94.33,94.4,94.282,94.362,1869,3802.0,176301.074,94.346,94.422,TF
TF1403,20131009,94.432,94.44,94.316,94.38,62,236.0,5849.78,94.368,94.478,TF
TF1406,20131009,94.406,94.406,94.348,94.396,16,119.0,1510.056,94.38,94.462,TF
IF1310,20131010,2460.0,2462.0,2417.0,2429.0,708396,63468.0,51763137.6,2427.4,2445.8,IF
IF1311,20131010,2463.4,2464.8,2422.0,2432.0,11217,5015.0,821022.078,2431.0,2450.0,IF
IF1312,20131010,2462.6,2466.8,2424.8,2436.8,24062,15953.0,1763504.826,2435.0,2452.6,IF
IF1403,20131010,2480.0,2485.4,2445.6,2454.0,1478,3967.0,109162.674,2453.6,2471.6,IF
TF1312,20131010,94.362,94.446,94.28,94.35,1506,3777.0,142099.512,94.33,94.346,TF
TF1403,20131010,94.478,94.478,94.352,94.37,21,232.0,1982.23,94.366,94.368,TF
TF1406,20131010,94.446,94.446,94.35,94.398,18,117.0,1699.11,94.386,94.38,TF
IF1310,20131011,2449.0,2473.4,2436.2,2466.0,814167,57803.0,60003926.946,2466.4,2427.4,IF
IF1311,20131011,2447.8,2476.0,2440.0,2470.6,17028,6047.0,1256814.522,2470.0,2431.0,IF
IF1312,20131011,2446.0,2480.0,2444.6,2475.4,34013,15955.0,2515264.548,2474.6,2435.0,IF
IF1403,20131011,2465.0,2500.6,2464.0,2496.8,1740,4084.0,129623.466,2496.0,2453.6,IF
TF1312,20131011,94.35,94.35,94.22,94.29,1730,3691.0,163110.13,94.294,94.33,TF
TF1403,20131011,94.352,94.352,94.258,94.328,20,236.0,1886.354,94.328,94.366,TF
TF1406,20131011,94.356,94.356,94.306,94.318,14,112.0,1320.518,94.318,94.386,TF
IF1310,20131014,2466.4,2478.2,2460.4,2468.8,598659,56124.0,44343911.826,2467.8,2466.4,IF
IF1311,20131014,2470.0,2481.4,2465.0,2474.0,27450,9721.0,2036785.476,2472.4,2470.0,IF
IF1312,20131014,2474.0,2488.0,2470.6,2480.8,25509,17615.0,1897941.126,2479.6,2474.6,IF
IF1403,20131014,2497.0,2508.6,2491.6,2501.6,1595,4199.0,119627.022,2499.6,2496.0,IF
TF1312,20131014,94.278,94.28,93.982,94.118,2493,3663.0,234613.68,94.084,94.294,TF
TF1403,20131014,94.308,94.312,94.028,94.158,64,239.0,6025.692,94.15,94.328,TF
TF1406,20131014,94.256,94.3,94.056,94.188,42,107.0,3956.208,94.188,94.318,TF
IF1310,20131015,2475.0,2479.2,2443.0,2461.4,564680,50096.0,41711429.814,2459.0,2467.8,IF
IF1311,20131015,2478.4,2484.0,2447.6,2461.8,44986,16202.0,3327746.418,2461.8,2472.4,IF
IF1312,20131015,2482.6,2490.0,2454.6,2468.2,22048,18012.0,1635849.054,2467.2,2479.6,IF
IF1403,20131015,2501.6,2509.4,2471.6,2487.2,1414,4268.0,105676.926,2486.0,2499.6,IF
TF1312,20131015,94.092,94.116,93.85,93.948,2242,3742.0,210623.148,93.942,94.084,TF
TF1403,20131015,94.102,94.102,93.922,94.044,80,240.0,7521.072,94.024,94.15,TF
TF1406,20131015,94.11,94.11,93.956,94.058,41,103.0,3855.858,94.068,94.188,TF
IF1310,20131016,2458.0,2459.0,2410.2,2426.4,653508,41233.0,47615614.908,2419.8,2459.0,IF
IF1311,20131016,2456.2,2462.0,2413.4,2424.8,133420,32509.0,9728634.708,2420.6,2461.8,IF
IF1312,20131016,2462.6,2465.8,2415.6,2427.6,31455,18670.0,2297594.922,2423.2,2467.2,IF
IF1403,20131016,2485.6,2486.8,2432.0,2441.2,2318,4315.0,170567.904,2438.4,2486.0,IF
TF1312,20131016,93.856,94.1,93.84,94.012,3253,4026.0,305679.374,94.0,93.942,TF
TF1403,20131016,93.97,94.19,93.936,94.112,72,253.0,6770.174,94.092,94.024,TF
TF1406,20131016,94.006,94.254,94.002,94.198,40,110.0,3765.584,94.196,94.068,TF
IF1310,20131017,2436.2,2439.6,2408.2,2411.0,305786,21731.0,22258217.262,2413.8,2419.8,IF
IF1311,20131017,2432.8,2440.8,2405.0,2405.2,382250,50337.0,27794357.604,2410.6,2420.6,IF
IF1312,20131017,2436.4,2442.6,2408.2,2409.0,25064,19949.0,1825729.548,2414.6,2423.2,IF
IF1403,20131017,2446.6,2456.8,2423.0,2423.0,1683,4279.0,123328.332,2429.6,2438.4,IF
TF1312,20131017,94.0,94.04,93.898,93.926,1616,4071.0,151793.306,93.93,94.0,TF
TF1403,20131017,94.058,94.076,94.016,94.04,20,255.0,1880.846,94.042,94.092,TF
TF1406,20131017,94.156,94.156,94.108,94.13,11,105.0,1035.47,94.142,94.196,TF
IF1310,20131018,2416.0,2437.8,2407.0,2428.4,68365,0.0,4970791.782,2428.16,2413.8,IF
IF1311,20131018,2406.0,2433.0,2401.2,2415.0,663579,62288.0,48169521.6,2418.0,2410.6,IF
IF1312,20131018,2405.2,2435.2,2405.0,2417.0,26449,21043.0,1922190.228,2420.6,2414.6,IF
IF1403,20131018,2429.6,2446.6,2417.2,2427.2,2540,4597.0,185505.606,2430.6,2429.6,IF
TF1312,20131018,93.924,93.946,93.812,93.886,1002,4101.0,94065.624,93.87,93.93,TF
TF1403,20131018,94.002,94.032,93.95,94.016,27,265.0,2537.778,93.996,94.042,TF
TF1406,20131018,94.106,94.136,94.056,94.092,27,107.0,2540.494,94.1,94.142,TF
IF1311,20131021,2421.0,2474.6,2414.0,2466.4,700800,70272.0,51392028.582,2468.0,2418.0,IF
IF1312,20131021,2420.2,2473.8,2416.0,2468.0,35005,21202.0,2570276.826,2468.4,2420.6,IF
IF1403,20131021,2431.2,2481.0,2427.8,2476.4,3609,4645.0,265907.352,2476.0,2430.6,IF
IF1406,20131021,2437.2,2483.4,2433.0,2477.4,1168,415.0,86109.918,2476.8,2430.6,IF
TF1312,20131021,93.886,93.948,93.814,93.858,1068,3920.0,100260.662,93.866,93.87,TF
TF1403,20131021,93.952,94.01,93.952,93.984,21,271.0,1973.708,93.984,93.996,TF
TF1406,20131021,94.146,94.146,94.07,94.104,10,106.0,941.02,94.104,94.1,TF
IF1311,20131022,2470.0,2471.4,2433.8,2446.0,609161,68616.0,44769313.002,2442.0,2468.0,IF
IF1312,20131022,2470.2,2472.8,2435.6,2447.0,28250,21372.0,2077675.326,2442.8,2468.4,IF
IF1403,20131022,2479.6,2480.2,2445.6,2454.0,2683,4701.0,198094.854,2452.4,2476.0,IF
IF1406,20131022,2479.8,2482.0,2447.8,2455.2,606,526.0,44766.774,2453.4,2476.8,IF
TF1312,20131022,93.852,93.87,93.716,93.772,2021,3656.0,189533.07,93.756,93.866,TF
TF1403,20131022,93.988,93.988,93.868,93.91,29,274.0,2723.54,93.896,93.984,TF
TF1406,20131022,94.094,94.128,94.002,94.024,23,111.0,2163.104,94.024,94.104,TF
IF1311,20131023,2448.2,2475.6,2409.2,2418.8,840645,71744.0,61488006.576,2418.8,2442.0,IF
IF1312,20131023,2450.0,2476.0,2411.2,2420.2,41496,21209.0,3038639.73,2420.2,2442.8,IF
IF1403,20131023,2464.6,2482.6,2419.4,2426.8,4303,4649.0,316086.072,2428.0,2452.4,IF
IF1406,20131023,2465.6,2484.6,2423.0,2430.8,821,658.0,60312.492,2431.0,2453.4,IF
TF1312,20131023,93.76,93.85,93.686,93.812,1846,3621.0,173147.216,93.806,93.756,TF
TF1403,20131023,93.856,93.984,93.856,93.94,56,253.0,5260.274,93.94,93.896,TF
TF1406,20131023,94.046,94.08,94.026,94.036,8,108.0,752.384,94.036,94.024,TF
IF1311,20131024,2412.8,2424.8,2395.4,2405.4,740692,74587.0,53580000.864,2404.2,2418.8,IF
IF1312,20131024,2415.0,2425.4,2397.0,2405.4,35776,21748.0,2588372.754,2404.8,2420.2,IF
IF1403,20131024,2420.0,2431.4,2403.2,2413.2,3277,4741.0,237796.254,2412.2,2428.0,IF
IF1406,20131024,2420.6,2435.4,2408.6,2416.8,692,692.0,50285.31,2416.6,2431.0,IF
TF1312,20131024,93.8,93.82,93.556,93.6,2129,3818.0,199398.924,93.606,93.806,TF
TF1403,20131024,93.88,93.894,93.75,93.778,70,290.0,6566.87,93.76,93.94,TF
TF1406,20131024,94.008,94.008,93.858,93.872,15,108.0,1408.92,93.872,94.036,TF
IF1311,20131025,2405.4,2412.6,2347.2,2360.6,812595,74187.0,58130555.814,2358.0,2404.2,IF
IF1312,20131025,2405.4,2412.6,2348.8,2360.4,40857,22273.0,2923621.176,2358.8,2404.8,IF
IF1403,20131025,2413.4,2420.2,2357.6,2369.0,3478,4842.0,249238.926,2367.0,2412.2,IF
IF1406,20131025,2415.2,2423.8,2361.4,2371.2,954,791.0,68518.86,2370.4,2416.6,IF
TF1312,20131025,93.6,93.688,93.506,93.688,2209,3661.0,206754.592,93.63,93.606,TF
TF1403,20131025,93.702,93.85,93.702,93.85,43,308.0,4032.298,93.798,93.76,TF
TF1406,20131025,93.862,93.962,93.856,93.962,13,108.0,1220.62,93.954,93.872,TF
IF1311,20131028,2364.4,2374.0,2348.6,2363.6,599572,72429.0,42486587.322,2364.8,2358.0,IF
IF1312,20131028,2362.4,2374.4,2350.0,2365.2,28885,23190.0,2048046.396,2366.2,2358.8,IF
IF1403,20131028,2374.6,2383.0,2360.0,2374.6,2790,4955.0,198559.302,2374.2,2367.0,IF
IF1406,20131028,2378.0,2385.0,2361.2,2375.6,587,939.0,41825.184,2377.2,2370.4,IF
TF1312,20131028,93.67,93.758,93.642,93.67,1640,3648.0,153661.62,93.67,93.63,TF
TF1403,20131028,93.88,93.94,93.842,93.85,51,336.0,4787.92,93.852,93.798,TF
TF1406,20131028,93.996,94.046,93.962,94.006,10,110.0,940.076,94.004,93.954,TF
IF1311,20131029,2367.0,2405.8,2328.8,2368.2,991362,70553.0,70337317.728,2356.0,2364.8,IF
IF1312,20131029,2365.8,2406.0,2330.2,2369.6,61663,23148.0,4379095.278,2356.8,2366.2,IF
IF1403,20131029,2374.8,2413.4,2340.0,2379.6,5331,4868.0,379643.256,2364.8,2374.2,IF
IF1406,20131029,2379.6,2416.6,2342.4,2380.4,1584,1095.0,112739.052,2370.4,2377.2,IF
TF1312,20131029,93.658,93.768,93.504,93.504,2602,3829.0,243640.502,93.538,93.67,TF
TF1403,20131029,93.916,93.926,93.744,93.744,47,348.0,4410.812,93.754,93.852,TF
TF1406,20131029,94.046,94.064,93.906,93.942,22,108.0,2067.858,93.936,94.004,TF
IF1311,20131030,2374.8,2400.8,2361.4,2391.8,813558,68037.0,58142687.514,2395.6,2356.0,IF
IF1312,20131030,2376.0,2400.4,2362.8,2393.0,48267,23952.0,3450102.606,2395.8,2356.8,IF
IF1403,20131030,2380.2,2408.8,2371.0,2401.0,3310,4925.0,237268.344,2404.0,2364.8,IF
IF1406,20131030,2385.0,2411.4,2375.4,2404.0,1019,1126.0,73191.498,2406.0,2370.4,IF
TF1312,20131030,93.526,93.572,93.452,93.54,1873,3774.0,175141.408,93.526,93.538,TF
TF1403,20131030,93.762,93.762,93.666,93.754,43,367.0,4029.44,93.748,93.754,TF
TF1406,20131030,93.946,93.946,93.874,93.946,8,108.0,751.334,93.946,93.936,TF
IF1311,20131031,2391.0,2391.0,2365.2,2381.0,708038,64978.0,50527519.644,2376.2,2395.6,IF
IF1312,20131031,2395.0,2395.0,2366.8,2381.6,40404,24380.0,2884942.578,2377.2,2395.8,IF
IF1403,20131031,2399.6,2400.2,2376.0,2390.4,3638,5037.0,260791.914,2386.8,2404.0,IF
IF1406,20131031,2401.2,2401.6,2378.2,2392.4,905,1221.0,64900.878,2388.8,2406.0,IF
TF1312,20131031,93.538,93.756,93.52,93.74,2171,3545.0,203336.628,93.718,93.526,TF
TF1403,20131031,93.804,93.956,93.804,93.956,14,367.0,1314.514,93.948,93.748,TF
TF1406,20131031,93.946,94.038,93.946,94.002,16,112.0,1504.01,94.008,93.946,TF
IF1311,20131101,2378.2,2398.4,2366.2,2391.4,680253,66181.0,48579099.972,2389.6,2376.2,IF
IF1312,20131101,2382.0,2398.8,2367.8,2391.8,38516,24995.0,2751884.394,2390.8,2377.2,IF
IF1403,20131101,2387.6,2408.0,2377.0,2401.0,3162,5003.0,226908.168,2400.2,2386.8,IF
IF1406,20131101,2391.0,2409.0,2379.6,2402.0,627,1297.0,45000.876,2401.8,2388.8,IF
TF1312,20131101,93.766,93.92,93.766,93.836,1713,3433.0,160746.306,93.806,93.718,TF
TF1403,20131101,94.088,94.114,93.986,94.026,48,355.0,4515.0,94.01,93.948,TF
TF1406,20131101,94.046,94.146,94.046,94.11,46,126.0,4328.9,94.108,94.008,TF
IF1311,20131104,2393.0,2409.8,2374.6,2384.0,597017,68212.0,42796864.866,2381.0,2389.6,IF
IF1312,20131104,2398.8,2410.8,2377.2,2385.6,37940,26560.0,2722358.586,2382.8,2390.8,IF
IF1403,20131104,2403.0,2419.8,2387.8,2396.0,2757,5076.0,198749.208,2392.8,2400.2,IF
IF1406,20131104,2406.8,2421.8,2389.6,2395.2,779,1401.0,56173.692,2394.8,2401.8,IF
TF1312,20131104,93.85,93.86,93.544,93.632,2025,3242.0,189745.688,93.652,93.806,TF
TF1403,20131104,94.058,94.062,93.748,93.828,35,358.0,3286.764,93.822,94.01,TF
TF1406,20131104,94.146,94.146,93.956,94.006,15,127.0,1410.37,93.994,94.108,TF
IF1311,20131105,2383.0,2389.6,2343.8,2381.4,721087,67716.0,51200672.34,2384.6,2381.0,IF
IF1312,20131105,2382.8,2390.6,2345.8,2382.6,45715,26532.0,3247864.224,2386.0,2382.8,IF
IF1403,20131105,2396.0,2401.0,2358.0,2394.0,3661,5069.0,261317.268,2396.6,2392.8,IF
IF1406,20131105,2395.2,2404.2,2359.0,2393.8,955,1496.0,68228.046,2397.2,2394.8,IF
TF1312,20131105,93.642,93.642,93.388,93.474,2428,2526.0,226978.28,93.474,93.652,TF
TF1403,20131105,93.828,93.828,93.668,93.756,94,396.0,8811.722,93.766,93.822,TF
TF1406,20131105,93.956,93.956,93.878,93.894,22,130.0,2065.972,93.92,93.994,TF
IF1311,20131106,2383.8,2384.6,2347.8,2350.8,660725,71441.0,46963487.922,2355.4,2384.6,IF
IF1312,20131106,2381.6,2385.0,2349.4,2351.8,47364,28418.0,3367959.804,2356.8,2386.0,IF
IF1403,20131106,2390.6,2396.4,2361.0,2364.0,3563,5232.0,254426.538,2367.6,2396.6,IF
IF1406,20131106,2394.8,2395.8,2360.6,2363.8,693,1521.0,49494.624,2368.0,2397.2,IF
TF1312,20131106,93.484,93.514,93.338,93.362,1932,2836.0,180469.774,93.35,93.474,TF
TF1403,20131106,93.79,93.79,93.654,93.68,34,405.0,3185.664,93.672,93.766,TF
TF1406,20131106,93.906,94.008,93.874,93.93,26,140.0,2442.528,93.954,93.92,TF
IF1311,20131107,2353.0,2359.2,2332.6,2349.4,697393,68538.0,49096536.384,2347.0,2355.4,IF
IF1312,20131107,2355.0,2360.2,2334.6,2350.0,49803,29641.0,3508585.188,2348.6,2356.8,IF
IF1403,20131107,2363.8,2370.6,2345.8,2360.6,3382,5288.0,239290.65,2359.2,2367.6,IF
IF1406,20131107,2367.0,2371.4,2346.0,2359.8,670,1572.0,47415.294,2359.0,2368.0,IF
TF1312,20131107,93.31,93.438,92.818,92.828,4139,3275.0,385082.518,92.856,93.35,TF
TF1403,20131107,93.698,93.698,93.26,93.284,152,452.0,14193.356,93.294,93.672,TF
TF1406,20131107,93.908,93.908,93.61,93.61,40,140.0,3749.964,93.644,93.954,TF
IF1311,20131108,2341.0,2348.8,2307.4,2311.2,716121,71055.0,50002758.69,2313.8,2347.0,IF
IF1312,20131108,2345.0,2350.0,2309.6,2311.6,62630,32339.0,4375301.988,2315.4,2348.6,IF
IF1403,20131108,2355.6,2360.6,2320.2,2324.4,3849,5510.0,270100.332,2325.6,2359.2,IF
IF1406,20131108,2354.0,2361.2,2321.0,2323.2,884,1648.0,62039.352,2326.4,2359.0,IF
TF1312,20131108,92.8,92.8,91.718,92.292,3139,2694.0,290364.866,92.416,92.856,TF
TF1403,20131108,93.05,93.138,92.364,92.84,267,549.0,24816.566,92.892,93.294,TF
TF1406,20131108,93.606,93.606,93.206,93.36,76,163.0,7099.992,93.398,93.644,TF
IF1311,20131111,2312.6,2325.6,2295.4,2319.2,641007,61518.0,44432154.87,2319.2,2313.8,IF
IF1312,20131111,2311.6,2323.2,2296.8,2318.4,79210,37453.0,5490826.404,2317.6,2315.4,IF
IF1403,20131111,2325.6,2331.6,2308.0,2326.6,4185,5680.0,291285.054,2326.6,2325.6,IF
IF1406,20131111,2326.4,2331.8,2309.6,2326.6,854,1776.0,59462.982,2326.8,2326.4,IF
TF1312,20131111,92.39,92.39,91.616,91.73,3901,2717.0,358325.866,91.746,92.416,TF
TF1403,20131111,92.84,92.84,92.258,92.262,255,637.0,23563.884,92.288,92.892,TF
TF1406,20131111,93.356,93.356,92.81,92.814,57,172.0,5301.988,92.828,93.398,TF
IF1311,20131112,2324.8,2346.0,2317.4,2332.6,667948,52553.0,46729120.92,2337.6,2319.2,IF
IF1312,20131112,2324.0,2341.8,2316.4,2331.4,122777,43773.0,8582034.528,2335.0,2317.6,IF
IF1403,20131112,2329.6,2348.8,2325.0,2339.6,4247,5833.0,297754.626,2342.6,2326.6,IF
IF1406,20131112,2328.0,2349.6,2327.0,2340.6,961,1846.0,67391.286,2343.8,2326.8,IF
TF1312,20131112,91.77,92.374,91.77,92.096,5568,2180.0,513259.156,92.12,91.746,TF
TF1403,20131112,92.392,92.798,92.392,92.542,350,655.0,32423.048,92.59,92.288,TF
TF1406,20131112,92.896,92.946,92.756,92.82,145,203.0,13466.24,92.798,92.828,TF
IF1311,20131113,2328.2,2329.4,2291.8,2294.4,545424,41369.0,37752715.23,2298.2,2337.6,IF
IF1312,20131113,2330.0,2330.0,2285.8,2287.6,229597,61140.0,15869267.754,2294.0,2335.0,IF
IF1403,20131113,2336.2,2337.6,2294.0,2297.6,5986,6471.0,415267.23,2301.2,2342.6,IF
IF1406,20131113,2334.0,2334.0,2295.8,2297.8,1272,1952.0,88266.63,2303.0,2343.8,IF
TF1312,20131113,92.098,92.1,91.57,91.82,3586,2422.0,329053.428,91.824,92.12,TF
TF1403,20131113,92.504,92.504,92.098,92.3,263,700.0,24260.294,92.312,92.59,TF
TF1406,20131113,92.806,92.806,92.456,92.618,62,206.0,5740.298,92.546,92.798,TF
IF1311,20131114,2296.6,2307.6,2285.4,2301.4,237983,20549.0,16401155.97,2303.0,2298.2,IF
IF1312,20131114,2289.0,2304.6,2281.6,2296.6,505154,75853.0,34762947.45,2299.8,2294.0,IF
IF1403,20131114,2301.4,2313.0,2290.4,2306.8,5824,7080.0,402159.696,2309.2,2301.2,IF
IF1406,20131114,2301.4,2315.2,2293.0,2306.8,1449,2324.0,100114.74,2310.0,2303.0,IF
TF1312,20131114,91.8,91.906,91.406,91.63,3516,2586.0,322238.684,91.656,91.824,TF
TF1403,20131114,92.256,92.36,91.98,92.16,300,778.0,27647.89,92.164,92.312,TF
TF1406,20131114,92.556,92.646,92.406,92.556,95,204.0,8790.828,92.568,92.546,TF
IF1311,20131115,2301.4,2373.0,2301.4,2359.8,98254,0.0,6911535.39,2359.51,2303.0,IF
IF1312,20131115,2300.2,2381.6,2300.2,2344.4,896123,88962.0,63216997.104,2348.2,2299.8,IF
IF1403,20131115,2309.6,2388.8,2309.6,2354.2,14476,7402.0,1024807.662,2357.0,2309.2,IF
IF1406,20131115,2309.8,2389.8,2309.8,2352.6,2714,2455.0,192350.082,2359.0,2310.0,IF
TF1312,20131115,91.6,91.6,91.262,91.318,3633,2721.0,331939.52,91.318,91.656,TF
TF1403,20131115,92.104,92.104,91.776,91.802,472,904.0,43389.54,91.83,92.164,TF
TF1406,20131115,92.506,92.506,92.312,92.32,72,184.0,6654.092,92.32,92.568,TF
IF1312,20131118,2368.0,2422.6,2356.8,2415.6,919457,95371.0,65839394.244,2412.6,2348.2,IF
IF1401,20131118,2369.0,2425.8,2360.8,2420.2,9480,1827.0,680199.276,2415.2,2348.2,IF
IF1403,20131118,2366.0,2433.0,2366.0,2427.0,15627,7651.0,1123159.44,2423.0,2357.0,IF
IF1406,20131118,2381.0,2433.2,2370.0,2428.4,2248,2818.0,161689.116,2426.4,2359.0,IF
TF1312,20131118,91.344,91.484,90.966,91.342,3387,2759.0,309156.482,91.386,91.318,TF
TF1403,20131118,91.818,91.886,91.512,91.712,342,934.0,31360.152,91.78,91.83,TF
TF1406,20131118,92.306,92.306,92.056,92.108,68,171.0,6265.79,92.128,92.32,TF
IF1312,20131119,2418.4,2421.0,2403.2,2415.2,568402,90273.0,41116348.452,2409.8,2412.6,IF
IF1401,20131119,2420.2,2424.2,2406.6,2418.4,7134,2473.0,516804.672,2413.2,2415.2,IF
IF1403,20131119,2428.2,2432.6,2416.0,2428.0,9165,8152.0,666354.69,2422.4,2423.0,IF
IF1406,20131119,2430.0,2434.0,2417.0,2430.0,1445,3079.0,105093.756,2424.0,2426.4,IF
TF1312,20131119,91.37,91.642,90.93,90.94,3584,2946.0,326964.252,91.024,91.386,TF
TF1403,20131119,91.8,92.05,91.3,91.3,367,1021.0,33648.448,91.47,91.78,TF
TF1406,20131119,92.194,92.246,91.956,91.956,30,176.0,2763.346,92.002,92.128,TF
IF1312,20131120,2418.0,2441.8,2404.4,2430.2,717558,91286.0,52051878.522,2422.0,2409.8,IF
IF1401,20131120,2421.8,2444.0,2407.4,2433.6,9638,2867.0,699947.55,2424.6,2413.2,IF
IF1403,20131120,2429.8,2454.4,2417.4,2442.8,11878,8437.0,866914.872,2434.8,2422.4,IF
IF1406,20131120,2435.2,2453.2,2419.0,2444.0,2650,3283.0,193463.106,2435.6,2424.0,IF
TF1312,20131120,90.89,91.194,90.8,91.092,3919,3088.0,356835.23,91.094,91.024,TF
TF1403,20131120,91.3,91.7,91.26,91.66,653,1216.0,59791.742,91.658,91.47,TF
TF1406,20131120,91.906,92.28,91.906,92.186,68,194.0,6264.04,92.184,92.002,TF
IF1312,20131121,2423.8,2424.8,2386.2,2414.6,746656,88455.0,53810509.602,2411.4,2422.0,IF
IF1401,20131121,2415.0,2427.0,2388.4,2415.6,9764,3270.0,704428.386,2413.8,2424.6,IF
IF1403,20131121,2440.0,2440.0,2398.4,2424.0,12422,8238.0,899608.056,2422.0,2434.8,IF
IF1406,20131121,2436.0,2436.0,2400.2,2427.8,2069,3432.0,149919.216,2424.4,2435.6,IF
TF1312,20131121,91.116,91.396,91.116,91.396,3405,2805.0,310847.624,91.334,91.094,TF
TF1403,20131121,91.7,91.998,91.7,91.98,769,1319.0,70660.814,91.932,91.658,TF
TF1406,20131121,92.246,92.44,92.246,92.37,87,176.0,8035.486,92.372,92.184,TF
IF1312,20131122,2425.0,2433.6,2396.8,2407.2,740244,90821.0,53556123.366,2405.8,2411.4,IF
IF1401,20131122,2425.4,2434.8,2398.0,2405.8,10443,3706.0,755930.82,2407.0,2413.8,IF
IF1403,20131122,2430.2,2443.0,2407.4,2415.4,12140,8506.0,882158.688,2416.0,2422.0,IF
IF1406,20131122,2428.0,2445.4,2409.4,2418.8,1447,3608.0,105266.424,2418.0,2424.4,IF
TF1312,20131122,91.4,91.788,91.3,91.604,2804,2378.0,256743.622,91.55,91.334,TF
TF1403,20131122,91.98,92.37,91.98,92.1,749,1414.0,69022.492,92.11,91.932,TF
TF1406,20131122,92.446,92.73,92.406,92.554,90,186.0,8330.872,92.578,92.372,TF
IF1312,20131125,2400.0,2426.2,2381.2,2390.2,737849,96456.0,53204293.92,2395.8,2405.8,IF
IF1401,20131125,2408.4,2425.6,2380.8,2390.2,11821,3966.0,852558.81,2396.4,2407.0,IF
IF1403,20131125,2402.2,2433.8,2391.2,2400.4,12343,8693.0,893242.266,2405.2,2416.0,IF
IF1406,20131125,2412.0,2438.8,2395.0,2404.0,2205,4270.0,159934.974,2410.2,2418.0,IF
TF1312,20131125,91.604,91.86,91.224,91.308,1858,2025.0,169770.81,91.31,91.55,TF
TF1403,20131125,92.142,92.374,91.672,91.754,808,1545.0,74190.418,91.73,92.11,TF
TF1406,20131125,92.596,92.696,92.216,92.256,107,186.0,9891.872,92.258,92.578,TF
IF1312,20131126,2388.0,2405.0,2382.4,2391.0,666446,95652.0,47897001.606,2394.2,2395.8,IF
IF1401,20131126,2388.8,2406.0,2384.2,2391.8,10452,4295.0,751512.51,2395.0,2396.4,IF
IF1403,20131126,2398.6,2414.6,2393.2,2399.6,9750,8949.0,703495.974,2403.6,2405.2,IF
IF1406,20131126,2400.4,2418.6,2395.4,2405.4,1574,4263.0,113764.314,2407.8,2410.2,IF
TF1312,20131126,91.344,91.4,91.11,91.374,1295,1821.0,118169.906,91.302,91.31,TF
TF1403,20131126,91.77,91.82,91.52,91.82,561,1649.0,51438.552,91.752,91.73,TF
TF1406,20131126,92.248,92.296,92.106,92.246,30,193.0,2765.588,92.244,92.258,TF
IF1312,20131127,2385.2,2436.2,2383.0,2422.4,816268,95635.0,59076333.972,2419.4,2394.2,IF
IF1401,20131127,2389.2,2437.0,2385.2,2423.8,15893,4894.0,1151444.208,2420.4,2395.0,IF
IF1403,20131127,2402.6,2444.0,2393.0,2431.6,13542,9239.0,984426.612,2428.4,2403.6,IF
IF1406,20131127,2405.8,2448.0,2400.4,2435.6,2098,4341.0,152815.314,2432.8,2407.8,IF
TF1312,20131127,91.384,91.878,91.384,91.766,2363,1520.0,216628.152,91.788,91.302,TF
TF1403,20131127,91.82,92.356,91.78,92.27,1681,1757.0,154883.074,92.228,91.752,TF
TF1406,20131127,92.296,92.68,92.296,92.596,80,191.0,7402.03,92.596,92.244,TF
IF1312,20131128,2426.0,2477.0,2425.0,2448.6,837429,99150.0,61591859.364,2453.2,2419.4,IF
IF1401,20131128,2421.2,2477.8,2421.2,2451.2,20759,6213.0,1527859.644,2455.8,2420.4,IF
IF1403,20131128,2434.0,2485.6,2434.0,2459.4,15701,10035.0,1158916.416,2463.0,2428.4,IF
IF1406,20131128,2439.0,2488.4,2438.6,2463.8,2678,4447.0,197978.352,2466.2,2432.8,IF
TF1312,20131128,91.846,91.97,91.556,91.888,1268,1152.0,116348.884,91.846,91.788,TF
TF1403,20131128,92.27,92.548,92.012,92.548,2300,1822.0,212271.282,92.458,92.228,TF
TF1406,20131128,92.646,92.84,92.456,92.84,50,193.0,4631.26,92.772,92.596,TF
IF1312,20131129,2452.0,2459.0,2443.4,2457.0,512085,95717.0,37657065.918,2453.2,2453.2,IF
IF1401,20131129,2455.4,2461.0,2445.8,2458.0,9617,6533.0,707762.676,2455.0,2455.8,IF
IF1403,20131129,2456.0,2468.4,2452.8,2467.2,6743,10263.0,497857.92,2462.8,2463.0,IF
IF1406,20131129,2460.6,2472.0,2459.0,2470.2,1176,4464.0,86990.082,2467.6,2466.2,IF
TF1312,20131129,92.002,92.1,91.782,91.782,897,950.0,82480.684,91.906,91.846,TF
TF1403,20131129,92.6,92.8,92.488,92.558,3391,2069.0,314138.622,92.6,92.458,TF
TF1406,20131129,92.896,93.096,92.856,92.906,67,189.0,6227.322,92.908,92.772,TF
IF1312,20131202,2440.0,2477.8,2411.6,2433.4,925918,95940.0,67823130.168,2434.0,2453.2,IF
IF1401,20131202,2433.0,2480.0,2415.0,2437.2,34742,8778.0,2547896.304,2437.2,2455.0,IF
IF1403,20131202,2452.0,2487.0,2422.4,2442.6,20941,10825.0,1540054.932,2443.8,2462.8,IF
IF1406,20131202,2459.6,2490.0,2426.6,2447.4,3871,4723.0,285126.774,2447.6,2467.6,IF
TF1312,20131202,91.724,91.724,91.282,91.282,296,903.0,27094.742,91.488,91.906,TF
TF1403,20131202,92.506,92.588,92.03,92.072,2156,2186.0,198735.586,92.12,92.6,TF
TF1406,20131202,92.856,92.856,92.52,92.52,67,189.0,6205.672,92.544,92.908,TF
IF1312,20131203,2427.8,2463.8,2423.2,2451.6,683700,95950.0,50083385.88,2455.4,2434.0,IF
IF1401,20131203,2431.0,2466.2,2427.4,2456.0,20522,9385.0,1506169.146,2458.8,2437.2,IF
IF1403,20131203,2437.0,2472.2,2434.0,2462.0,13148,11275.0,967504.38,2465.4,2443.8,IF
IF1406,20131203,2447.2,2475.0,2438.0,2464.6,2047,4815.0,150695.172,2467.4,2447.6,IF
TF1312,20131203,91.5,93.0,91.4,91.722,406,717.0,37179.466,91.7,91.488,TF
TF1403,20131203,92.1,92.33,91.85,92.286,3309,2221.0,304886.702,92.266,92.12,TF
TF1406,20131203,92.512,92.74,92.406,92.74,56,201.0,5183.464,92.67,92.544,TF
IF1312,20131204,2448.8,2500.8,2446.4,2482.2,844487,98011.0,62897138.418,2481.6,2455.4,IF
IF1401,20131204,2454.8,2504.0,2451.0,2485.8,30648,12051.0,2285809.296,2486.0,2458.8,IF
IF1403,20131204,2463.8,2509.2,2455.6,2493.6,17569,11513.0,1313680.896,2491.6,2465.4,IF
IF1406,20131204,2456.0,2512.8,2456.0,2494.4,2943,5015.0,220267.992,2494.4,2467.4,IF
TF1312,20131204,91.846,91.964,90.018,91.622,311,647.0,28517.174,91.61,91.7,TF
TF1403,20131204,92.302,92.634,92.042,92.1,3297,2275.0,304560.642,92.176,92.266,TF
TF1406,20131204,92.746,92.88,92.606,92.606,59,196.0,5473.62,92.664,92.67,TF
IF1312,20131205,2485.6,2489.2,2472.2,2483.8,548688,94268.0,40854680.646,2482.6,2481.6,IF
IF1401,20131205,2489.8,2492.8,2476.6,2486.8,17568,12264.0,1310222.532,2486.0,2486.0,IF
IF1403,20131205,2496.0,2499.8,2483.4,2493.2,9003,11891.0,673224.672,2493.2,2491.6,IF
IF1406,20131205,2496.6,2502.0,2486.0,2496.4,1328,5200.0,99433.932,2496.6,2494.4,IF
TF1312,20131205,91.57,91.732,91.15,91.368,167,560.0,15278.248,91.4,91.61,TF
TF1403,20131205,92.038,92.246,91.81,91.824,3606,2521.0,331816.05,91.876,92.176,TF
TF1406,20131205,92.556,92.596,92.31,92.31,50,204.0,4624.46,92.376,92.664,TF
IF1312,20131206,2482.2,2482.8,2457.2,2467.0,595838,92816.0,44111027.52,2465.0,2482.6,IF
IF1401,20131206,2484.6,2486.0,2461.0,2470.8,19440,12933.0,1441296.672,2468.8,2486.0,IF
IF1403,20131206,2490.0,2492.8,2468.2,2477.6,10947,12129.0,813935.04,2475.4,2493.2,IF
IF1406,20131206,2493.8,2496.8,2472.2,2481.4,1850,5477.0,137714.346,2479.8,2496.6,IF
TF1312,20131206,90.998,92.298,90.4,91.4,215,497.0,19642.31,91.374,91.4,TF
TF1403,20131206,91.84,91.966,91.756,91.918,1851,2394.0,170058.816,91.872,91.876,TF
TF1406,20131206,92.306,92.396,92.306,92.37,44,212.0,4063.816,92.382,92.376,TF
IF1312,20131209,2476.8,2489.0,2458.8,2461.4,537358,94395.0,39788678.55,2463.4,2465.0,IF
IF1401,20131209,2476.0,2493.0,2464.0,2464.2,23093,15514.0,1714209.072,2467.6,2468.8,IF
IF1403,20131209,2485.0,2499.6,2471.0,2474.0,10849,12971.0,807819.696,2475.4,2475.4,IF
IF1406,20131209,2489.6,2502.4,2475.0,2477.0,1791,5695.0,133500.174,2478.4,2479.8,IF
TF1312,20131209,91.44,91.5,91.15,91.378,78,441.0,7117.756,91.306,91.374,TF
TF1403,20131209,91.856,92.09,91.67,91.688,1850,2552.0,169806.578,91.718,91.872,TF
TF1406,20131209,92.396,92.446,92.116,92.13,78,215.0,7192.576,92.162,92.382,TF
IF1312,20131210,2462.2,2479.0,2457.0,2462.0,611202,91767.0,45235164.948,2462.4,2463.4,IF
IF1401,20131210,2464.2,2482.0,2461.6,2466.8,27470,17498.0,2036710.194,2467.0,2467.6,IF
IF1403,20131210,2475.2,2490.6,2468.6,2473.2,11342,13299.0,843565.482,2474.4,2475.4,IF
IF1406,20131210,2477.0,2493.0,2472.8,2478.0,1818,5806.0,135355.482,2477.6,2478.4,IF
TF1312,20131210,91.124,91.21,90.962,90.996,59,427.0,5373.73,91.068,91.306,TF
TF1403,20131210,91.66,91.67,91.3,91.308,3041,3000.0,278091.31,91.36,91.718,TF
TF1406,20131210,92.106,92.106,91.856,91.856,53,235.0,4874.834,91.898,92.162,TF
IF1312,20131211,2458.8,2459.0,2407.4,2421.0,587955,92030.0,42863081.256,2417.2,2462.4,IF
IF1401,20131211,2463.0,2463.6,2414.8,2425.2,36392,23111.0,2659510.188,2422.6,2467.0,IF
IF1403,20131211,2470.2,2470.8,2421.6,2431.4,11815,13413.0,866214.258,2429.8,2474.4,IF
IF1406,20131211,2475.6,2475.6,2424.0,2435.4,2524,6001.0,185255.214,2433.2,2477.6,IF
TF1312,20131211,90.8,91.044,90.648,90.8,88,401.0,7998.194,90.842,91.068,TF
TF1403,20131211,91.3,91.5,91.184,91.46,3850,2970.0,351760.31,91.394,91.36,TF
TF1406,20131211,91.806,91.994,91.506,91.932,107,241.0,9829.81,91.8,91.898,TF
IF1312,20131212,2420.0,2429.8,2412.4,2412.6,474825,88585.0,34493148.726,2418.0,2417.2,IF
IF1401,20131212,2417.4,2433.8,2417.4,2418.8,27428,24920.0,1996460.448,2423.4,2422.6,IF
IF1403,20131212,2428.4,2441.6,2424.2,2425.2,7321,13328.0,534361.86,2429.4,2429.8,IF
IF1406,20131212,2432.2,2444.2,2427.0,2427.2,1287,6105.0,94035.762,2431.8,2433.2,IF
TF1312,20131212,90.998,91.0,90.438,90.9,23,400.0,2089.73,90.898,90.842,TF
TF1403,20131212,91.55,91.888,91.504,91.782,4140,2781.0,379538.75,91.744,91.394,TF
TF1406,20131212,91.946,92.196,91.946,92.188,108,244.0,9944.378,92.142,91.8,TF
IF1312,20131213,2401.2,2428.6,2385.6,2414.2,629182,79075.0,45509008.446,2414.0,2418.0,IF
IF1401,20131213,2413.6,2433.0,2391.8,2416.8,51411,27184.0,3725343.294,2418.4,2423.4,IF
IF1403,20131213,2423.8,2438.0,2398.0,2421.6,12761,13705.0,926749.056,2424.2,2429.4,IF
IF1406,20131213,2417.0,2441.0,2401.8,2427.0,2126,6170.0,154568.07,2428.4,2431.8,IF
TF1312,20131213,90.2,91.496,90.2,90.31,29,0.0,2629.092,90.658,90.898,TF
TF1403,20131213,91.85,92.046,91.794,91.914,3247,2682.0,298461.606,91.882,91.744,TF
TF1406,20131213,92.196,92.356,92.176,92.288,85,258.0,7844.258,92.254,92.142,TF
IF1312,20131216,2410.6,2426.0,2364.2,2365.6,595506,77333.0,42711641.172,2376.2,2414.0,IF
IF1401,20131216,2416.8,2428.8,2368.0,2369.4,91415,35032.0,6568966.554,2379.4,2418.4,IF
IF1403,20131216,2413.8,2435.0,2374.6,2374.6,13740,14530.0,990356.25,2385.8,2424.2,IF
IF1406,20131216,2420.6,2436.8,2380.0,2381.2,2773,6341.0,200075.634,2389.0,2428.4,IF
TF1403,20131216,91.878,91.878,91.45,91.452,1888,2659.0,172920.274,91.52,91.882,TF
TF1406,20131216,92.256,92.256,91.956,91.962,77,240.0,7087.372,92.006,92.254,TF
TF1409,20131216,,,,92.254,0,0.0,0.0,91.892,92.254,TF
IF1312,20131217,2375.8,2376.0,2355.2,2357.8,468499,66933.0,33261991.098,2360.2,2376.2,IF
IF1401,20131217,2372.6,2380.2,2359.4,2361.6,110543,43894.0,7863028.968,2364.4,2379.4,IF
IF1403,20131217,2380.2,2387.6,2367.2,2368.8,9998,15089.0,713379.93,2372.4,2385.8,IF
IF1406,20131217,2384.6,2391.6,2370.2,2372.2,2074,6690.0,148139.01,2374.4,2389.0,IF
TF1403,20131217,91.432,91.594,91.354,91.59,2268,2735.0,207433.412,91.512,91.52,TF
TF1406,20131217,91.906,92.05,91.87,92.0,65,243.0,5976.166,91.98,92.006,TF
TF1409,20131217,92.12,92.448,92.12,92.448,17,16.0,1570.272,92.384,91.892,TF
IF1312,20131218,2355.0,2371.8,2355.0,2368.2,368545,51539.0,26138090.382,2362.8,2360.2,IF
IF1401,20131218,2362.0,2376.6,2358.0,2373.6,158426,55100.0,11260905.594,2368.6,2364.4,IF
IF1403,20131218,2363.8,2383.2,2363.8,2382.0,7444,15315.0,530653.368,2377.0,2372.4,IF
IF1406,20131218,2374.0,2386.8,2370.6,2384.6,1420,6706.0,101359.998,2378.6,2374.4,IF
TF1403,20131218,91.55,91.59,91.256,91.436,2586,2827.0,236418.822,91.468,91.512,TF
TF1406,20131218,91.978,91.978,91.8,91.91,59,251.0,5420.13,91.928,91.98,TF
TF1409,20131218,92.35,92.352,92.124,92.24,35,14.0,3228.542,92.24,92.384,TF
IF1312,20131219,2375.2,2378.0,2337.4,2341.0,216332,30785.0,15294379.566,2342.4,2362.8,IF
IF1401,20131219,2382.4,2384.8,2345.4,2349.0,533171,76660.0,37792196.358,2350.4,2368.6,IF
IF1403,20131219,2385.2,2392.0,2356.8,2360.6,14912,16527.0,1061832.996,2361.0,2377.0,IF
IF1406,20131219,2392.0,2394.4,2358.4,2362.0,2978,7278.0,212081.1,2362.6,2378.6,IF
TF1403,20131219,91.4,91.418,91.186,91.374,2991,2906.0,273043.662,91.344,91.468,TF
TF1406,20131219,91.906,91.906,91.73,91.868,109,271.0,10005.418,91.828,91.928,TF
TF1409,20131219,92.1,92.174,92.052,92.086,25,21.0,2302.872,92.128,92.24,TF
IF1312,20131220,2343.2,2347.6,2284.6,2289.2,84444,0.0,5866291.326,2290.3,2342.4,IF
IF1401,20131220,2350.0,2358.0,2294.4,2300.6,760708,95037.0,53003331.336,2301.0,2350.4,IF
IF1403,20131220,2365.4,2369.2,2311.6,2316.0,24358,17991.0,1707852.642,2316.6,2361.0,IF
IF1406,20131220,2364.0,2369.6,2316.0,2320.2,4432,7776.0,311056.71,2321.0,2362.6,IF
TF1403,20131220,91.496,91.5,91.266,91.386,1946,2885.0,177825.278,91.394,91.344,TF
TF1406,20131220,91.896,91.946,91.806,91.906,53,278.0,4868.856,91.884,91.828,TF
TF1409,20131220,92.268,92.268,92.11,92.11,3,22.0,276.534,92.132,92.128,TF
IF1401,20131223,2304.0,2314.0,2273.6,2306.0,673567,94779.0,46442676.42,2299.6,2301.0,IF
IF1402,20131223,2301.0,2320.2,2282.6,2313.8,3519,392.0,243361.242,2307.2,2301.0,IF
IF1403,20131223,2320.0,2330.8,2292.2,2323.6,17099,18275.0,1187239.092,2316.6,2316.6,IF
IF1406,20131223,2324.6,2334.4,2300.2,2328.0,2445,7922.0,170136.984,2322.2,2321.0,IF
TF1403,20131223,91.38,91.8,91.292,91.702,3675,3006.0,336508.178,91.688,91.394,TF
TF1406,20131223,91.856,92.246,91.824,92.22,77,274.0,7090.022,92.172,91.884,TF
TF1409,20131223,92.284,92.506,92.244,92.506,3,22.0,277.034,92.506,92.132,TF
IF1401,20131224,2308.6,2334.8,2281.8,2305.4,765118,95071.0,53029924.158,2297.0,2299.6,IF
IF1402,20131224,2313.8,2341.6,2290.0,2312.2,4743,698.0,329828.142,2304.0,2307.2,IF
IF1403,20131224,2324.4,2350.6,2299.6,2322.2,18129,18203.0,1265567.1,2313.0,2316.6,IF
IF1406,20131224,2332.0,2353.0,2306.0,2327.0,2819,8001.0,197234.772,2319.0,2322.2,IF
TF1403,20131224,91.746,91.998,91.586,91.65,3551,2896.0,325925.134,91.672,91.688,TF
TF1406,20131224,92.296,92.46,92.114,92.152,84,275.0,7751.638,92.188,92.172,TF
TF1409,20131224,92.698,92.698,92.554,92.554,3,23.0,277.886,92.554,92.506,TF
IF1401,20131225,2310.0,2327.8,2299.4,2319.0,722850,95373.0,50131674.282,2315.2,2297.0,IF
IF1402,20131225,2318.4,2335.0,2307.0,2327.0,3968,881.0,275972.286,2322.2,2304.0,IF
IF1403,20131225,2318.0,2343.4,2317.0,2336.8,17181,18066.0,1200399.816,2332.2,2313.0,IF
IF1406,20131225,2326.2,2347.8,2323.0,2342.4,2496,7985.0,174830.64,2338.4,2319.0,IF
TF1403,20131225,91.646,91.82,91.61,91.792,2038,2872.0,186969.358,91.738,91.672,TF
TF1406,20131225,92.156,92.306,92.156,92.238,45,279.0,4151.3,92.26,92.188,TF
TF1409,20131225,,,,92.554,0,23.0,0.0,92.62,92.554,TF
IF1401,20131226,2320.0,2324.2,2279.0,2294.0,679652,100211.0,46832213.598,2290.2,2315.2,IF
IF1402,20131226,2328.2,2331.8,2288.6,2302.4,3961,1211.0,273873.414,2298.8,2322.2,IF
IF1403,20131226,2343.8,2343.8,2297.4,2310.6,16377,18737.0,1137085.08,2308.0,2332.2,IF
IF1406,20131226,2342.4,2344.6,2306.6,2317.0,2818,8238.0,196240.488,2314.2,2338.4,IF
TF1403,20131226,91.79,91.84,91.616,91.67,1701,2832.0,156028.118,91.692,91.738,TF
TF1406,20131226,92.246,92.3,92.174,92.19,35,284.0,3228.96,92.2,92.26,TF
TF1409,20131226,92.546,92.546,92.546,92.546,1,23.0,92.546,92.546,92.62,TF
IF1401,20131227,2295.0,2346.0,2288.0,2326.8,880934,97504.0,61267950.594,2331.4,2290.2,IF
IF1402,20131227,2303.2,2353.0,2296.4,2335.4,6297,1235.0,439662.084,2340.4,2298.8,IF
IF1403,20131227,2310.2,2360.6,2305.6,2343.8,25602,18257.0,1793861.238,2347.8,2308.0,IF
IF1406,20131227,2315.2,2366.0,2313.2,2349.6,3527,8150.0,247814.232,2354.2,2314.2,IF
TF1403,20131227,91.668,91.67,91.426,91.56,1881,2809.0,172178.238,91.522,91.692,TF
TF1406,20131227,92.156,92.156,92.0,92.052,53,288.0,4879.34,92.054,92.2,TF
TF1409,20131227,92.454,92.454,92.454,92.454,1,23.0,92.454,92.454,92.546,TF
IF1401,20131230,2341.4,2344.0,2315.2,2324.2,566897,98112.0,39555991.302,2325.6,2331.4,IF
IF1402,20131230,2352.4,2352.4,2324.4,2332.8,4493,1496.0,314717.622,2334.0,2340.4,IF
IF1403,20131230,2358.8,2360.0,2333.2,2342.6,16747,18649.0,1177776.216,2343.8,2347.8,IF
IF1406,20131230,2370.0,2370.0,2341.0,2349.6,2416,8383.0,170503.242,2350.6,2354.2,IF
TF1403,20131230,91.56,91.894,91.56,91.798,1937,2851.0,177755.996,91.728,91.522,TF
TF1406,20131230,92.096,92.346,92.096,92.28,68,286.0,6274.184,92.244,92.054,TF
TF1409,20131230,92.522,92.65,92.522,92.55,5,27.0,462.952,92.55,92.454,TF
IF1401,20131231,2319.6,2355.6,2305.0,2345.0,815761,91351.0,57174263.568,2348.4,2325.6,IF
IF1402,20131231,2328.0,2363.8,2314.4,2351.6,7257,1740.0,510165.156,2356.4,2334.0,IF
IF1403,20131231,2341.8,2372.0,2323.6,2362.0,24482,18142.0,1728510.078,2365.6,2343.8,IF
IF1406,20131231,2347.8,2378.0,2331.2,2368.8,3124,8301.0,221275.542,2372.0,2350.6,IF
TF1403,20131231,91.75,91.852,91.506,91.802,2990,3318.0,274167.236,91.804,91.728,TF
TF1406,20131231,92.272,92.336,92.056,92.32,84,285.0,7744.884,92.314,92.244,TF
TF1409,20131231,92.49,92.596,92.472,92.5,5,29.0,462.558,92.5,92.55,TF
